canonical_column,source_family_file,column,family,feature,version,segment,missing_rate,non_null_count
screen__f_screen:phone_screen_rapids_countepisodeunlock:14dhist,screen,f_screen:phone_screen_rapids_countepisodeunlock:14dhist,f_screen,phone_screen_rapids_countepisodeunlock,raw,14dhist,0.21553420368535195,54620
screen__f_screen:phone_screen_rapids_sumdurationunlock:14dhist,screen,f_screen:phone_screen_rapids_sumdurationunlock:14dhist,f_screen,phone_screen_rapids_sumdurationunlock,raw,14dhist,0.21553420368535195,54620
screen__f_screen:phone_screen_rapids_maxdurationunlock:14dhist,screen,f_screen:phone_screen_rapids_maxdurationunlock:14dhist,f_screen,phone_screen_rapids_maxdurationunlock,raw,14dhist,0.21553420368535195,54620
screen__f_screen:phone_screen_rapids_mindurationunlock:14dhist,screen,f_screen:phone_screen_rapids_mindurationunlock:14dhist,f_screen,phone_screen_rapids_mindurationunlock,raw,14dhist,0.21553420368535195,54620
screen__f_screen:phone_screen_rapids_avgdurationunlock:14dhist,screen,f_screen:phone_screen_rapids_avgdurationunlock:14dhist,f_screen,phone_screen_rapids_avgdurationunlock,raw,14dhist,0.21553420368535195,54620
screen__f_screen:phone_screen_rapids_stddurationunlock:14dhist,screen,f_screen:phone_screen_rapids_stddurationunlock:14dhist,f_screen,phone_screen_rapids_stddurationunlock,raw,14dhist,0.2160799689775518,54582
screen__f_screen:phone_screen_rapids_firstuseafter00unlock:14dhist,screen,f_screen:phone_screen_rapids_firstuseafter00unlock:14dhist,f_screen,phone_screen_rapids_firstuseafter00unlock,raw,14dhist,0.21553420368535195,54620
screen__f_screen:phone_screen_rapids_countepisodeunlock_locmap_exercise:14dhist,screen,f_screen:phone_screen_rapids_countepisodeunlock_locmap_exercise:14dhist,f_screen,phone_screen_rapids_countepisodeunlock_locmap_exercise,raw,14dhist,0.5513809298117109,31236
screen__f_screen:phone_screen_rapids_sumdurationunlock_locmap_exercise:14dhist,screen,f_screen:phone_screen_rapids_sumdurationunlock_locmap_exercise:14dhist,f_screen,phone_screen_rapids_sumdurationunlock_locmap_exercise,raw,14dhist,0.5513809298117109,31236
screen__f_screen:phone_screen_rapids_maxdurationunlock_locmap_exercise:14dhist,screen,f_screen:phone_screen_rapids_maxdurationunlock_locmap_exercise:14dhist,f_screen,phone_screen_rapids_maxdurationunlock_locmap_exercise,raw,14dhist,0.5513809298117109,31236
screen__f_screen:phone_screen_rapids_mindurationunlock_locmap_exercise:14dhist,screen,f_screen:phone_screen_rapids_mindurationunlock_locmap_exercise:14dhist,f_screen,phone_screen_rapids_mindurationunlock_locmap_exercise,raw,14dhist,0.5513809298117109,31236
screen__f_screen:phone_screen_rapids_avgdurationunlock_locmap_exercise:14dhist,screen,f_screen:phone_screen_rapids_avgdurationunlock_locmap_exercise:14dhist,f_screen,phone_screen_rapids_avgdurationunlock_locmap_exercise,raw,14dhist,0.5513809298117109,31236
screen__f_screen:phone_screen_rapids_stddurationunlock_locmap_exercise:14dhist,screen,f_screen:phone_screen_rapids_stddurationunlock_locmap_exercise:14dhist,f_screen,phone_screen_rapids_stddurationunlock_locmap_exercise,raw,14dhist,0.5941660562712741,28257
screen__f_screen:phone_screen_rapids_firstuseafter00unlock_locmap_exercise:14dhist,screen,f_screen:phone_screen_rapids_firstuseafter00unlock_locmap_exercise:14dhist,f_screen,phone_screen_rapids_firstuseafter00unlock_locmap_exercise,raw,14dhist,0.5513809298117109,31236
screen__f_screen:phone_screen_rapids_countepisodeunlock_locmap_greens:14dhist,screen,f_screen:phone_screen_rapids_countepisodeunlock_locmap_greens:14dhist,f_screen,phone_screen_rapids_countepisodeunlock_locmap_greens,raw,14dhist,0.4989587372714608,34886
screen__f_screen:phone_screen_rapids_sumdurationunlock_locmap_greens:14dhist,screen,f_screen:phone_screen_rapids_sumdurationunlock_locmap_greens:14dhist,f_screen,phone_screen_rapids_sumdurationunlock_locmap_greens,raw,14dhist,0.4989587372714608,34886
screen__f_screen:phone_screen_rapids_maxdurationunlock_locmap_greens:14dhist,screen,f_screen:phone_screen_rapids_maxdurationunlock_locmap_greens:14dhist,f_screen,phone_screen_rapids_maxdurationunlock_locmap_greens,raw,14dhist,0.4989587372714608,34886
screen__f_screen:phone_screen_rapids_mindurationunlock_locmap_greens:14dhist,screen,f_screen:phone_screen_rapids_mindurationunlock_locmap_greens:14dhist,f_screen,phone_screen_rapids_mindurationunlock_locmap_greens,raw,14dhist,0.4989587372714608,34886
screen__f_screen:phone_screen_rapids_avgdurationunlock_locmap_greens:14dhist,screen,f_screen:phone_screen_rapids_avgdurationunlock_locmap_greens:14dhist,f_screen,phone_screen_rapids_avgdurationunlock_locmap_greens,raw,14dhist,0.4989587372714608,34886
screen__f_screen:phone_screen_rapids_stddurationunlock_locmap_greens:14dhist,screen,f_screen:phone_screen_rapids_stddurationunlock_locmap_greens:14dhist,f_screen,phone_screen_rapids_stddurationunlock_locmap_greens,raw,14dhist,0.5180174357648614,33559
screen__f_screen:phone_screen_rapids_firstuseafter00unlock_locmap_greens:14dhist,screen,f_screen:phone_screen_rapids_firstuseafter00unlock_locmap_greens:14dhist,f_screen,phone_screen_rapids_firstuseafter00unlock_locmap_greens,raw,14dhist,0.4989587372714608,34886
screen__f_screen:phone_screen_rapids_countepisodeunlock_locmap_living:14dhist,screen,f_screen:phone_screen_rapids_countepisodeunlock_locmap_living:14dhist,f_screen,phone_screen_rapids_countepisodeunlock_locmap_living,raw,14dhist,0.5431226392060551,31811
screen__f_screen:phone_screen_rapids_sumdurationunlock_locmap_living:14dhist,screen,f_screen:phone_screen_rapids_sumdurationunlock_locmap_living:14dhist,f_screen,phone_screen_rapids_sumdurationunlock_locmap_living,raw,14dhist,0.5431226392060551,31811
screen__f_screen:phone_screen_rapids_maxdurationunlock_locmap_living:14dhist,screen,f_screen:phone_screen_rapids_maxdurationunlock_locmap_living:14dhist,f_screen,phone_screen_rapids_maxdurationunlock_locmap_living,raw,14dhist,0.5431226392060551,31811
screen__f_screen:phone_screen_rapids_mindurationunlock_locmap_living:14dhist,screen,f_screen:phone_screen_rapids_mindurationunlock_locmap_living:14dhist,f_screen,phone_screen_rapids_mindurationunlock_locmap_living,raw,14dhist,0.5431226392060551,31811
screen__f_screen:phone_screen_rapids_avgdurationunlock_locmap_living:14dhist,screen,f_screen:phone_screen_rapids_avgdurationunlock_locmap_living:14dhist,f_screen,phone_screen_rapids_avgdurationunlock_locmap_living,raw,14dhist,0.5431226392060551,31811
screen__f_screen:phone_screen_rapids_stddurationunlock_locmap_living:14dhist,screen,f_screen:phone_screen_rapids_stddurationunlock_locmap_living:14dhist,f_screen,phone_screen_rapids_stddurationunlock_locmap_living,raw,14dhist,0.561965904031482,30499
screen__f_screen:phone_screen_rapids_firstuseafter00unlock_locmap_living:14dhist,screen,f_screen:phone_screen_rapids_firstuseafter00unlock_locmap_living:14dhist,f_screen,phone_screen_rapids_firstuseafter00unlock_locmap_living,raw,14dhist,0.5431226392060551,31811
screen__f_screen:phone_screen_rapids_countepisodeunlock_locmap_study:14dhist,screen,f_screen:phone_screen_rapids_countepisodeunlock_locmap_study:14dhist,f_screen,phone_screen_rapids_countepisodeunlock_locmap_study,raw,14dhist,0.5488675370186853,31411
screen__f_screen:phone_screen_rapids_sumdurationunlock_locmap_study:14dhist,screen,f_screen:phone_screen_rapids_sumdurationunlock_locmap_study:14dhist,f_screen,phone_screen_rapids_sumdurationunlock_locmap_study,raw,14dhist,0.5488675370186853,31411
screen__f_screen:phone_screen_rapids_maxdurationunlock_locmap_study:14dhist,screen,f_screen:phone_screen_rapids_maxdurationunlock_locmap_study:14dhist,f_screen,phone_screen_rapids_maxdurationunlock_locmap_study,raw,14dhist,0.5488675370186853,31411
screen__f_screen:phone_screen_rapids_mindurationunlock_locmap_study:14dhist,screen,f_screen:phone_screen_rapids_mindurationunlock_locmap_study:14dhist,f_screen,phone_screen_rapids_mindurationunlock_locmap_study,raw,14dhist,0.5488675370186853,31411
screen__f_screen:phone_screen_rapids_avgdurationunlock_locmap_study:14dhist,screen,f_screen:phone_screen_rapids_avgdurationunlock_locmap_study:14dhist,f_screen,phone_screen_rapids_avgdurationunlock_locmap_study,raw,14dhist,0.5488675370186853,31411
screen__f_screen:phone_screen_rapids_stddurationunlock_locmap_study:14dhist,screen,f_screen:phone_screen_rapids_stddurationunlock_locmap_study:14dhist,f_screen,phone_screen_rapids_stddurationunlock_locmap_study,raw,14dhist,0.5699943987246326,29940
screen__f_screen:phone_screen_rapids_firstuseafter00unlock_locmap_study:14dhist,screen,f_screen:phone_screen_rapids_firstuseafter00unlock_locmap_study:14dhist,f_screen,phone_screen_rapids_firstuseafter00unlock_locmap_study,raw,14dhist,0.5488675370186853,31411
screen__f_screen:phone_screen_rapids_countepisodeunlock_locmap_home:14dhist,screen,f_screen:phone_screen_rapids_countepisodeunlock_locmap_home:14dhist,f_screen,phone_screen_rapids_countepisodeunlock_locmap_home,raw,14dhist,0.24319588665316616,52694
screen__f_screen:phone_screen_rapids_sumdurationunlock_locmap_home:14dhist,screen,f_screen:phone_screen_rapids_sumdurationunlock_locmap_home:14dhist,f_screen,phone_screen_rapids_sumdurationunlock_locmap_home,raw,14dhist,0.24319588665316616,52694
screen__f_screen:phone_screen_rapids_maxdurationunlock_locmap_home:14dhist,screen,f_screen:phone_screen_rapids_maxdurationunlock_locmap_home:14dhist,f_screen,phone_screen_rapids_maxdurationunlock_locmap_home,raw,14dhist,0.24319588665316616,52694
screen__f_screen:phone_screen_rapids_mindurationunlock_locmap_home:14dhist,screen,f_screen:phone_screen_rapids_mindurationunlock_locmap_home:14dhist,f_screen,phone_screen_rapids_mindurationunlock_locmap_home,raw,14dhist,0.24319588665316616,52694
screen__f_screen:phone_screen_rapids_avgdurationunlock_locmap_home:14dhist,screen,f_screen:phone_screen_rapids_avgdurationunlock_locmap_home:14dhist,f_screen,phone_screen_rapids_avgdurationunlock_locmap_home,raw,14dhist,0.24319588665316616,52694
screen__f_screen:phone_screen_rapids_stddurationunlock_locmap_home:14dhist,screen,f_screen:phone_screen_rapids_stddurationunlock_locmap_home:14dhist,f_screen,phone_screen_rapids_stddurationunlock_locmap_home,raw,14dhist,0.24394272336880807,52642
screen__f_screen:phone_screen_rapids_firstuseafter00unlock_locmap_home:14dhist,screen,f_screen:phone_screen_rapids_firstuseafter00unlock_locmap_home:14dhist,f_screen,phone_screen_rapids_firstuseafter00unlock_locmap_home,raw,14dhist,0.24319588665316616,52694
screen__f_screen:phone_screen_rapids_countepisodeunlock_dis:14dhist,screen,f_screen:phone_screen_rapids_countepisodeunlock_dis:14dhist,f_screen,phone_screen_rapids_countepisodeunlock,dis,14dhist,0.21553420368535195,54620
screen__f_screen:phone_screen_rapids_sumdurationunlock_dis:14dhist,screen,f_screen:phone_screen_rapids_sumdurationunlock_dis:14dhist,f_screen,phone_screen_rapids_sumdurationunlock,dis,14dhist,0.21553420368535195,54620
screen__f_screen:phone_screen_rapids_maxdurationunlock_dis:14dhist,screen,f_screen:phone_screen_rapids_maxdurationunlock_dis:14dhist,f_screen,phone_screen_rapids_maxdurationunlock,dis,14dhist,0.21553420368535195,54620
screen__f_screen:phone_screen_rapids_mindurationunlock_dis:14dhist,screen,f_screen:phone_screen_rapids_mindurationunlock_dis:14dhist,f_screen,phone_screen_rapids_mindurationunlock,dis,14dhist,0.21553420368535195,54620
screen__f_screen:phone_screen_rapids_avgdurationunlock_dis:14dhist,screen,f_screen:phone_screen_rapids_avgdurationunlock_dis:14dhist,f_screen,phone_screen_rapids_avgdurationunlock,dis,14dhist,0.21553420368535195,54620
screen__f_screen:phone_screen_rapids_stddurationunlock_dis:14dhist,screen,f_screen:phone_screen_rapids_stddurationunlock_dis:14dhist,f_screen,phone_screen_rapids_stddurationunlock,dis,14dhist,0.2160799689775518,54582
screen__f_screen:phone_screen_rapids_firstuseafter00unlock_dis:14dhist,screen,f_screen:phone_screen_rapids_firstuseafter00unlock_dis:14dhist,f_screen,phone_screen_rapids_firstuseafter00unlock,dis,14dhist,0.21553420368535195,54620
screen__f_screen:phone_screen_rapids_countepisodeunlock_locmap_exercise_dis:14dhist,screen,f_screen:phone_screen_rapids_countepisodeunlock_locmap_exercise_dis:14dhist,f_screen,phone_screen_rapids_countepisodeunlock_locmap_exercise,dis,14dhist,0.5513809298117109,31236
screen__f_screen:phone_screen_rapids_sumdurationunlock_locmap_exercise_dis:14dhist,screen,f_screen:phone_screen_rapids_sumdurationunlock_locmap_exercise_dis:14dhist,f_screen,phone_screen_rapids_sumdurationunlock_locmap_exercise,dis,14dhist,0.5513809298117109,31236
screen__f_screen:phone_screen_rapids_maxdurationunlock_locmap_exercise_dis:14dhist,screen,f_screen:phone_screen_rapids_maxdurationunlock_locmap_exercise_dis:14dhist,f_screen,phone_screen_rapids_maxdurationunlock_locmap_exercise,dis,14dhist,0.5513809298117109,31236
screen__f_screen:phone_screen_rapids_mindurationunlock_locmap_exercise_dis:14dhist,screen,f_screen:phone_screen_rapids_mindurationunlock_locmap_exercise_dis:14dhist,f_screen,phone_screen_rapids_mindurationunlock_locmap_exercise,dis,14dhist,0.5513809298117109,31236
screen__f_screen:phone_screen_rapids_avgdurationunlock_locmap_exercise_dis:14dhist,screen,f_screen:phone_screen_rapids_avgdurationunlock_locmap_exercise_dis:14dhist,f_screen,phone_screen_rapids_avgdurationunlock_locmap_exercise,dis,14dhist,0.5513809298117109,31236
screen__f_screen:phone_screen_rapids_stddurationunlock_locmap_exercise_dis:14dhist,screen,f_screen:phone_screen_rapids_stddurationunlock_locmap_exercise_dis:14dhist,f_screen,phone_screen_rapids_stddurationunlock_locmap_exercise,dis,14dhist,0.5941660562712741,28257
screen__f_screen:phone_screen_rapids_firstuseafter00unlock_locmap_exercise_dis:14dhist,screen,f_screen:phone_screen_rapids_firstuseafter00unlock_locmap_exercise_dis:14dhist,f_screen,phone_screen_rapids_firstuseafter00unlock_locmap_exercise,dis,14dhist,0.5513809298117109,31236
screen__f_screen:phone_screen_rapids_countepisodeunlock_locmap_greens_dis:14dhist,screen,f_screen:phone_screen_rapids_countepisodeunlock_locmap_greens_dis:14dhist,f_screen,phone_screen_rapids_countepisodeunlock_locmap_greens,dis,14dhist,0.4989587372714608,34886
screen__f_screen:phone_screen_rapids_sumdurationunlock_locmap_greens_dis:14dhist,screen,f_screen:phone_screen_rapids_sumdurationunlock_locmap_greens_dis:14dhist,f_screen,phone_screen_rapids_sumdurationunlock_locmap_greens,dis,14dhist,0.4989587372714608,34886
screen__f_screen:phone_screen_rapids_maxdurationunlock_locmap_greens_dis:14dhist,screen,f_screen:phone_screen_rapids_maxdurationunlock_locmap_greens_dis:14dhist,f_screen,phone_screen_rapids_maxdurationunlock_locmap_greens,dis,14dhist,0.4989587372714608,34886
screen__f_screen:phone_screen_rapids_mindurationunlock_locmap_greens_dis:14dhist,screen,f_screen:phone_screen_rapids_mindurationunlock_locmap_greens_dis:14dhist,f_screen,phone_screen_rapids_mindurationunlock_locmap_greens,dis,14dhist,0.4989587372714608,34886
screen__f_screen:phone_screen_rapids_avgdurationunlock_locmap_greens_dis:14dhist,screen,f_screen:phone_screen_rapids_avgdurationunlock_locmap_greens_dis:14dhist,f_screen,phone_screen_rapids_avgdurationunlock_locmap_greens,dis,14dhist,0.4989587372714608,34886
screen__f_screen:phone_screen_rapids_stddurationunlock_locmap_greens_dis:14dhist,screen,f_screen:phone_screen_rapids_stddurationunlock_locmap_greens_dis:14dhist,f_screen,phone_screen_rapids_stddurationunlock_locmap_greens,dis,14dhist,0.5180174357648614,33559
screen__f_screen:phone_screen_rapids_firstuseafter00unlock_locmap_greens_dis:14dhist,screen,f_screen:phone_screen_rapids_firstuseafter00unlock_locmap_greens_dis:14dhist,f_screen,phone_screen_rapids_firstuseafter00unlock_locmap_greens,dis,14dhist,0.4989587372714608,34886
screen__f_screen:phone_screen_rapids_countepisodeunlock_locmap_living_dis:14dhist,screen,f_screen:phone_screen_rapids_countepisodeunlock_locmap_living_dis:14dhist,f_screen,phone_screen_rapids_countepisodeunlock_locmap_living,dis,14dhist,0.5431226392060551,31811
screen__f_screen:phone_screen_rapids_sumdurationunlock_locmap_living_dis:14dhist,screen,f_screen:phone_screen_rapids_sumdurationunlock_locmap_living_dis:14dhist,f_screen,phone_screen_rapids_sumdurationunlock_locmap_living,dis,14dhist,0.5431226392060551,31811
screen__f_screen:phone_screen_rapids_maxdurationunlock_locmap_living_dis:14dhist,screen,f_screen:phone_screen_rapids_maxdurationunlock_locmap_living_dis:14dhist,f_screen,phone_screen_rapids_maxdurationunlock_locmap_living,dis,14dhist,0.5431226392060551,31811
screen__f_screen:phone_screen_rapids_mindurationunlock_locmap_living_dis:14dhist,screen,f_screen:phone_screen_rapids_mindurationunlock_locmap_living_dis:14dhist,f_screen,phone_screen_rapids_mindurationunlock_locmap_living,dis,14dhist,0.5431226392060551,31811
screen__f_screen:phone_screen_rapids_avgdurationunlock_locmap_living_dis:14dhist,screen,f_screen:phone_screen_rapids_avgdurationunlock_locmap_living_dis:14dhist,f_screen,phone_screen_rapids_avgdurationunlock_locmap_living,dis,14dhist,0.5431226392060551,31811
screen__f_screen:phone_screen_rapids_stddurationunlock_locmap_living_dis:14dhist,screen,f_screen:phone_screen_rapids_stddurationunlock_locmap_living_dis:14dhist,f_screen,phone_screen_rapids_stddurationunlock_locmap_living,dis,14dhist,0.561965904031482,30499
screen__f_screen:phone_screen_rapids_firstuseafter00unlock_locmap_living_dis:14dhist,screen,f_screen:phone_screen_rapids_firstuseafter00unlock_locmap_living_dis:14dhist,f_screen,phone_screen_rapids_firstuseafter00unlock_locmap_living,dis,14dhist,0.5431226392060551,31811
screen__f_screen:phone_screen_rapids_countepisodeunlock_locmap_study_dis:14dhist,screen,f_screen:phone_screen_rapids_countepisodeunlock_locmap_study_dis:14dhist,f_screen,phone_screen_rapids_countepisodeunlock_locmap_study,dis,14dhist,0.5488675370186853,31411
screen__f_screen:phone_screen_rapids_sumdurationunlock_locmap_study_dis:14dhist,screen,f_screen:phone_screen_rapids_sumdurationunlock_locmap_study_dis:14dhist,f_screen,phone_screen_rapids_sumdurationunlock_locmap_study,dis,14dhist,0.5488675370186853,31411
screen__f_screen:phone_screen_rapids_maxdurationunlock_locmap_study_dis:14dhist,screen,f_screen:phone_screen_rapids_maxdurationunlock_locmap_study_dis:14dhist,f_screen,phone_screen_rapids_maxdurationunlock_locmap_study,dis,14dhist,0.5488675370186853,31411
screen__f_screen:phone_screen_rapids_mindurationunlock_locmap_study_dis:14dhist,screen,f_screen:phone_screen_rapids_mindurationunlock_locmap_study_dis:14dhist,f_screen,phone_screen_rapids_mindurationunlock_locmap_study,dis,14dhist,0.5488675370186853,31411
screen__f_screen:phone_screen_rapids_avgdurationunlock_locmap_study_dis:14dhist,screen,f_screen:phone_screen_rapids_avgdurationunlock_locmap_study_dis:14dhist,f_screen,phone_screen_rapids_avgdurationunlock_locmap_study,dis,14dhist,0.5488675370186853,31411
screen__f_screen:phone_screen_rapids_stddurationunlock_locmap_study_dis:14dhist,screen,f_screen:phone_screen_rapids_stddurationunlock_locmap_study_dis:14dhist,f_screen,phone_screen_rapids_stddurationunlock_locmap_study,dis,14dhist,0.5699943987246326,29940
screen__f_screen:phone_screen_rapids_firstuseafter00unlock_locmap_study_dis:14dhist,screen,f_screen:phone_screen_rapids_firstuseafter00unlock_locmap_study_dis:14dhist,f_screen,phone_screen_rapids_firstuseafter00unlock_locmap_study,dis,14dhist,0.5488675370186853,31411
screen__f_screen:phone_screen_rapids_countepisodeunlock_locmap_home_dis:14dhist,screen,f_screen:phone_screen_rapids_countepisodeunlock_locmap_home_dis:14dhist,f_screen,phone_screen_rapids_countepisodeunlock_locmap_home,dis,14dhist,0.24319588665316616,52694
screen__f_screen:phone_screen_rapids_sumdurationunlock_locmap_home_dis:14dhist,screen,f_screen:phone_screen_rapids_sumdurationunlock_locmap_home_dis:14dhist,f_screen,phone_screen_rapids_sumdurationunlock_locmap_home,dis,14dhist,0.24319588665316616,52694
screen__f_screen:phone_screen_rapids_maxdurationunlock_locmap_home_dis:14dhist,screen,f_screen:phone_screen_rapids_maxdurationunlock_locmap_home_dis:14dhist,f_screen,phone_screen_rapids_maxdurationunlock_locmap_home,dis,14dhist,0.24319588665316616,52694
screen__f_screen:phone_screen_rapids_mindurationunlock_locmap_home_dis:14dhist,screen,f_screen:phone_screen_rapids_mindurationunlock_locmap_home_dis:14dhist,f_screen,phone_screen_rapids_mindurationunlock_locmap_home,dis,14dhist,0.24319588665316616,52694
screen__f_screen:phone_screen_rapids_avgdurationunlock_locmap_home_dis:14dhist,screen,f_screen:phone_screen_rapids_avgdurationunlock_locmap_home_dis:14dhist,f_screen,phone_screen_rapids_avgdurationunlock_locmap_home,dis,14dhist,0.24319588665316616,52694
screen__f_screen:phone_screen_rapids_stddurationunlock_locmap_home_dis:14dhist,screen,f_screen:phone_screen_rapids_stddurationunlock_locmap_home_dis:14dhist,f_screen,phone_screen_rapids_stddurationunlock_locmap_home,dis,14dhist,0.24394272336880807,52642
screen__f_screen:phone_screen_rapids_firstuseafter00unlock_locmap_home_dis:14dhist,screen,f_screen:phone_screen_rapids_firstuseafter00unlock_locmap_home_dis:14dhist,f_screen,phone_screen_rapids_firstuseafter00unlock_locmap_home,dis,14dhist,0.24319588665316616,52694
screen__f_screen:phone_screen_rapids_countepisodeunlock_norm:14dhist,screen,f_screen:phone_screen_rapids_countepisodeunlock_norm:14dhist,f_screen,phone_screen_rapids_countepisodeunlock,norm,14dhist,0.21553420368535195,54620
screen__f_screen:phone_screen_rapids_sumdurationunlock_norm:14dhist,screen,f_screen:phone_screen_rapids_sumdurationunlock_norm:14dhist,f_screen,phone_screen_rapids_sumdurationunlock,norm,14dhist,0.21553420368535195,54620
screen__f_screen:phone_screen_rapids_maxdurationunlock_norm:14dhist,screen,f_screen:phone_screen_rapids_maxdurationunlock_norm:14dhist,f_screen,phone_screen_rapids_maxdurationunlock,norm,14dhist,0.21553420368535195,54620
screen__f_screen:phone_screen_rapids_mindurationunlock_norm:14dhist,screen,f_screen:phone_screen_rapids_mindurationunlock_norm:14dhist,f_screen,phone_screen_rapids_mindurationunlock,norm,14dhist,0.21553420368535195,54620
screen__f_screen:phone_screen_rapids_avgdurationunlock_norm:14dhist,screen,f_screen:phone_screen_rapids_avgdurationunlock_norm:14dhist,f_screen,phone_screen_rapids_avgdurationunlock,norm,14dhist,0.21553420368535195,54620
screen__f_screen:phone_screen_rapids_stddurationunlock_norm:14dhist,screen,f_screen:phone_screen_rapids_stddurationunlock_norm:14dhist,f_screen,phone_screen_rapids_stddurationunlock,norm,14dhist,0.2160799689775518,54582
screen__f_screen:phone_screen_rapids_firstuseafter00unlock_norm:14dhist,screen,f_screen:phone_screen_rapids_firstuseafter00unlock_norm:14dhist,f_screen,phone_screen_rapids_firstuseafter00unlock,norm,14dhist,0.21553420368535195,54620
screen__f_screen:phone_screen_rapids_countepisodeunlock_locmap_exercise_norm:14dhist,screen,f_screen:phone_screen_rapids_countepisodeunlock_locmap_exercise_norm:14dhist,f_screen,phone_screen_rapids_countepisodeunlock_locmap_exercise,norm,14dhist,0.5513809298117109,31236
screen__f_screen:phone_screen_rapids_sumdurationunlock_locmap_exercise_norm:14dhist,screen,f_screen:phone_screen_rapids_sumdurationunlock_locmap_exercise_norm:14dhist,f_screen,phone_screen_rapids_sumdurationunlock_locmap_exercise,norm,14dhist,0.5513809298117109,31236
screen__f_screen:phone_screen_rapids_maxdurationunlock_locmap_exercise_norm:14dhist,screen,f_screen:phone_screen_rapids_maxdurationunlock_locmap_exercise_norm:14dhist,f_screen,phone_screen_rapids_maxdurationunlock_locmap_exercise,norm,14dhist,0.5513809298117109,31236
screen__f_screen:phone_screen_rapids_mindurationunlock_locmap_exercise_norm:14dhist,screen,f_screen:phone_screen_rapids_mindurationunlock_locmap_exercise_norm:14dhist,f_screen,phone_screen_rapids_mindurationunlock_locmap_exercise,norm,14dhist,0.5513809298117109,31236
screen__f_screen:phone_screen_rapids_avgdurationunlock_locmap_exercise_norm:14dhist,screen,f_screen:phone_screen_rapids_avgdurationunlock_locmap_exercise_norm:14dhist,f_screen,phone_screen_rapids_avgdurationunlock_locmap_exercise,norm,14dhist,0.5513809298117109,31236
screen__f_screen:phone_screen_rapids_stddurationunlock_locmap_exercise_norm:14dhist,screen,f_screen:phone_screen_rapids_stddurationunlock_locmap_exercise_norm:14dhist,f_screen,phone_screen_rapids_stddurationunlock_locmap_exercise,norm,14dhist,0.5941660562712741,28257
screen__f_screen:phone_screen_rapids_firstuseafter00unlock_locmap_exercise_norm:14dhist,screen,f_screen:phone_screen_rapids_firstuseafter00unlock_locmap_exercise_norm:14dhist,f_screen,phone_screen_rapids_firstuseafter00unlock_locmap_exercise,norm,14dhist,0.5513809298117109,31236
screen__f_screen:phone_screen_rapids_countepisodeunlock_locmap_greens_norm:14dhist,screen,f_screen:phone_screen_rapids_countepisodeunlock_locmap_greens_norm:14dhist,f_screen,phone_screen_rapids_countepisodeunlock_locmap_greens,norm,14dhist,0.4989587372714608,34886
screen__f_screen:phone_screen_rapids_sumdurationunlock_locmap_greens_norm:14dhist,screen,f_screen:phone_screen_rapids_sumdurationunlock_locmap_greens_norm:14dhist,f_screen,phone_screen_rapids_sumdurationunlock_locmap_greens,norm,14dhist,0.4989587372714608,34886
screen__f_screen:phone_screen_rapids_maxdurationunlock_locmap_greens_norm:14dhist,screen,f_screen:phone_screen_rapids_maxdurationunlock_locmap_greens_norm:14dhist,f_screen,phone_screen_rapids_maxdurationunlock_locmap_greens,norm,14dhist,0.4989587372714608,34886
screen__f_screen:phone_screen_rapids_mindurationunlock_locmap_greens_norm:14dhist,screen,f_screen:phone_screen_rapids_mindurationunlock_locmap_greens_norm:14dhist,f_screen,phone_screen_rapids_mindurationunlock_locmap_greens,norm,14dhist,0.4989587372714608,34886
screen__f_screen:phone_screen_rapids_avgdurationunlock_locmap_greens_norm:14dhist,screen,f_screen:phone_screen_rapids_avgdurationunlock_locmap_greens_norm:14dhist,f_screen,phone_screen_rapids_avgdurationunlock_locmap_greens,norm,14dhist,0.4989587372714608,34886
screen__f_screen:phone_screen_rapids_stddurationunlock_locmap_greens_norm:14dhist,screen,f_screen:phone_screen_rapids_stddurationunlock_locmap_greens_norm:14dhist,f_screen,phone_screen_rapids_stddurationunlock_locmap_greens,norm,14dhist,0.5180174357648614,33559
screen__f_screen:phone_screen_rapids_firstuseafter00unlock_locmap_greens_norm:14dhist,screen,f_screen:phone_screen_rapids_firstuseafter00unlock_locmap_greens_norm:14dhist,f_screen,phone_screen_rapids_firstuseafter00unlock_locmap_greens,norm,14dhist,0.4989587372714608,34886
screen__f_screen:phone_screen_rapids_countepisodeunlock_locmap_living_norm:14dhist,screen,f_screen:phone_screen_rapids_countepisodeunlock_locmap_living_norm:14dhist,f_screen,phone_screen_rapids_countepisodeunlock_locmap_living,norm,14dhist,0.5431226392060551,31811
screen__f_screen:phone_screen_rapids_sumdurationunlock_locmap_living_norm:14dhist,screen,f_screen:phone_screen_rapids_sumdurationunlock_locmap_living_norm:14dhist,f_screen,phone_screen_rapids_sumdurationunlock_locmap_living,norm,14dhist,0.5431226392060551,31811
screen__f_screen:phone_screen_rapids_maxdurationunlock_locmap_living_norm:14dhist,screen,f_screen:phone_screen_rapids_maxdurationunlock_locmap_living_norm:14dhist,f_screen,phone_screen_rapids_maxdurationunlock_locmap_living,norm,14dhist,0.5431226392060551,31811
screen__f_screen:phone_screen_rapids_mindurationunlock_locmap_living_norm:14dhist,screen,f_screen:phone_screen_rapids_mindurationunlock_locmap_living_norm:14dhist,f_screen,phone_screen_rapids_mindurationunlock_locmap_living,norm,14dhist,0.5431226392060551,31811
screen__f_screen:phone_screen_rapids_avgdurationunlock_locmap_living_norm:14dhist,screen,f_screen:phone_screen_rapids_avgdurationunlock_locmap_living_norm:14dhist,f_screen,phone_screen_rapids_avgdurationunlock_locmap_living,norm,14dhist,0.5431226392060551,31811
screen__f_screen:phone_screen_rapids_stddurationunlock_locmap_living_norm:14dhist,screen,f_screen:phone_screen_rapids_stddurationunlock_locmap_living_norm:14dhist,f_screen,phone_screen_rapids_stddurationunlock_locmap_living,norm,14dhist,0.561965904031482,30499
screen__f_screen:phone_screen_rapids_firstuseafter00unlock_locmap_living_norm:14dhist,screen,f_screen:phone_screen_rapids_firstuseafter00unlock_locmap_living_norm:14dhist,f_screen,phone_screen_rapids_firstuseafter00unlock_locmap_living,norm,14dhist,0.5431226392060551,31811
screen__f_screen:phone_screen_rapids_countepisodeunlock_locmap_study_norm:14dhist,screen,f_screen:phone_screen_rapids_countepisodeunlock_locmap_study_norm:14dhist,f_screen,phone_screen_rapids_countepisodeunlock_locmap_study,norm,14dhist,0.5488675370186853,31411
screen__f_screen:phone_screen_rapids_sumdurationunlock_locmap_study_norm:14dhist,screen,f_screen:phone_screen_rapids_sumdurationunlock_locmap_study_norm:14dhist,f_screen,phone_screen_rapids_sumdurationunlock_locmap_study,norm,14dhist,0.5488675370186853,31411
screen__f_screen:phone_screen_rapids_maxdurationunlock_locmap_study_norm:14dhist,screen,f_screen:phone_screen_rapids_maxdurationunlock_locmap_study_norm:14dhist,f_screen,phone_screen_rapids_maxdurationunlock_locmap_study,norm,14dhist,0.5488675370186853,31411
screen__f_screen:phone_screen_rapids_mindurationunlock_locmap_study_norm:14dhist,screen,f_screen:phone_screen_rapids_mindurationunlock_locmap_study_norm:14dhist,f_screen,phone_screen_rapids_mindurationunlock_locmap_study,norm,14dhist,0.5488675370186853,31411
screen__f_screen:phone_screen_rapids_avgdurationunlock_locmap_study_norm:14dhist,screen,f_screen:phone_screen_rapids_avgdurationunlock_locmap_study_norm:14dhist,f_screen,phone_screen_rapids_avgdurationunlock_locmap_study,norm,14dhist,0.5488675370186853,31411
screen__f_screen:phone_screen_rapids_stddurationunlock_locmap_study_norm:14dhist,screen,f_screen:phone_screen_rapids_stddurationunlock_locmap_study_norm:14dhist,f_screen,phone_screen_rapids_stddurationunlock_locmap_study,norm,14dhist,0.5699943987246326,29940
screen__f_screen:phone_screen_rapids_firstuseafter00unlock_locmap_study_norm:14dhist,screen,f_screen:phone_screen_rapids_firstuseafter00unlock_locmap_study_norm:14dhist,f_screen,phone_screen_rapids_firstuseafter00unlock_locmap_study,norm,14dhist,0.5488675370186853,31411
screen__f_screen:phone_screen_rapids_countepisodeunlock_locmap_home_norm:14dhist,screen,f_screen:phone_screen_rapids_countepisodeunlock_locmap_home_norm:14dhist,f_screen,phone_screen_rapids_countepisodeunlock_locmap_home,norm,14dhist,0.24319588665316616,52694
screen__f_screen:phone_screen_rapids_sumdurationunlock_locmap_home_norm:14dhist,screen,f_screen:phone_screen_rapids_sumdurationunlock_locmap_home_norm:14dhist,f_screen,phone_screen_rapids_sumdurationunlock_locmap_home,norm,14dhist,0.24319588665316616,52694
screen__f_screen:phone_screen_rapids_maxdurationunlock_locmap_home_norm:14dhist,screen,f_screen:phone_screen_rapids_maxdurationunlock_locmap_home_norm:14dhist,f_screen,phone_screen_rapids_maxdurationunlock_locmap_home,norm,14dhist,0.24319588665316616,52694
screen__f_screen:phone_screen_rapids_mindurationunlock_locmap_home_norm:14dhist,screen,f_screen:phone_screen_rapids_mindurationunlock_locmap_home_norm:14dhist,f_screen,phone_screen_rapids_mindurationunlock_locmap_home,norm,14dhist,0.24319588665316616,52694
screen__f_screen:phone_screen_rapids_avgdurationunlock_locmap_home_norm:14dhist,screen,f_screen:phone_screen_rapids_avgdurationunlock_locmap_home_norm:14dhist,f_screen,phone_screen_rapids_avgdurationunlock_locmap_home,norm,14dhist,0.24319588665316616,52694
screen__f_screen:phone_screen_rapids_stddurationunlock_locmap_home_norm:14dhist,screen,f_screen:phone_screen_rapids_stddurationunlock_locmap_home_norm:14dhist,f_screen,phone_screen_rapids_stddurationunlock_locmap_home,norm,14dhist,0.24394272336880807,52642
screen__f_screen:phone_screen_rapids_firstuseafter00unlock_locmap_home_norm:14dhist,screen,f_screen:phone_screen_rapids_firstuseafter00unlock_locmap_home_norm:14dhist,f_screen,phone_screen_rapids_firstuseafter00unlock_locmap_home,norm,14dhist,0.24319588665316616,52694
screen__f_screen:phone_screen_rapids_countepisodeunlock:7dhist,screen,f_screen:phone_screen_rapids_countepisodeunlock:7dhist,f_screen,phone_screen_rapids_countepisodeunlock,raw,7dhist,0.22152325965501887,54203
screen__f_screen:phone_screen_rapids_sumdurationunlock:7dhist,screen,f_screen:phone_screen_rapids_sumdurationunlock:7dhist,f_screen,phone_screen_rapids_sumdurationunlock,raw,7dhist,0.22152325965501887,54203
screen__f_screen:phone_screen_rapids_maxdurationunlock:7dhist,screen,f_screen:phone_screen_rapids_maxdurationunlock:7dhist,f_screen,phone_screen_rapids_maxdurationunlock,raw,7dhist,0.22152325965501887,54203
screen__f_screen:phone_screen_rapids_mindurationunlock:7dhist,screen,f_screen:phone_screen_rapids_mindurationunlock:7dhist,f_screen,phone_screen_rapids_mindurationunlock,raw,7dhist,0.22152325965501887,54203
screen__f_screen:phone_screen_rapids_avgdurationunlock:7dhist,screen,f_screen:phone_screen_rapids_avgdurationunlock:7dhist,f_screen,phone_screen_rapids_avgdurationunlock,raw,7dhist,0.22152325965501887,54203
screen__f_screen:phone_screen_rapids_stddurationunlock:7dhist,screen,f_screen:phone_screen_rapids_stddurationunlock:7dhist,f_screen,phone_screen_rapids_stddurationunlock,raw,7dhist,0.22231318310425555,54148
screen__f_screen:phone_screen_rapids_firstuseafter00unlock:7dhist,screen,f_screen:phone_screen_rapids_firstuseafter00unlock:7dhist,f_screen,phone_screen_rapids_firstuseafter00unlock,raw,7dhist,0.22152325965501887,54203
screen__f_screen:phone_screen_rapids_countepisodeunlock_locmap_exercise:7dhist,screen,f_screen:phone_screen_rapids_countepisodeunlock_locmap_exercise:7dhist,f_screen,phone_screen_rapids_countepisodeunlock_locmap_exercise,raw,7dhist,0.6278455196978183,25912
screen__f_screen:phone_screen_rapids_sumdurationunlock_locmap_exercise:7dhist,screen,f_screen:phone_screen_rapids_sumdurationunlock_locmap_exercise:7dhist,f_screen,phone_screen_rapids_sumdurationunlock_locmap_exercise,raw,7dhist,0.6278455196978183,25912
screen__f_screen:phone_screen_rapids_maxdurationunlock_locmap_exercise:7dhist,screen,f_screen:phone_screen_rapids_maxdurationunlock_locmap_exercise:7dhist,f_screen,phone_screen_rapids_maxdurationunlock_locmap_exercise,raw,7dhist,0.6278455196978183,25912
screen__f_screen:phone_screen_rapids_mindurationunlock_locmap_exercise:7dhist,screen,f_screen:phone_screen_rapids_mindurationunlock_locmap_exercise:7dhist,f_screen,phone_screen_rapids_mindurationunlock_locmap_exercise,raw,7dhist,0.6278455196978183,25912
screen__f_screen:phone_screen_rapids_avgdurationunlock_locmap_exercise:7dhist,screen,f_screen:phone_screen_rapids_avgdurationunlock_locmap_exercise:7dhist,f_screen,phone_screen_rapids_avgdurationunlock_locmap_exercise,raw,7dhist,0.6278455196978183,25912
screen__f_screen:phone_screen_rapids_stddurationunlock_locmap_exercise:7dhist,screen,f_screen:phone_screen_rapids_stddurationunlock_locmap_exercise:7dhist,f_screen,phone_screen_rapids_stddurationunlock_locmap_exercise,raw,7dhist,0.6794490642997688,22319
screen__f_screen:phone_screen_rapids_firstuseafter00unlock_locmap_exercise:7dhist,screen,f_screen:phone_screen_rapids_firstuseafter00unlock_locmap_exercise:7dhist,f_screen,phone_screen_rapids_firstuseafter00unlock_locmap_exercise,raw,7dhist,0.6278455196978183,25912
screen__f_screen:phone_screen_rapids_countepisodeunlock_locmap_greens:7dhist,screen,f_screen:phone_screen_rapids_countepisodeunlock_locmap_greens:7dhist,f_screen,phone_screen_rapids_countepisodeunlock_locmap_greens,raw,7dhist,0.5372628434371723,32219
screen__f_screen:phone_screen_rapids_sumdurationunlock_locmap_greens:7dhist,screen,f_screen:phone_screen_rapids_sumdurationunlock_locmap_greens:7dhist,f_screen,phone_screen_rapids_sumdurationunlock_locmap_greens,raw,7dhist,0.5372628434371723,32219
screen__f_screen:phone_screen_rapids_maxdurationunlock_locmap_greens:7dhist,screen,f_screen:phone_screen_rapids_maxdurationunlock_locmap_greens:7dhist,f_screen,phone_screen_rapids_maxdurationunlock_locmap_greens,raw,7dhist,0.5372628434371723,32219
screen__f_screen:phone_screen_rapids_mindurationunlock_locmap_greens:7dhist,screen,f_screen:phone_screen_rapids_mindurationunlock_locmap_greens:7dhist,f_screen,phone_screen_rapids_mindurationunlock_locmap_greens,raw,7dhist,0.5372628434371723,32219
screen__f_screen:phone_screen_rapids_avgdurationunlock_locmap_greens:7dhist,screen,f_screen:phone_screen_rapids_avgdurationunlock_locmap_greens:7dhist,f_screen,phone_screen_rapids_avgdurationunlock_locmap_greens,raw,7dhist,0.5372628434371723,32219
screen__f_screen:phone_screen_rapids_stddurationunlock_locmap_greens:7dhist,screen,f_screen:phone_screen_rapids_stddurationunlock_locmap_greens:7dhist,f_screen,phone_screen_rapids_stddurationunlock_locmap_greens,raw,7dhist,0.5564077153977623,30886
screen__f_screen:phone_screen_rapids_firstuseafter00unlock_locmap_greens:7dhist,screen,f_screen:phone_screen_rapids_firstuseafter00unlock_locmap_greens:7dhist,f_screen,phone_screen_rapids_firstuseafter00unlock_locmap_greens,raw,7dhist,0.5372628434371723,32219
screen__f_screen:phone_screen_rapids_countepisodeunlock_locmap_living:7dhist,screen,f_screen:phone_screen_rapids_countepisodeunlock_locmap_living:7dhist,f_screen,phone_screen_rapids_countepisodeunlock_locmap_living,raw,7dhist,0.5748344751317735,29603
screen__f_screen:phone_screen_rapids_sumdurationunlock_locmap_living:7dhist,screen,f_screen:phone_screen_rapids_sumdurationunlock_locmap_living:7dhist,f_screen,phone_screen_rapids_sumdurationunlock_locmap_living,raw,7dhist,0.5748344751317735,29603
screen__f_screen:phone_screen_rapids_maxdurationunlock_locmap_living:7dhist,screen,f_screen:phone_screen_rapids_maxdurationunlock_locmap_living:7dhist,f_screen,phone_screen_rapids_maxdurationunlock_locmap_living,raw,7dhist,0.5748344751317735,29603
screen__f_screen:phone_screen_rapids_mindurationunlock_locmap_living:7dhist,screen,f_screen:phone_screen_rapids_mindurationunlock_locmap_living:7dhist,f_screen,phone_screen_rapids_mindurationunlock_locmap_living,raw,7dhist,0.5748344751317735,29603
screen__f_screen:phone_screen_rapids_avgdurationunlock_locmap_living:7dhist,screen,f_screen:phone_screen_rapids_avgdurationunlock_locmap_living:7dhist,f_screen,phone_screen_rapids_avgdurationunlock_locmap_living,raw,7dhist,0.5748344751317735,29603
screen__f_screen:phone_screen_rapids_stddurationunlock_locmap_living:7dhist,screen,f_screen:phone_screen_rapids_stddurationunlock_locmap_living:7dhist,f_screen,phone_screen_rapids_stddurationunlock_locmap_living,raw,7dhist,0.5928016430407744,28352
screen__f_screen:phone_screen_rapids_firstuseafter00unlock_locmap_living:7dhist,screen,f_screen:phone_screen_rapids_firstuseafter00unlock_locmap_living:7dhist,f_screen,phone_screen_rapids_firstuseafter00unlock_locmap_living,raw,7dhist,0.5748344751317735,29603
screen__f_screen:phone_screen_rapids_countepisodeunlock_locmap_study:7dhist,screen,f_screen:phone_screen_rapids_countepisodeunlock_locmap_study:7dhist,f_screen,phone_screen_rapids_countepisodeunlock_locmap_study,raw,7dhist,0.5780372556623149,29380
screen__f_screen:phone_screen_rapids_sumdurationunlock_locmap_study:7dhist,screen,f_screen:phone_screen_rapids_sumdurationunlock_locmap_study:7dhist,f_screen,phone_screen_rapids_sumdurationunlock_locmap_study,raw,7dhist,0.5780372556623149,29380
screen__f_screen:phone_screen_rapids_maxdurationunlock_locmap_study:7dhist,screen,f_screen:phone_screen_rapids_maxdurationunlock_locmap_study:7dhist,f_screen,phone_screen_rapids_maxdurationunlock_locmap_study,raw,7dhist,0.5780372556623149,29380
screen__f_screen:phone_screen_rapids_mindurationunlock_locmap_study:7dhist,screen,f_screen:phone_screen_rapids_mindurationunlock_locmap_study:7dhist,f_screen,phone_screen_rapids_mindurationunlock_locmap_study,raw,7dhist,0.5780372556623149,29380
screen__f_screen:phone_screen_rapids_avgdurationunlock_locmap_study:7dhist,screen,f_screen:phone_screen_rapids_avgdurationunlock_locmap_study:7dhist,f_screen,phone_screen_rapids_avgdurationunlock_locmap_study,raw,7dhist,0.5780372556623149,29380
screen__f_screen:phone_screen_rapids_stddurationunlock_locmap_study:7dhist,screen,f_screen:phone_screen_rapids_stddurationunlock_locmap_study:7dhist,f_screen,phone_screen_rapids_stddurationunlock_locmap_study,raw,7dhist,0.596061872549442,28125
screen__f_screen:phone_screen_rapids_firstuseafter00unlock_locmap_study:7dhist,screen,f_screen:phone_screen_rapids_firstuseafter00unlock_locmap_study:7dhist,f_screen,phone_screen_rapids_firstuseafter00unlock_locmap_study,raw,7dhist,0.5780372556623149,29380
screen__f_screen:phone_screen_rapids_countepisodeunlock_locmap_home:7dhist,screen,f_screen:phone_screen_rapids_countepisodeunlock_locmap_home:7dhist,f_screen,phone_screen_rapids_countepisodeunlock_locmap_home,raw,7dhist,0.2554325189940684,51842
screen__f_screen:phone_screen_rapids_sumdurationunlock_locmap_home:7dhist,screen,f_screen:phone_screen_rapids_sumdurationunlock_locmap_home:7dhist,f_screen,phone_screen_rapids_sumdurationunlock_locmap_home,raw,7dhist,0.2554325189940684,51842
screen__f_screen:phone_screen_rapids_maxdurationunlock_locmap_home:7dhist,screen,f_screen:phone_screen_rapids_maxdurationunlock_locmap_home:7dhist,f_screen,phone_screen_rapids_maxdurationunlock_locmap_home,raw,7dhist,0.2554325189940684,51842
screen__f_screen:phone_screen_rapids_mindurationunlock_locmap_home:7dhist,screen,f_screen:phone_screen_rapids_mindurationunlock_locmap_home:7dhist,f_screen,phone_screen_rapids_mindurationunlock_locmap_home,raw,7dhist,0.2554325189940684,51842
screen__f_screen:phone_screen_rapids_avgdurationunlock_locmap_home:7dhist,screen,f_screen:phone_screen_rapids_avgdurationunlock_locmap_home:7dhist,f_screen,phone_screen_rapids_avgdurationunlock_locmap_home,raw,7dhist,0.2554325189940684,51842
screen__f_screen:phone_screen_rapids_stddurationunlock_locmap_home:7dhist,screen,f_screen:phone_screen_rapids_stddurationunlock_locmap_home:7dhist,f_screen,phone_screen_rapids_stddurationunlock_locmap_home,raw,7dhist,0.25669639651284704,51754
screen__f_screen:phone_screen_rapids_firstuseafter00unlock_locmap_home:7dhist,screen,f_screen:phone_screen_rapids_firstuseafter00unlock_locmap_home:7dhist,f_screen,phone_screen_rapids_firstuseafter00unlock_locmap_home,raw,7dhist,0.2554325189940684,51842
screen__f_screen:phone_screen_rapids_countepisodeunlock_dis:7dhist,screen,f_screen:phone_screen_rapids_countepisodeunlock_dis:7dhist,f_screen,phone_screen_rapids_countepisodeunlock,dis,7dhist,0.22152325965501887,54203
screen__f_screen:phone_screen_rapids_sumdurationunlock_dis:7dhist,screen,f_screen:phone_screen_rapids_sumdurationunlock_dis:7dhist,f_screen,phone_screen_rapids_sumdurationunlock,dis,7dhist,0.22152325965501887,54203
screen__f_screen:phone_screen_rapids_maxdurationunlock_dis:7dhist,screen,f_screen:phone_screen_rapids_maxdurationunlock_dis:7dhist,f_screen,phone_screen_rapids_maxdurationunlock,dis,7dhist,0.22152325965501887,54203
screen__f_screen:phone_screen_rapids_mindurationunlock_dis:7dhist,screen,f_screen:phone_screen_rapids_mindurationunlock_dis:7dhist,f_screen,phone_screen_rapids_mindurationunlock,dis,7dhist,0.22152325965501887,54203
screen__f_screen:phone_screen_rapids_avgdurationunlock_dis:7dhist,screen,f_screen:phone_screen_rapids_avgdurationunlock_dis:7dhist,f_screen,phone_screen_rapids_avgdurationunlock,dis,7dhist,0.22152325965501887,54203
screen__f_screen:phone_screen_rapids_stddurationunlock_dis:7dhist,screen,f_screen:phone_screen_rapids_stddurationunlock_dis:7dhist,f_screen,phone_screen_rapids_stddurationunlock,dis,7dhist,0.22231318310425555,54148
screen__f_screen:phone_screen_rapids_firstuseafter00unlock_dis:7dhist,screen,f_screen:phone_screen_rapids_firstuseafter00unlock_dis:7dhist,f_screen,phone_screen_rapids_firstuseafter00unlock,dis,7dhist,0.22152325965501887,54203
screen__f_screen:phone_screen_rapids_countepisodeunlock_locmap_exercise_dis:7dhist,screen,f_screen:phone_screen_rapids_countepisodeunlock_locmap_exercise_dis:7dhist,f_screen,phone_screen_rapids_countepisodeunlock_locmap_exercise,dis,7dhist,0.6278455196978183,25912
screen__f_screen:phone_screen_rapids_sumdurationunlock_locmap_exercise_dis:7dhist,screen,f_screen:phone_screen_rapids_sumdurationunlock_locmap_exercise_dis:7dhist,f_screen,phone_screen_rapids_sumdurationunlock_locmap_exercise,dis,7dhist,0.6278455196978183,25912
screen__f_screen:phone_screen_rapids_maxdurationunlock_locmap_exercise_dis:7dhist,screen,f_screen:phone_screen_rapids_maxdurationunlock_locmap_exercise_dis:7dhist,f_screen,phone_screen_rapids_maxdurationunlock_locmap_exercise,dis,7dhist,0.6278455196978183,25912
screen__f_screen:phone_screen_rapids_mindurationunlock_locmap_exercise_dis:7dhist,screen,f_screen:phone_screen_rapids_mindurationunlock_locmap_exercise_dis:7dhist,f_screen,phone_screen_rapids_mindurationunlock_locmap_exercise,dis,7dhist,0.6278455196978183,25912
screen__f_screen:phone_screen_rapids_avgdurationunlock_locmap_exercise_dis:7dhist,screen,f_screen:phone_screen_rapids_avgdurationunlock_locmap_exercise_dis:7dhist,f_screen,phone_screen_rapids_avgdurationunlock_locmap_exercise,dis,7dhist,0.6278455196978183,25912
screen__f_screen:phone_screen_rapids_stddurationunlock_locmap_exercise_dis:7dhist,screen,f_screen:phone_screen_rapids_stddurationunlock_locmap_exercise_dis:7dhist,f_screen,phone_screen_rapids_stddurationunlock_locmap_exercise,dis,7dhist,0.6794490642997688,22319
screen__f_screen:phone_screen_rapids_firstuseafter00unlock_locmap_exercise_dis:7dhist,screen,f_screen:phone_screen_rapids_firstuseafter00unlock_locmap_exercise_dis:7dhist,f_screen,phone_screen_rapids_firstuseafter00unlock_locmap_exercise,dis,7dhist,0.6278455196978183,25912
screen__f_screen:phone_screen_rapids_countepisodeunlock_locmap_greens_dis:7dhist,screen,f_screen:phone_screen_rapids_countepisodeunlock_locmap_greens_dis:7dhist,f_screen,phone_screen_rapids_countepisodeunlock_locmap_greens,dis,7dhist,0.5372628434371723,32219
screen__f_screen:phone_screen_rapids_sumdurationunlock_locmap_greens_dis:7dhist,screen,f_screen:phone_screen_rapids_sumdurationunlock_locmap_greens_dis:7dhist,f_screen,phone_screen_rapids_sumdurationunlock_locmap_greens,dis,7dhist,0.5372628434371723,32219
screen__f_screen:phone_screen_rapids_maxdurationunlock_locmap_greens_dis:7dhist,screen,f_screen:phone_screen_rapids_maxdurationunlock_locmap_greens_dis:7dhist,f_screen,phone_screen_rapids_maxdurationunlock_locmap_greens,dis,7dhist,0.5372628434371723,32219
screen__f_screen:phone_screen_rapids_mindurationunlock_locmap_greens_dis:7dhist,screen,f_screen:phone_screen_rapids_mindurationunlock_locmap_greens_dis:7dhist,f_screen,phone_screen_rapids_mindurationunlock_locmap_greens,dis,7dhist,0.5372628434371723,32219
screen__f_screen:phone_screen_rapids_avgdurationunlock_locmap_greens_dis:7dhist,screen,f_screen:phone_screen_rapids_avgdurationunlock_locmap_greens_dis:7dhist,f_screen,phone_screen_rapids_avgdurationunlock_locmap_greens,dis,7dhist,0.5372628434371723,32219
screen__f_screen:phone_screen_rapids_stddurationunlock_locmap_greens_dis:7dhist,screen,f_screen:phone_screen_rapids_stddurationunlock_locmap_greens_dis:7dhist,f_screen,phone_screen_rapids_stddurationunlock_locmap_greens,dis,7dhist,0.5564077153977623,30886
screen__f_screen:phone_screen_rapids_firstuseafter00unlock_locmap_greens_dis:7dhist,screen,f_screen:phone_screen_rapids_firstuseafter00unlock_locmap_greens_dis:7dhist,f_screen,phone_screen_rapids_firstuseafter00unlock_locmap_greens,dis,7dhist,0.5372628434371723,32219
screen__f_screen:phone_screen_rapids_countepisodeunlock_locmap_living_dis:7dhist,screen,f_screen:phone_screen_rapids_countepisodeunlock_locmap_living_dis:7dhist,f_screen,phone_screen_rapids_countepisodeunlock_locmap_living,dis,7dhist,0.5748344751317735,29603
screen__f_screen:phone_screen_rapids_sumdurationunlock_locmap_living_dis:7dhist,screen,f_screen:phone_screen_rapids_sumdurationunlock_locmap_living_dis:7dhist,f_screen,phone_screen_rapids_sumdurationunlock_locmap_living,dis,7dhist,0.5748344751317735,29603
screen__f_screen:phone_screen_rapids_maxdurationunlock_locmap_living_dis:7dhist,screen,f_screen:phone_screen_rapids_maxdurationunlock_locmap_living_dis:7dhist,f_screen,phone_screen_rapids_maxdurationunlock_locmap_living,dis,7dhist,0.5748344751317735,29603
screen__f_screen:phone_screen_rapids_mindurationunlock_locmap_living_dis:7dhist,screen,f_screen:phone_screen_rapids_mindurationunlock_locmap_living_dis:7dhist,f_screen,phone_screen_rapids_mindurationunlock_locmap_living,dis,7dhist,0.5748344751317735,29603
screen__f_screen:phone_screen_rapids_avgdurationunlock_locmap_living_dis:7dhist,screen,f_screen:phone_screen_rapids_avgdurationunlock_locmap_living_dis:7dhist,f_screen,phone_screen_rapids_avgdurationunlock_locmap_living,dis,7dhist,0.5748344751317735,29603
screen__f_screen:phone_screen_rapids_stddurationunlock_locmap_living_dis:7dhist,screen,f_screen:phone_screen_rapids_stddurationunlock_locmap_living_dis:7dhist,f_screen,phone_screen_rapids_stddurationunlock_locmap_living,dis,7dhist,0.5928016430407744,28352
screen__f_screen:phone_screen_rapids_firstuseafter00unlock_locmap_living_dis:7dhist,screen,f_screen:phone_screen_rapids_firstuseafter00unlock_locmap_living_dis:7dhist,f_screen,phone_screen_rapids_firstuseafter00unlock_locmap_living,dis,7dhist,0.5748344751317735,29603
screen__f_screen:phone_screen_rapids_countepisodeunlock_locmap_study_dis:7dhist,screen,f_screen:phone_screen_rapids_countepisodeunlock_locmap_study_dis:7dhist,f_screen,phone_screen_rapids_countepisodeunlock_locmap_study,dis,7dhist,0.5780372556623149,29380
screen__f_screen:phone_screen_rapids_sumdurationunlock_locmap_study_dis:7dhist,screen,f_screen:phone_screen_rapids_sumdurationunlock_locmap_study_dis:7dhist,f_screen,phone_screen_rapids_sumdurationunlock_locmap_study,dis,7dhist,0.5780372556623149,29380
screen__f_screen:phone_screen_rapids_maxdurationunlock_locmap_study_dis:7dhist,screen,f_screen:phone_screen_rapids_maxdurationunlock_locmap_study_dis:7dhist,f_screen,phone_screen_rapids_maxdurationunlock_locmap_study,dis,7dhist,0.5780372556623149,29380
screen__f_screen:phone_screen_rapids_mindurationunlock_locmap_study_dis:7dhist,screen,f_screen:phone_screen_rapids_mindurationunlock_locmap_study_dis:7dhist,f_screen,phone_screen_rapids_mindurationunlock_locmap_study,dis,7dhist,0.5780372556623149,29380
screen__f_screen:phone_screen_rapids_avgdurationunlock_locmap_study_dis:7dhist,screen,f_screen:phone_screen_rapids_avgdurationunlock_locmap_study_dis:7dhist,f_screen,phone_screen_rapids_avgdurationunlock_locmap_study,dis,7dhist,0.5780372556623149,29380
screen__f_screen:phone_screen_rapids_stddurationunlock_locmap_study_dis:7dhist,screen,f_screen:phone_screen_rapids_stddurationunlock_locmap_study_dis:7dhist,f_screen,phone_screen_rapids_stddurationunlock_locmap_study,dis,7dhist,0.596061872549442,28125
screen__f_screen:phone_screen_rapids_firstuseafter00unlock_locmap_study_dis:7dhist,screen,f_screen:phone_screen_rapids_firstuseafter00unlock_locmap_study_dis:7dhist,f_screen,phone_screen_rapids_firstuseafter00unlock_locmap_study,dis,7dhist,0.5780372556623149,29380
screen__f_screen:phone_screen_rapids_countepisodeunlock_locmap_home_dis:7dhist,screen,f_screen:phone_screen_rapids_countepisodeunlock_locmap_home_dis:7dhist,f_screen,phone_screen_rapids_countepisodeunlock_locmap_home,dis,7dhist,0.2554325189940684,51842
screen__f_screen:phone_screen_rapids_sumdurationunlock_locmap_home_dis:7dhist,screen,f_screen:phone_screen_rapids_sumdurationunlock_locmap_home_dis:7dhist,f_screen,phone_screen_rapids_sumdurationunlock_locmap_home,dis,7dhist,0.2554325189940684,51842
screen__f_screen:phone_screen_rapids_maxdurationunlock_locmap_home_dis:7dhist,screen,f_screen:phone_screen_rapids_maxdurationunlock_locmap_home_dis:7dhist,f_screen,phone_screen_rapids_maxdurationunlock_locmap_home,dis,7dhist,0.2554325189940684,51842
screen__f_screen:phone_screen_rapids_mindurationunlock_locmap_home_dis:7dhist,screen,f_screen:phone_screen_rapids_mindurationunlock_locmap_home_dis:7dhist,f_screen,phone_screen_rapids_mindurationunlock_locmap_home,dis,7dhist,0.2554325189940684,51842
screen__f_screen:phone_screen_rapids_avgdurationunlock_locmap_home_dis:7dhist,screen,f_screen:phone_screen_rapids_avgdurationunlock_locmap_home_dis:7dhist,f_screen,phone_screen_rapids_avgdurationunlock_locmap_home,dis,7dhist,0.2554325189940684,51842
screen__f_screen:phone_screen_rapids_stddurationunlock_locmap_home_dis:7dhist,screen,f_screen:phone_screen_rapids_stddurationunlock_locmap_home_dis:7dhist,f_screen,phone_screen_rapids_stddurationunlock_locmap_home,dis,7dhist,0.25669639651284704,51754
screen__f_screen:phone_screen_rapids_firstuseafter00unlock_locmap_home_dis:7dhist,screen,f_screen:phone_screen_rapids_firstuseafter00unlock_locmap_home_dis:7dhist,f_screen,phone_screen_rapids_firstuseafter00unlock_locmap_home,dis,7dhist,0.2554325189940684,51842
screen__f_screen:phone_screen_rapids_countepisodeunlock_norm:7dhist,screen,f_screen:phone_screen_rapids_countepisodeunlock_norm:7dhist,f_screen,phone_screen_rapids_countepisodeunlock,norm,7dhist,0.22152325965501887,54203
screen__f_screen:phone_screen_rapids_sumdurationunlock_norm:7dhist,screen,f_screen:phone_screen_rapids_sumdurationunlock_norm:7dhist,f_screen,phone_screen_rapids_sumdurationunlock,norm,7dhist,0.22152325965501887,54203
screen__f_screen:phone_screen_rapids_maxdurationunlock_norm:7dhist,screen,f_screen:phone_screen_rapids_maxdurationunlock_norm:7dhist,f_screen,phone_screen_rapids_maxdurationunlock,norm,7dhist,0.22152325965501887,54203
screen__f_screen:phone_screen_rapids_mindurationunlock_norm:7dhist,screen,f_screen:phone_screen_rapids_mindurationunlock_norm:7dhist,f_screen,phone_screen_rapids_mindurationunlock,norm,7dhist,0.22152325965501887,54203
screen__f_screen:phone_screen_rapids_avgdurationunlock_norm:7dhist,screen,f_screen:phone_screen_rapids_avgdurationunlock_norm:7dhist,f_screen,phone_screen_rapids_avgdurationunlock,norm,7dhist,0.22152325965501887,54203
screen__f_screen:phone_screen_rapids_stddurationunlock_norm:7dhist,screen,f_screen:phone_screen_rapids_stddurationunlock_norm:7dhist,f_screen,phone_screen_rapids_stddurationunlock,norm,7dhist,0.22231318310425555,54148
screen__f_screen:phone_screen_rapids_firstuseafter00unlock_norm:7dhist,screen,f_screen:phone_screen_rapids_firstuseafter00unlock_norm:7dhist,f_screen,phone_screen_rapids_firstuseafter00unlock,norm,7dhist,0.22152325965501887,54203
screen__f_screen:phone_screen_rapids_countepisodeunlock_locmap_exercise_norm:7dhist,screen,f_screen:phone_screen_rapids_countepisodeunlock_locmap_exercise_norm:7dhist,f_screen,phone_screen_rapids_countepisodeunlock_locmap_exercise,norm,7dhist,0.6278455196978183,25912
screen__f_screen:phone_screen_rapids_sumdurationunlock_locmap_exercise_norm:7dhist,screen,f_screen:phone_screen_rapids_sumdurationunlock_locmap_exercise_norm:7dhist,f_screen,phone_screen_rapids_sumdurationunlock_locmap_exercise,norm,7dhist,0.6278455196978183,25912
screen__f_screen:phone_screen_rapids_maxdurationunlock_locmap_exercise_norm:7dhist,screen,f_screen:phone_screen_rapids_maxdurationunlock_locmap_exercise_norm:7dhist,f_screen,phone_screen_rapids_maxdurationunlock_locmap_exercise,norm,7dhist,0.6278455196978183,25912
screen__f_screen:phone_screen_rapids_mindurationunlock_locmap_exercise_norm:7dhist,screen,f_screen:phone_screen_rapids_mindurationunlock_locmap_exercise_norm:7dhist,f_screen,phone_screen_rapids_mindurationunlock_locmap_exercise,norm,7dhist,0.6278455196978183,25912
screen__f_screen:phone_screen_rapids_avgdurationunlock_locmap_exercise_norm:7dhist,screen,f_screen:phone_screen_rapids_avgdurationunlock_locmap_exercise_norm:7dhist,f_screen,phone_screen_rapids_avgdurationunlock_locmap_exercise,norm,7dhist,0.6278455196978183,25912
screen__f_screen:phone_screen_rapids_stddurationunlock_locmap_exercise_norm:7dhist,screen,f_screen:phone_screen_rapids_stddurationunlock_locmap_exercise_norm:7dhist,f_screen,phone_screen_rapids_stddurationunlock_locmap_exercise,norm,7dhist,0.6794490642997688,22319
screen__f_screen:phone_screen_rapids_firstuseafter00unlock_locmap_exercise_norm:7dhist,screen,f_screen:phone_screen_rapids_firstuseafter00unlock_locmap_exercise_norm:7dhist,f_screen,phone_screen_rapids_firstuseafter00unlock_locmap_exercise,norm,7dhist,0.6278455196978183,25912
screen__f_screen:phone_screen_rapids_countepisodeunlock_locmap_greens_norm:7dhist,screen,f_screen:phone_screen_rapids_countepisodeunlock_locmap_greens_norm:7dhist,f_screen,phone_screen_rapids_countepisodeunlock_locmap_greens,norm,7dhist,0.5372628434371723,32219
screen__f_screen:phone_screen_rapids_sumdurationunlock_locmap_greens_norm:7dhist,screen,f_screen:phone_screen_rapids_sumdurationunlock_locmap_greens_norm:7dhist,f_screen,phone_screen_rapids_sumdurationunlock_locmap_greens,norm,7dhist,0.5372628434371723,32219
screen__f_screen:phone_screen_rapids_maxdurationunlock_locmap_greens_norm:7dhist,screen,f_screen:phone_screen_rapids_maxdurationunlock_locmap_greens_norm:7dhist,f_screen,phone_screen_rapids_maxdurationunlock_locmap_greens,norm,7dhist,0.5372628434371723,32219
screen__f_screen:phone_screen_rapids_mindurationunlock_locmap_greens_norm:7dhist,screen,f_screen:phone_screen_rapids_mindurationunlock_locmap_greens_norm:7dhist,f_screen,phone_screen_rapids_mindurationunlock_locmap_greens,norm,7dhist,0.5372628434371723,32219
screen__f_screen:phone_screen_rapids_avgdurationunlock_locmap_greens_norm:7dhist,screen,f_screen:phone_screen_rapids_avgdurationunlock_locmap_greens_norm:7dhist,f_screen,phone_screen_rapids_avgdurationunlock_locmap_greens,norm,7dhist,0.5372628434371723,32219
screen__f_screen:phone_screen_rapids_stddurationunlock_locmap_greens_norm:7dhist,screen,f_screen:phone_screen_rapids_stddurationunlock_locmap_greens_norm:7dhist,f_screen,phone_screen_rapids_stddurationunlock_locmap_greens,norm,7dhist,0.5564077153977623,30886
screen__f_screen:phone_screen_rapids_firstuseafter00unlock_locmap_greens_norm:7dhist,screen,f_screen:phone_screen_rapids_firstuseafter00unlock_locmap_greens_norm:7dhist,f_screen,phone_screen_rapids_firstuseafter00unlock_locmap_greens,norm,7dhist,0.5372628434371723,32219
screen__f_screen:phone_screen_rapids_countepisodeunlock_locmap_living_norm:7dhist,screen,f_screen:phone_screen_rapids_countepisodeunlock_locmap_living_norm:7dhist,f_screen,phone_screen_rapids_countepisodeunlock_locmap_living,norm,7dhist,0.5748344751317735,29603
screen__f_screen:phone_screen_rapids_sumdurationunlock_locmap_living_norm:7dhist,screen,f_screen:phone_screen_rapids_sumdurationunlock_locmap_living_norm:7dhist,f_screen,phone_screen_rapids_sumdurationunlock_locmap_living,norm,7dhist,0.5748344751317735,29603
screen__f_screen:phone_screen_rapids_maxdurationunlock_locmap_living_norm:7dhist,screen,f_screen:phone_screen_rapids_maxdurationunlock_locmap_living_norm:7dhist,f_screen,phone_screen_rapids_maxdurationunlock_locmap_living,norm,7dhist,0.5748344751317735,29603
screen__f_screen:phone_screen_rapids_mindurationunlock_locmap_living_norm:7dhist,screen,f_screen:phone_screen_rapids_mindurationunlock_locmap_living_norm:7dhist,f_screen,phone_screen_rapids_mindurationunlock_locmap_living,norm,7dhist,0.5748344751317735,29603
screen__f_screen:phone_screen_rapids_avgdurationunlock_locmap_living_norm:7dhist,screen,f_screen:phone_screen_rapids_avgdurationunlock_locmap_living_norm:7dhist,f_screen,phone_screen_rapids_avgdurationunlock_locmap_living,norm,7dhist,0.5748344751317735,29603
screen__f_screen:phone_screen_rapids_stddurationunlock_locmap_living_norm:7dhist,screen,f_screen:phone_screen_rapids_stddurationunlock_locmap_living_norm:7dhist,f_screen,phone_screen_rapids_stddurationunlock_locmap_living,norm,7dhist,0.5928016430407744,28352
screen__f_screen:phone_screen_rapids_firstuseafter00unlock_locmap_living_norm:7dhist,screen,f_screen:phone_screen_rapids_firstuseafter00unlock_locmap_living_norm:7dhist,f_screen,phone_screen_rapids_firstuseafter00unlock_locmap_living,norm,7dhist,0.5748344751317735,29603
screen__f_screen:phone_screen_rapids_countepisodeunlock_locmap_study_norm:7dhist,screen,f_screen:phone_screen_rapids_countepisodeunlock_locmap_study_norm:7dhist,f_screen,phone_screen_rapids_countepisodeunlock_locmap_study,norm,7dhist,0.5780372556623149,29380
screen__f_screen:phone_screen_rapids_sumdurationunlock_locmap_study_norm:7dhist,screen,f_screen:phone_screen_rapids_sumdurationunlock_locmap_study_norm:7dhist,f_screen,phone_screen_rapids_sumdurationunlock_locmap_study,norm,7dhist,0.5780372556623149,29380
screen__f_screen:phone_screen_rapids_maxdurationunlock_locmap_study_norm:7dhist,screen,f_screen:phone_screen_rapids_maxdurationunlock_locmap_study_norm:7dhist,f_screen,phone_screen_rapids_maxdurationunlock_locmap_study,norm,7dhist,0.5780372556623149,29380
screen__f_screen:phone_screen_rapids_mindurationunlock_locmap_study_norm:7dhist,screen,f_screen:phone_screen_rapids_mindurationunlock_locmap_study_norm:7dhist,f_screen,phone_screen_rapids_mindurationunlock_locmap_study,norm,7dhist,0.5780372556623149,29380
screen__f_screen:phone_screen_rapids_avgdurationunlock_locmap_study_norm:7dhist,screen,f_screen:phone_screen_rapids_avgdurationunlock_locmap_study_norm:7dhist,f_screen,phone_screen_rapids_avgdurationunlock_locmap_study,norm,7dhist,0.5780372556623149,29380
screen__f_screen:phone_screen_rapids_stddurationunlock_locmap_study_norm:7dhist,screen,f_screen:phone_screen_rapids_stddurationunlock_locmap_study_norm:7dhist,f_screen,phone_screen_rapids_stddurationunlock_locmap_study,norm,7dhist,0.596061872549442,28125
screen__f_screen:phone_screen_rapids_firstuseafter00unlock_locmap_study_norm:7dhist,screen,f_screen:phone_screen_rapids_firstuseafter00unlock_locmap_study_norm:7dhist,f_screen,phone_screen_rapids_firstuseafter00unlock_locmap_study,norm,7dhist,0.5780372556623149,29380
screen__f_screen:phone_screen_rapids_countepisodeunlock_locmap_home_norm:7dhist,screen,f_screen:phone_screen_rapids_countepisodeunlock_locmap_home_norm:7dhist,f_screen,phone_screen_rapids_countepisodeunlock_locmap_home,norm,7dhist,0.2554325189940684,51842
screen__f_screen:phone_screen_rapids_sumdurationunlock_locmap_home_norm:7dhist,screen,f_screen:phone_screen_rapids_sumdurationunlock_locmap_home_norm:7dhist,f_screen,phone_screen_rapids_sumdurationunlock_locmap_home,norm,7dhist,0.2554325189940684,51842
screen__f_screen:phone_screen_rapids_maxdurationunlock_locmap_home_norm:7dhist,screen,f_screen:phone_screen_rapids_maxdurationunlock_locmap_home_norm:7dhist,f_screen,phone_screen_rapids_maxdurationunlock_locmap_home,norm,7dhist,0.2554325189940684,51842
screen__f_screen:phone_screen_rapids_mindurationunlock_locmap_home_norm:7dhist,screen,f_screen:phone_screen_rapids_mindurationunlock_locmap_home_norm:7dhist,f_screen,phone_screen_rapids_mindurationunlock_locmap_home,norm,7dhist,0.2554325189940684,51842
screen__f_screen:phone_screen_rapids_avgdurationunlock_locmap_home_norm:7dhist,screen,f_screen:phone_screen_rapids_avgdurationunlock_locmap_home_norm:7dhist,f_screen,phone_screen_rapids_avgdurationunlock_locmap_home,norm,7dhist,0.2554325189940684,51842
screen__f_screen:phone_screen_rapids_stddurationunlock_locmap_home_norm:7dhist,screen,f_screen:phone_screen_rapids_stddurationunlock_locmap_home_norm:7dhist,f_screen,phone_screen_rapids_stddurationunlock_locmap_home,norm,7dhist,0.25669639651284704,51754
screen__f_screen:phone_screen_rapids_firstuseafter00unlock_locmap_home_norm:7dhist,screen,f_screen:phone_screen_rapids_firstuseafter00unlock_locmap_home_norm:7dhist,f_screen,phone_screen_rapids_firstuseafter00unlock_locmap_home,norm,7dhist,0.2554325189940684,51842
screen__f_screen:phone_screen_rapids_countepisodeunlock:afternoon,screen,f_screen:phone_screen_rapids_countepisodeunlock:afternoon,f_screen,phone_screen_rapids_countepisodeunlock,raw,afternoon,0.2609045341605986,51461
screen__f_screen:phone_screen_rapids_sumdurationunlock:afternoon,screen,f_screen:phone_screen_rapids_sumdurationunlock:afternoon,f_screen,phone_screen_rapids_sumdurationunlock,raw,afternoon,0.2609045341605986,51461
screen__f_screen:phone_screen_rapids_maxdurationunlock:afternoon,screen,f_screen:phone_screen_rapids_maxdurationunlock:afternoon,f_screen,phone_screen_rapids_maxdurationunlock,raw,afternoon,0.2609045341605986,51461
screen__f_screen:phone_screen_rapids_mindurationunlock:afternoon,screen,f_screen:phone_screen_rapids_mindurationunlock:afternoon,f_screen,phone_screen_rapids_mindurationunlock,raw,afternoon,0.2609045341605986,51461
screen__f_screen:phone_screen_rapids_avgdurationunlock:afternoon,screen,f_screen:phone_screen_rapids_avgdurationunlock:afternoon,f_screen,phone_screen_rapids_avgdurationunlock,raw,afternoon,0.2609045341605986,51461
screen__f_screen:phone_screen_rapids_stddurationunlock:afternoon,screen,f_screen:phone_screen_rapids_stddurationunlock:afternoon,f_screen,phone_screen_rapids_stddurationunlock,raw,afternoon,0.27910149798210465,50194
screen__f_screen:phone_screen_rapids_firstuseafter00unlock:afternoon,screen,f_screen:phone_screen_rapids_firstuseafter00unlock:afternoon,f_screen,phone_screen_rapids_firstuseafter00unlock,raw,afternoon,0.2609045341605986,51461
screen__f_screen:phone_screen_rapids_countepisodeunlock_locmap_exercise:afternoon,screen,f_screen:phone_screen_rapids_countepisodeunlock_locmap_exercise:afternoon,f_screen,phone_screen_rapids_countepisodeunlock_locmap_exercise,raw,afternoon,0.9252301549686185,5206
screen__f_screen:phone_screen_rapids_sumdurationunlock_locmap_exercise:afternoon,screen,f_screen:phone_screen_rapids_sumdurationunlock_locmap_exercise:afternoon,f_screen,phone_screen_rapids_sumdurationunlock_locmap_exercise,raw,afternoon,0.9252301549686185,5206
screen__f_screen:phone_screen_rapids_maxdurationunlock_locmap_exercise:afternoon,screen,f_screen:phone_screen_rapids_maxdurationunlock_locmap_exercise:afternoon,f_screen,phone_screen_rapids_maxdurationunlock_locmap_exercise,raw,afternoon,0.9252301549686185,5206
screen__f_screen:phone_screen_rapids_mindurationunlock_locmap_exercise:afternoon,screen,f_screen:phone_screen_rapids_mindurationunlock_locmap_exercise:afternoon,f_screen,phone_screen_rapids_mindurationunlock_locmap_exercise,raw,afternoon,0.9252301549686185,5206
screen__f_screen:phone_screen_rapids_avgdurationunlock_locmap_exercise:afternoon,screen,f_screen:phone_screen_rapids_avgdurationunlock_locmap_exercise:afternoon,f_screen,phone_screen_rapids_avgdurationunlock_locmap_exercise,raw,afternoon,0.9252301549686185,5206
screen__f_screen:phone_screen_rapids_stddurationunlock_locmap_exercise:afternoon,screen,f_screen:phone_screen_rapids_stddurationunlock_locmap_exercise:afternoon,f_screen,phone_screen_rapids_stddurationunlock_locmap_exercise,raw,afternoon,0.947505996237092,3655
screen__f_screen:phone_screen_rapids_firstuseafter00unlock_locmap_exercise:afternoon,screen,f_screen:phone_screen_rapids_firstuseafter00unlock_locmap_exercise:afternoon,f_screen,phone_screen_rapids_firstuseafter00unlock_locmap_exercise,raw,afternoon,0.9252301549686185,5206
screen__f_screen:phone_screen_rapids_countepisodeunlock_locmap_greens:afternoon,screen,f_screen:phone_screen_rapids_countepisodeunlock_locmap_greens:afternoon,f_screen,phone_screen_rapids_countepisodeunlock_locmap_greens,raw,afternoon,0.7802289341778333,15302
screen__f_screen:phone_screen_rapids_sumdurationunlock_locmap_greens:afternoon,screen,f_screen:phone_screen_rapids_sumdurationunlock_locmap_greens:afternoon,f_screen,phone_screen_rapids_sumdurationunlock_locmap_greens,raw,afternoon,0.7802289341778333,15302
screen__f_screen:phone_screen_rapids_maxdurationunlock_locmap_greens:afternoon,screen,f_screen:phone_screen_rapids_maxdurationunlock_locmap_greens:afternoon,f_screen,phone_screen_rapids_maxdurationunlock_locmap_greens,raw,afternoon,0.7802289341778333,15302
screen__f_screen:phone_screen_rapids_mindurationunlock_locmap_greens:afternoon,screen,f_screen:phone_screen_rapids_mindurationunlock_locmap_greens:afternoon,f_screen,phone_screen_rapids_mindurationunlock_locmap_greens,raw,afternoon,0.7802289341778333,15302
screen__f_screen:phone_screen_rapids_avgdurationunlock_locmap_greens:afternoon,screen,f_screen:phone_screen_rapids_avgdurationunlock_locmap_greens:afternoon,f_screen,phone_screen_rapids_avgdurationunlock_locmap_greens,raw,afternoon,0.7802289341778333,15302
screen__f_screen:phone_screen_rapids_stddurationunlock_locmap_greens:afternoon,screen,f_screen:phone_screen_rapids_stddurationunlock_locmap_greens:afternoon,f_screen,phone_screen_rapids_stddurationunlock_locmap_greens,raw,afternoon,0.8203139586654602,12511
screen__f_screen:phone_screen_rapids_firstuseafter00unlock_locmap_greens:afternoon,screen,f_screen:phone_screen_rapids_firstuseafter00unlock_locmap_greens:afternoon,f_screen,phone_screen_rapids_firstuseafter00unlock_locmap_greens,raw,afternoon,0.7802289341778333,15302
screen__f_screen:phone_screen_rapids_countepisodeunlock_locmap_living:afternoon,screen,f_screen:phone_screen_rapids_countepisodeunlock_locmap_living:afternoon,f_screen,phone_screen_rapids_countepisodeunlock_locmap_living,raw,afternoon,0.7339250578080342,18526
screen__f_screen:phone_screen_rapids_sumdurationunlock_locmap_living:afternoon,screen,f_screen:phone_screen_rapids_sumdurationunlock_locmap_living:afternoon,f_screen,phone_screen_rapids_sumdurationunlock_locmap_living,raw,afternoon,0.7339250578080342,18526
screen__f_screen:phone_screen_rapids_maxdurationunlock_locmap_living:afternoon,screen,f_screen:phone_screen_rapids_maxdurationunlock_locmap_living:afternoon,f_screen,phone_screen_rapids_maxdurationunlock_locmap_living,raw,afternoon,0.7339250578080342,18526
screen__f_screen:phone_screen_rapids_mindurationunlock_locmap_living:afternoon,screen,f_screen:phone_screen_rapids_mindurationunlock_locmap_living:afternoon,f_screen,phone_screen_rapids_mindurationunlock_locmap_living,raw,afternoon,0.7339250578080342,18526
screen__f_screen:phone_screen_rapids_avgdurationunlock_locmap_living:afternoon,screen,f_screen:phone_screen_rapids_avgdurationunlock_locmap_living:afternoon,f_screen,phone_screen_rapids_avgdurationunlock_locmap_living,raw,afternoon,0.7339250578080342,18526
screen__f_screen:phone_screen_rapids_stddurationunlock_locmap_living:afternoon,screen,f_screen:phone_screen_rapids_stddurationunlock_locmap_living:afternoon,f_screen,phone_screen_rapids_stddurationunlock_locmap_living,raw,afternoon,0.7541183736194292,17120
screen__f_screen:phone_screen_rapids_firstuseafter00unlock_locmap_living:afternoon,screen,f_screen:phone_screen_rapids_firstuseafter00unlock_locmap_living:afternoon,f_screen,phone_screen_rapids_firstuseafter00unlock_locmap_living,raw,afternoon,0.7339250578080342,18526
screen__f_screen:phone_screen_rapids_countepisodeunlock_locmap_study:afternoon,screen,f_screen:phone_screen_rapids_countepisodeunlock_locmap_study:afternoon,f_screen,phone_screen_rapids_countepisodeunlock_locmap_study,raw,afternoon,0.788831918652247,14703
screen__f_screen:phone_screen_rapids_sumdurationunlock_locmap_study:afternoon,screen,f_screen:phone_screen_rapids_sumdurationunlock_locmap_study:afternoon,f_screen,phone_screen_rapids_sumdurationunlock_locmap_study,raw,afternoon,0.788831918652247,14703
screen__f_screen:phone_screen_rapids_maxdurationunlock_locmap_study:afternoon,screen,f_screen:phone_screen_rapids_maxdurationunlock_locmap_study:afternoon,f_screen,phone_screen_rapids_maxdurationunlock_locmap_study,raw,afternoon,0.788831918652247,14703
screen__f_screen:phone_screen_rapids_mindurationunlock_locmap_study:afternoon,screen,f_screen:phone_screen_rapids_mindurationunlock_locmap_study:afternoon,f_screen,phone_screen_rapids_mindurationunlock_locmap_study,raw,afternoon,0.788831918652247,14703
screen__f_screen:phone_screen_rapids_avgdurationunlock_locmap_study:afternoon,screen,f_screen:phone_screen_rapids_avgdurationunlock_locmap_study:afternoon,f_screen,phone_screen_rapids_avgdurationunlock_locmap_study,raw,afternoon,0.788831918652247,14703
screen__f_screen:phone_screen_rapids_stddurationunlock_locmap_study:afternoon,screen,f_screen:phone_screen_rapids_stddurationunlock_locmap_study:afternoon,f_screen,phone_screen_rapids_stddurationunlock_locmap_study,raw,afternoon,0.8164792393755296,12778
screen__f_screen:phone_screen_rapids_firstuseafter00unlock_locmap_study:afternoon,screen,f_screen:phone_screen_rapids_firstuseafter00unlock_locmap_study:afternoon,f_screen,phone_screen_rapids_firstuseafter00unlock_locmap_study,raw,afternoon,0.788831918652247,14703
screen__f_screen:phone_screen_rapids_countepisodeunlock_locmap_home:afternoon,screen,f_screen:phone_screen_rapids_countepisodeunlock_locmap_home:afternoon,f_screen,phone_screen_rapids_countepisodeunlock_locmap_home,raw,afternoon,0.4234133310353742,40146
screen__f_screen:phone_screen_rapids_sumdurationunlock_locmap_home:afternoon,screen,f_screen:phone_screen_rapids_sumdurationunlock_locmap_home:afternoon,f_screen,phone_screen_rapids_sumdurationunlock_locmap_home,raw,afternoon,0.4234133310353742,40146
screen__f_screen:phone_screen_rapids_maxdurationunlock_locmap_home:afternoon,screen,f_screen:phone_screen_rapids_maxdurationunlock_locmap_home:afternoon,f_screen,phone_screen_rapids_maxdurationunlock_locmap_home,raw,afternoon,0.4234133310353742,40146
screen__f_screen:phone_screen_rapids_mindurationunlock_locmap_home:afternoon,screen,f_screen:phone_screen_rapids_mindurationunlock_locmap_home:afternoon,f_screen,phone_screen_rapids_mindurationunlock_locmap_home,raw,afternoon,0.4234133310353742,40146
screen__f_screen:phone_screen_rapids_avgdurationunlock_locmap_home:afternoon,screen,f_screen:phone_screen_rapids_avgdurationunlock_locmap_home:afternoon,f_screen,phone_screen_rapids_avgdurationunlock_locmap_home,raw,afternoon,0.4234133310353742,40146
screen__f_screen:phone_screen_rapids_stddurationunlock_locmap_home:afternoon,screen,f_screen:phone_screen_rapids_stddurationunlock_locmap_home:afternoon,f_screen,phone_screen_rapids_stddurationunlock_locmap_home,raw,afternoon,0.44527266721243197,38624
screen__f_screen:phone_screen_rapids_firstuseafter00unlock_locmap_home:afternoon,screen,f_screen:phone_screen_rapids_firstuseafter00unlock_locmap_home:afternoon,f_screen,phone_screen_rapids_firstuseafter00unlock_locmap_home,raw,afternoon,0.4234133310353742,40146
screen__f_screen:phone_screen_rapids_countepisodeunlock_dis:afternoon,screen,f_screen:phone_screen_rapids_countepisodeunlock_dis:afternoon,f_screen,phone_screen_rapids_countepisodeunlock,dis,afternoon,0.2609045341605986,51461
screen__f_screen:phone_screen_rapids_sumdurationunlock_dis:afternoon,screen,f_screen:phone_screen_rapids_sumdurationunlock_dis:afternoon,f_screen,phone_screen_rapids_sumdurationunlock,dis,afternoon,0.2609045341605986,51461
screen__f_screen:phone_screen_rapids_maxdurationunlock_dis:afternoon,screen,f_screen:phone_screen_rapids_maxdurationunlock_dis:afternoon,f_screen,phone_screen_rapids_maxdurationunlock,dis,afternoon,0.2609045341605986,51461
screen__f_screen:phone_screen_rapids_mindurationunlock_dis:afternoon,screen,f_screen:phone_screen_rapids_mindurationunlock_dis:afternoon,f_screen,phone_screen_rapids_mindurationunlock,dis,afternoon,0.2609045341605986,51461
screen__f_screen:phone_screen_rapids_avgdurationunlock_dis:afternoon,screen,f_screen:phone_screen_rapids_avgdurationunlock_dis:afternoon,f_screen,phone_screen_rapids_avgdurationunlock,dis,afternoon,0.2609045341605986,51461
screen__f_screen:phone_screen_rapids_stddurationunlock_dis:afternoon,screen,f_screen:phone_screen_rapids_stddurationunlock_dis:afternoon,f_screen,phone_screen_rapids_stddurationunlock,dis,afternoon,0.27910149798210465,50194
screen__f_screen:phone_screen_rapids_firstuseafter00unlock_dis:afternoon,screen,f_screen:phone_screen_rapids_firstuseafter00unlock_dis:afternoon,f_screen,phone_screen_rapids_firstuseafter00unlock,dis,afternoon,0.2609045341605986,51461
screen__f_screen:phone_screen_rapids_countepisodeunlock_locmap_exercise_dis:afternoon,screen,f_screen:phone_screen_rapids_countepisodeunlock_locmap_exercise_dis:afternoon,f_screen,phone_screen_rapids_countepisodeunlock_locmap_exercise,dis,afternoon,0.9252301549686185,5206
screen__f_screen:phone_screen_rapids_sumdurationunlock_locmap_exercise_dis:afternoon,screen,f_screen:phone_screen_rapids_sumdurationunlock_locmap_exercise_dis:afternoon,f_screen,phone_screen_rapids_sumdurationunlock_locmap_exercise,dis,afternoon,0.9252301549686185,5206
screen__f_screen:phone_screen_rapids_maxdurationunlock_locmap_exercise_dis:afternoon,screen,f_screen:phone_screen_rapids_maxdurationunlock_locmap_exercise_dis:afternoon,f_screen,phone_screen_rapids_maxdurationunlock_locmap_exercise,dis,afternoon,0.9252301549686185,5206
screen__f_screen:phone_screen_rapids_mindurationunlock_locmap_exercise_dis:afternoon,screen,f_screen:phone_screen_rapids_mindurationunlock_locmap_exercise_dis:afternoon,f_screen,phone_screen_rapids_mindurationunlock_locmap_exercise,dis,afternoon,0.9252301549686185,5206
screen__f_screen:phone_screen_rapids_avgdurationunlock_locmap_exercise_dis:afternoon,screen,f_screen:phone_screen_rapids_avgdurationunlock_locmap_exercise_dis:afternoon,f_screen,phone_screen_rapids_avgdurationunlock_locmap_exercise,dis,afternoon,0.9252301549686185,5206
screen__f_screen:phone_screen_rapids_stddurationunlock_locmap_exercise_dis:afternoon,screen,f_screen:phone_screen_rapids_stddurationunlock_locmap_exercise_dis:afternoon,f_screen,phone_screen_rapids_stddurationunlock_locmap_exercise,dis,afternoon,0.947505996237092,3655
screen__f_screen:phone_screen_rapids_firstuseafter00unlock_locmap_exercise_dis:afternoon,screen,f_screen:phone_screen_rapids_firstuseafter00unlock_locmap_exercise_dis:afternoon,f_screen,phone_screen_rapids_firstuseafter00unlock_locmap_exercise,dis,afternoon,0.9252301549686185,5206
screen__f_screen:phone_screen_rapids_countepisodeunlock_locmap_greens_dis:afternoon,screen,f_screen:phone_screen_rapids_countepisodeunlock_locmap_greens_dis:afternoon,f_screen,phone_screen_rapids_countepisodeunlock_locmap_greens,dis,afternoon,0.7802289341778333,15302
screen__f_screen:phone_screen_rapids_sumdurationunlock_locmap_greens_dis:afternoon,screen,f_screen:phone_screen_rapids_sumdurationunlock_locmap_greens_dis:afternoon,f_screen,phone_screen_rapids_sumdurationunlock_locmap_greens,dis,afternoon,0.7802289341778333,15302
screen__f_screen:phone_screen_rapids_maxdurationunlock_locmap_greens_dis:afternoon,screen,f_screen:phone_screen_rapids_maxdurationunlock_locmap_greens_dis:afternoon,f_screen,phone_screen_rapids_maxdurationunlock_locmap_greens,dis,afternoon,0.7802289341778333,15302
screen__f_screen:phone_screen_rapids_mindurationunlock_locmap_greens_dis:afternoon,screen,f_screen:phone_screen_rapids_mindurationunlock_locmap_greens_dis:afternoon,f_screen,phone_screen_rapids_mindurationunlock_locmap_greens,dis,afternoon,0.7802289341778333,15302
screen__f_screen:phone_screen_rapids_avgdurationunlock_locmap_greens_dis:afternoon,screen,f_screen:phone_screen_rapids_avgdurationunlock_locmap_greens_dis:afternoon,f_screen,phone_screen_rapids_avgdurationunlock_locmap_greens,dis,afternoon,0.7802289341778333,15302
screen__f_screen:phone_screen_rapids_stddurationunlock_locmap_greens_dis:afternoon,screen,f_screen:phone_screen_rapids_stddurationunlock_locmap_greens_dis:afternoon,f_screen,phone_screen_rapids_stddurationunlock_locmap_greens,dis,afternoon,0.8203139586654602,12511
screen__f_screen:phone_screen_rapids_firstuseafter00unlock_locmap_greens_dis:afternoon,screen,f_screen:phone_screen_rapids_firstuseafter00unlock_locmap_greens_dis:afternoon,f_screen,phone_screen_rapids_firstuseafter00unlock_locmap_greens,dis,afternoon,0.7802289341778333,15302
screen__f_screen:phone_screen_rapids_countepisodeunlock_locmap_living_dis:afternoon,screen,f_screen:phone_screen_rapids_countepisodeunlock_locmap_living_dis:afternoon,f_screen,phone_screen_rapids_countepisodeunlock_locmap_living,dis,afternoon,0.7339250578080342,18526
screen__f_screen:phone_screen_rapids_sumdurationunlock_locmap_living_dis:afternoon,screen,f_screen:phone_screen_rapids_sumdurationunlock_locmap_living_dis:afternoon,f_screen,phone_screen_rapids_sumdurationunlock_locmap_living,dis,afternoon,0.7339250578080342,18526
screen__f_screen:phone_screen_rapids_maxdurationunlock_locmap_living_dis:afternoon,screen,f_screen:phone_screen_rapids_maxdurationunlock_locmap_living_dis:afternoon,f_screen,phone_screen_rapids_maxdurationunlock_locmap_living,dis,afternoon,0.7339250578080342,18526
screen__f_screen:phone_screen_rapids_mindurationunlock_locmap_living_dis:afternoon,screen,f_screen:phone_screen_rapids_mindurationunlock_locmap_living_dis:afternoon,f_screen,phone_screen_rapids_mindurationunlock_locmap_living,dis,afternoon,0.7339250578080342,18526
screen__f_screen:phone_screen_rapids_avgdurationunlock_locmap_living_dis:afternoon,screen,f_screen:phone_screen_rapids_avgdurationunlock_locmap_living_dis:afternoon,f_screen,phone_screen_rapids_avgdurationunlock_locmap_living,dis,afternoon,0.7339250578080342,18526
screen__f_screen:phone_screen_rapids_stddurationunlock_locmap_living_dis:afternoon,screen,f_screen:phone_screen_rapids_stddurationunlock_locmap_living_dis:afternoon,f_screen,phone_screen_rapids_stddurationunlock_locmap_living,dis,afternoon,0.7541183736194292,17120
screen__f_screen:phone_screen_rapids_firstuseafter00unlock_locmap_living_dis:afternoon,screen,f_screen:phone_screen_rapids_firstuseafter00unlock_locmap_living_dis:afternoon,f_screen,phone_screen_rapids_firstuseafter00unlock_locmap_living,dis,afternoon,0.7339250578080342,18526
screen__f_screen:phone_screen_rapids_countepisodeunlock_locmap_study_dis:afternoon,screen,f_screen:phone_screen_rapids_countepisodeunlock_locmap_study_dis:afternoon,f_screen,phone_screen_rapids_countepisodeunlock_locmap_study,dis,afternoon,0.788831918652247,14703
screen__f_screen:phone_screen_rapids_sumdurationunlock_locmap_study_dis:afternoon,screen,f_screen:phone_screen_rapids_sumdurationunlock_locmap_study_dis:afternoon,f_screen,phone_screen_rapids_sumdurationunlock_locmap_study,dis,afternoon,0.788831918652247,14703
screen__f_screen:phone_screen_rapids_maxdurationunlock_locmap_study_dis:afternoon,screen,f_screen:phone_screen_rapids_maxdurationunlock_locmap_study_dis:afternoon,f_screen,phone_screen_rapids_maxdurationunlock_locmap_study,dis,afternoon,0.788831918652247,14703
screen__f_screen:phone_screen_rapids_mindurationunlock_locmap_study_dis:afternoon,screen,f_screen:phone_screen_rapids_mindurationunlock_locmap_study_dis:afternoon,f_screen,phone_screen_rapids_mindurationunlock_locmap_study,dis,afternoon,0.788831918652247,14703
screen__f_screen:phone_screen_rapids_avgdurationunlock_locmap_study_dis:afternoon,screen,f_screen:phone_screen_rapids_avgdurationunlock_locmap_study_dis:afternoon,f_screen,phone_screen_rapids_avgdurationunlock_locmap_study,dis,afternoon,0.788831918652247,14703
screen__f_screen:phone_screen_rapids_stddurationunlock_locmap_study_dis:afternoon,screen,f_screen:phone_screen_rapids_stddurationunlock_locmap_study_dis:afternoon,f_screen,phone_screen_rapids_stddurationunlock_locmap_study,dis,afternoon,0.8164792393755296,12778
screen__f_screen:phone_screen_rapids_firstuseafter00unlock_locmap_study_dis:afternoon,screen,f_screen:phone_screen_rapids_firstuseafter00unlock_locmap_study_dis:afternoon,f_screen,phone_screen_rapids_firstuseafter00unlock_locmap_study,dis,afternoon,0.788831918652247,14703
screen__f_screen:phone_screen_rapids_countepisodeunlock_locmap_home_dis:afternoon,screen,f_screen:phone_screen_rapids_countepisodeunlock_locmap_home_dis:afternoon,f_screen,phone_screen_rapids_countepisodeunlock_locmap_home,dis,afternoon,0.4234133310353742,40146
screen__f_screen:phone_screen_rapids_sumdurationunlock_locmap_home_dis:afternoon,screen,f_screen:phone_screen_rapids_sumdurationunlock_locmap_home_dis:afternoon,f_screen,phone_screen_rapids_sumdurationunlock_locmap_home,dis,afternoon,0.4234133310353742,40146
screen__f_screen:phone_screen_rapids_maxdurationunlock_locmap_home_dis:afternoon,screen,f_screen:phone_screen_rapids_maxdurationunlock_locmap_home_dis:afternoon,f_screen,phone_screen_rapids_maxdurationunlock_locmap_home,dis,afternoon,0.4234133310353742,40146
screen__f_screen:phone_screen_rapids_mindurationunlock_locmap_home_dis:afternoon,screen,f_screen:phone_screen_rapids_mindurationunlock_locmap_home_dis:afternoon,f_screen,phone_screen_rapids_mindurationunlock_locmap_home,dis,afternoon,0.4234133310353742,40146
screen__f_screen:phone_screen_rapids_avgdurationunlock_locmap_home_dis:afternoon,screen,f_screen:phone_screen_rapids_avgdurationunlock_locmap_home_dis:afternoon,f_screen,phone_screen_rapids_avgdurationunlock_locmap_home,dis,afternoon,0.4234133310353742,40146
screen__f_screen:phone_screen_rapids_stddurationunlock_locmap_home_dis:afternoon,screen,f_screen:phone_screen_rapids_stddurationunlock_locmap_home_dis:afternoon,f_screen,phone_screen_rapids_stddurationunlock_locmap_home,dis,afternoon,0.44527266721243197,38624
screen__f_screen:phone_screen_rapids_firstuseafter00unlock_locmap_home_dis:afternoon,screen,f_screen:phone_screen_rapids_firstuseafter00unlock_locmap_home_dis:afternoon,f_screen,phone_screen_rapids_firstuseafter00unlock_locmap_home,dis,afternoon,0.4234133310353742,40146
screen__f_screen:phone_screen_rapids_countepisodeunlock_norm:afternoon,screen,f_screen:phone_screen_rapids_countepisodeunlock_norm:afternoon,f_screen,phone_screen_rapids_countepisodeunlock,norm,afternoon,0.2609045341605986,51461
screen__f_screen:phone_screen_rapids_sumdurationunlock_norm:afternoon,screen,f_screen:phone_screen_rapids_sumdurationunlock_norm:afternoon,f_screen,phone_screen_rapids_sumdurationunlock,norm,afternoon,0.2609045341605986,51461
screen__f_screen:phone_screen_rapids_maxdurationunlock_norm:afternoon,screen,f_screen:phone_screen_rapids_maxdurationunlock_norm:afternoon,f_screen,phone_screen_rapids_maxdurationunlock,norm,afternoon,0.2609045341605986,51461
screen__f_screen:phone_screen_rapids_mindurationunlock_norm:afternoon,screen,f_screen:phone_screen_rapids_mindurationunlock_norm:afternoon,f_screen,phone_screen_rapids_mindurationunlock,norm,afternoon,0.2609045341605986,51461
screen__f_screen:phone_screen_rapids_avgdurationunlock_norm:afternoon,screen,f_screen:phone_screen_rapids_avgdurationunlock_norm:afternoon,f_screen,phone_screen_rapids_avgdurationunlock,norm,afternoon,0.2609045341605986,51461
screen__f_screen:phone_screen_rapids_stddurationunlock_norm:afternoon,screen,f_screen:phone_screen_rapids_stddurationunlock_norm:afternoon,f_screen,phone_screen_rapids_stddurationunlock,norm,afternoon,0.27910149798210465,50194
screen__f_screen:phone_screen_rapids_firstuseafter00unlock_norm:afternoon,screen,f_screen:phone_screen_rapids_firstuseafter00unlock_norm:afternoon,f_screen,phone_screen_rapids_firstuseafter00unlock,norm,afternoon,0.2609045341605986,51461
screen__f_screen:phone_screen_rapids_countepisodeunlock_locmap_exercise_norm:afternoon,screen,f_screen:phone_screen_rapids_countepisodeunlock_locmap_exercise_norm:afternoon,f_screen,phone_screen_rapids_countepisodeunlock_locmap_exercise,norm,afternoon,0.9252301549686185,5206
screen__f_screen:phone_screen_rapids_sumdurationunlock_locmap_exercise_norm:afternoon,screen,f_screen:phone_screen_rapids_sumdurationunlock_locmap_exercise_norm:afternoon,f_screen,phone_screen_rapids_sumdurationunlock_locmap_exercise,norm,afternoon,0.9252301549686185,5206
screen__f_screen:phone_screen_rapids_maxdurationunlock_locmap_exercise_norm:afternoon,screen,f_screen:phone_screen_rapids_maxdurationunlock_locmap_exercise_norm:afternoon,f_screen,phone_screen_rapids_maxdurationunlock_locmap_exercise,norm,afternoon,0.9252301549686185,5206
screen__f_screen:phone_screen_rapids_mindurationunlock_locmap_exercise_norm:afternoon,screen,f_screen:phone_screen_rapids_mindurationunlock_locmap_exercise_norm:afternoon,f_screen,phone_screen_rapids_mindurationunlock_locmap_exercise,norm,afternoon,0.9252301549686185,5206
screen__f_screen:phone_screen_rapids_avgdurationunlock_locmap_exercise_norm:afternoon,screen,f_screen:phone_screen_rapids_avgdurationunlock_locmap_exercise_norm:afternoon,f_screen,phone_screen_rapids_avgdurationunlock_locmap_exercise,norm,afternoon,0.9252301549686185,5206
screen__f_screen:phone_screen_rapids_stddurationunlock_locmap_exercise_norm:afternoon,screen,f_screen:phone_screen_rapids_stddurationunlock_locmap_exercise_norm:afternoon,f_screen,phone_screen_rapids_stddurationunlock_locmap_exercise,norm,afternoon,0.947505996237092,3655
screen__f_screen:phone_screen_rapids_firstuseafter00unlock_locmap_exercise_norm:afternoon,screen,f_screen:phone_screen_rapids_firstuseafter00unlock_locmap_exercise_norm:afternoon,f_screen,phone_screen_rapids_firstuseafter00unlock_locmap_exercise,norm,afternoon,0.9252301549686185,5206
screen__f_screen:phone_screen_rapids_countepisodeunlock_locmap_greens_norm:afternoon,screen,f_screen:phone_screen_rapids_countepisodeunlock_locmap_greens_norm:afternoon,f_screen,phone_screen_rapids_countepisodeunlock_locmap_greens,norm,afternoon,0.7802289341778333,15302
screen__f_screen:phone_screen_rapids_sumdurationunlock_locmap_greens_norm:afternoon,screen,f_screen:phone_screen_rapids_sumdurationunlock_locmap_greens_norm:afternoon,f_screen,phone_screen_rapids_sumdurationunlock_locmap_greens,norm,afternoon,0.7802289341778333,15302
screen__f_screen:phone_screen_rapids_maxdurationunlock_locmap_greens_norm:afternoon,screen,f_screen:phone_screen_rapids_maxdurationunlock_locmap_greens_norm:afternoon,f_screen,phone_screen_rapids_maxdurationunlock_locmap_greens,norm,afternoon,0.7802289341778333,15302
screen__f_screen:phone_screen_rapids_mindurationunlock_locmap_greens_norm:afternoon,screen,f_screen:phone_screen_rapids_mindurationunlock_locmap_greens_norm:afternoon,f_screen,phone_screen_rapids_mindurationunlock_locmap_greens,norm,afternoon,0.7802289341778333,15302
screen__f_screen:phone_screen_rapids_avgdurationunlock_locmap_greens_norm:afternoon,screen,f_screen:phone_screen_rapids_avgdurationunlock_locmap_greens_norm:afternoon,f_screen,phone_screen_rapids_avgdurationunlock_locmap_greens,norm,afternoon,0.7802289341778333,15302
screen__f_screen:phone_screen_rapids_stddurationunlock_locmap_greens_norm:afternoon,screen,f_screen:phone_screen_rapids_stddurationunlock_locmap_greens_norm:afternoon,f_screen,phone_screen_rapids_stddurationunlock_locmap_greens,norm,afternoon,0.8203139586654602,12511
screen__f_screen:phone_screen_rapids_firstuseafter00unlock_locmap_greens_norm:afternoon,screen,f_screen:phone_screen_rapids_firstuseafter00unlock_locmap_greens_norm:afternoon,f_screen,phone_screen_rapids_firstuseafter00unlock_locmap_greens,norm,afternoon,0.7802289341778333,15302
screen__f_screen:phone_screen_rapids_countepisodeunlock_locmap_living_norm:afternoon,screen,f_screen:phone_screen_rapids_countepisodeunlock_locmap_living_norm:afternoon,f_screen,phone_screen_rapids_countepisodeunlock_locmap_living,norm,afternoon,0.7339250578080342,18526
screen__f_screen:phone_screen_rapids_sumdurationunlock_locmap_living_norm:afternoon,screen,f_screen:phone_screen_rapids_sumdurationunlock_locmap_living_norm:afternoon,f_screen,phone_screen_rapids_sumdurationunlock_locmap_living,norm,afternoon,0.7339250578080342,18526
screen__f_screen:phone_screen_rapids_maxdurationunlock_locmap_living_norm:afternoon,screen,f_screen:phone_screen_rapids_maxdurationunlock_locmap_living_norm:afternoon,f_screen,phone_screen_rapids_maxdurationunlock_locmap_living,norm,afternoon,0.7339250578080342,18526
screen__f_screen:phone_screen_rapids_mindurationunlock_locmap_living_norm:afternoon,screen,f_screen:phone_screen_rapids_mindurationunlock_locmap_living_norm:afternoon,f_screen,phone_screen_rapids_mindurationunlock_locmap_living,norm,afternoon,0.7339250578080342,18526
screen__f_screen:phone_screen_rapids_avgdurationunlock_locmap_living_norm:afternoon,screen,f_screen:phone_screen_rapids_avgdurationunlock_locmap_living_norm:afternoon,f_screen,phone_screen_rapids_avgdurationunlock_locmap_living,norm,afternoon,0.7339250578080342,18526
screen__f_screen:phone_screen_rapids_stddurationunlock_locmap_living_norm:afternoon,screen,f_screen:phone_screen_rapids_stddurationunlock_locmap_living_norm:afternoon,f_screen,phone_screen_rapids_stddurationunlock_locmap_living,norm,afternoon,0.7541183736194292,17120
screen__f_screen:phone_screen_rapids_firstuseafter00unlock_locmap_living_norm:afternoon,screen,f_screen:phone_screen_rapids_firstuseafter00unlock_locmap_living_norm:afternoon,f_screen,phone_screen_rapids_firstuseafter00unlock_locmap_living,norm,afternoon,0.7339250578080342,18526
screen__f_screen:phone_screen_rapids_countepisodeunlock_locmap_study_norm:afternoon,screen,f_screen:phone_screen_rapids_countepisodeunlock_locmap_study_norm:afternoon,f_screen,phone_screen_rapids_countepisodeunlock_locmap_study,norm,afternoon,0.788831918652247,14703
screen__f_screen:phone_screen_rapids_sumdurationunlock_locmap_study_norm:afternoon,screen,f_screen:phone_screen_rapids_sumdurationunlock_locmap_study_norm:afternoon,f_screen,phone_screen_rapids_sumdurationunlock_locmap_study,norm,afternoon,0.788831918652247,14703
screen__f_screen:phone_screen_rapids_maxdurationunlock_locmap_study_norm:afternoon,screen,f_screen:phone_screen_rapids_maxdurationunlock_locmap_study_norm:afternoon,f_screen,phone_screen_rapids_maxdurationunlock_locmap_study,norm,afternoon,0.788831918652247,14703
screen__f_screen:phone_screen_rapids_mindurationunlock_locmap_study_norm:afternoon,screen,f_screen:phone_screen_rapids_mindurationunlock_locmap_study_norm:afternoon,f_screen,phone_screen_rapids_mindurationunlock_locmap_study,norm,afternoon,0.788831918652247,14703
screen__f_screen:phone_screen_rapids_avgdurationunlock_locmap_study_norm:afternoon,screen,f_screen:phone_screen_rapids_avgdurationunlock_locmap_study_norm:afternoon,f_screen,phone_screen_rapids_avgdurationunlock_locmap_study,norm,afternoon,0.788831918652247,14703
screen__f_screen:phone_screen_rapids_stddurationunlock_locmap_study_norm:afternoon,screen,f_screen:phone_screen_rapids_stddurationunlock_locmap_study_norm:afternoon,f_screen,phone_screen_rapids_stddurationunlock_locmap_study,norm,afternoon,0.8164792393755296,12778
screen__f_screen:phone_screen_rapids_firstuseafter00unlock_locmap_study_norm:afternoon,screen,f_screen:phone_screen_rapids_firstuseafter00unlock_locmap_study_norm:afternoon,f_screen,phone_screen_rapids_firstuseafter00unlock_locmap_study,norm,afternoon,0.788831918652247,14703
screen__f_screen:phone_screen_rapids_countepisodeunlock_locmap_home_norm:afternoon,screen,f_screen:phone_screen_rapids_countepisodeunlock_locmap_home_norm:afternoon,f_screen,phone_screen_rapids_countepisodeunlock_locmap_home,norm,afternoon,0.4234133310353742,40146
screen__f_screen:phone_screen_rapids_sumdurationunlock_locmap_home_norm:afternoon,screen,f_screen:phone_screen_rapids_sumdurationunlock_locmap_home_norm:afternoon,f_screen,phone_screen_rapids_sumdurationunlock_locmap_home,norm,afternoon,0.4234133310353742,40146
screen__f_screen:phone_screen_rapids_maxdurationunlock_locmap_home_norm:afternoon,screen,f_screen:phone_screen_rapids_maxdurationunlock_locmap_home_norm:afternoon,f_screen,phone_screen_rapids_maxdurationunlock_locmap_home,norm,afternoon,0.4234133310353742,40146
screen__f_screen:phone_screen_rapids_mindurationunlock_locmap_home_norm:afternoon,screen,f_screen:phone_screen_rapids_mindurationunlock_locmap_home_norm:afternoon,f_screen,phone_screen_rapids_mindurationunlock_locmap_home,norm,afternoon,0.4234133310353742,40146
screen__f_screen:phone_screen_rapids_avgdurationunlock_locmap_home_norm:afternoon,screen,f_screen:phone_screen_rapids_avgdurationunlock_locmap_home_norm:afternoon,f_screen,phone_screen_rapids_avgdurationunlock_locmap_home,norm,afternoon,0.4234133310353742,40146
screen__f_screen:phone_screen_rapids_stddurationunlock_locmap_home_norm:afternoon,screen,f_screen:phone_screen_rapids_stddurationunlock_locmap_home_norm:afternoon,f_screen,phone_screen_rapids_stddurationunlock_locmap_home,norm,afternoon,0.44527266721243197,38624
screen__f_screen:phone_screen_rapids_firstuseafter00unlock_locmap_home_norm:afternoon,screen,f_screen:phone_screen_rapids_firstuseafter00unlock_locmap_home_norm:afternoon,f_screen,phone_screen_rapids_firstuseafter00unlock_locmap_home,norm,afternoon,0.4234133310353742,40146
screen__f_screen:phone_screen_rapids_countepisodeunlock:allday,screen,f_screen:phone_screen_rapids_countepisodeunlock:allday,f_screen,phone_screen_rapids_countepisodeunlock,raw,allday,0.2514110905252273,52122
screen__f_screen:phone_screen_rapids_sumdurationunlock:allday,screen,f_screen:phone_screen_rapids_sumdurationunlock:allday,f_screen,phone_screen_rapids_sumdurationunlock,raw,allday,0.2514110905252273,52122
screen__f_screen:phone_screen_rapids_maxdurationunlock:allday,screen,f_screen:phone_screen_rapids_maxdurationunlock:allday,f_screen,phone_screen_rapids_maxdurationunlock,raw,allday,0.2514110905252273,52122
screen__f_screen:phone_screen_rapids_mindurationunlock:allday,screen,f_screen:phone_screen_rapids_mindurationunlock:allday,f_screen,phone_screen_rapids_mindurationunlock,raw,allday,0.2514110905252273,52122
screen__f_screen:phone_screen_rapids_avgdurationunlock:allday,screen,f_screen:phone_screen_rapids_avgdurationunlock:allday,f_screen,phone_screen_rapids_avgdurationunlock,raw,allday,0.2514110905252273,52122
screen__f_screen:phone_screen_rapids_stddurationunlock:allday,screen,f_screen:phone_screen_rapids_stddurationunlock:allday,f_screen,phone_screen_rapids_stddurationunlock,raw,allday,0.25471440676748963,51892
screen__f_screen:phone_screen_rapids_firstuseafter00unlock:allday,screen,f_screen:phone_screen_rapids_firstuseafter00unlock:allday,f_screen,phone_screen_rapids_firstuseafter00unlock,raw,allday,0.2514110905252273,52122
screen__f_screen:phone_screen_rapids_countepisodeunlock_locmap_exercise:allday,screen,f_screen:phone_screen_rapids_countepisodeunlock_locmap_exercise:allday,f_screen,phone_screen_rapids_countepisodeunlock_locmap_exercise,raw,allday,0.8727648756947736,8859
screen__f_screen:phone_screen_rapids_sumdurationunlock_locmap_exercise:allday,screen,f_screen:phone_screen_rapids_sumdurationunlock_locmap_exercise:allday,f_screen,phone_screen_rapids_sumdurationunlock_locmap_exercise,raw,allday,0.8727648756947736,8859
screen__f_screen:phone_screen_rapids_maxdurationunlock_locmap_exercise:allday,screen,f_screen:phone_screen_rapids_maxdurationunlock_locmap_exercise:allday,f_screen,phone_screen_rapids_maxdurationunlock_locmap_exercise,raw,allday,0.8727648756947736,8859
screen__f_screen:phone_screen_rapids_mindurationunlock_locmap_exercise:allday,screen,f_screen:phone_screen_rapids_mindurationunlock_locmap_exercise:allday,f_screen,phone_screen_rapids_mindurationunlock_locmap_exercise,raw,allday,0.8727648756947736,8859
screen__f_screen:phone_screen_rapids_avgdurationunlock_locmap_exercise:allday,screen,f_screen:phone_screen_rapids_avgdurationunlock_locmap_exercise:allday,f_screen,phone_screen_rapids_avgdurationunlock_locmap_exercise,raw,allday,0.8727648756947736,8859
screen__f_screen:phone_screen_rapids_stddurationunlock_locmap_exercise:allday,screen,f_screen:phone_screen_rapids_stddurationunlock_locmap_exercise:allday,f_screen,phone_screen_rapids_stddurationunlock_locmap_exercise,raw,allday,0.9053528085369181,6590
screen__f_screen:phone_screen_rapids_firstuseafter00unlock_locmap_exercise:allday,screen,f_screen:phone_screen_rapids_firstuseafter00unlock_locmap_exercise:allday,f_screen,phone_screen_rapids_firstuseafter00unlock_locmap_exercise,raw,allday,0.8727648756947736,8859
screen__f_screen:phone_screen_rapids_countepisodeunlock_locmap_greens:allday,screen,f_screen:phone_screen_rapids_countepisodeunlock_locmap_greens:allday,f_screen,phone_screen_rapids_countepisodeunlock_locmap_greens,raw,allday,0.7133152369052236,19961
screen__f_screen:phone_screen_rapids_sumdurationunlock_locmap_greens:allday,screen,f_screen:phone_screen_rapids_sumdurationunlock_locmap_greens:allday,f_screen,phone_screen_rapids_sumdurationunlock_locmap_greens,raw,allday,0.7133152369052236,19961
screen__f_screen:phone_screen_rapids_maxdurationunlock_locmap_greens:allday,screen,f_screen:phone_screen_rapids_maxdurationunlock_locmap_greens:allday,f_screen,phone_screen_rapids_maxdurationunlock_locmap_greens,raw,allday,0.7133152369052236,19961
screen__f_screen:phone_screen_rapids_mindurationunlock_locmap_greens:allday,screen,f_screen:phone_screen_rapids_mindurationunlock_locmap_greens:allday,f_screen,phone_screen_rapids_mindurationunlock_locmap_greens,raw,allday,0.7133152369052236,19961
screen__f_screen:phone_screen_rapids_avgdurationunlock_locmap_greens:allday,screen,f_screen:phone_screen_rapids_avgdurationunlock_locmap_greens:allday,f_screen,phone_screen_rapids_avgdurationunlock_locmap_greens,raw,allday,0.7133152369052236,19961
screen__f_screen:phone_screen_rapids_stddurationunlock_locmap_greens:allday,screen,f_screen:phone_screen_rapids_stddurationunlock_locmap_greens:allday,f_screen,phone_screen_rapids_stddurationunlock_locmap_greens,raw,allday,0.7504990879974722,17372
screen__f_screen:phone_screen_rapids_firstuseafter00unlock_locmap_greens:allday,screen,f_screen:phone_screen_rapids_firstuseafter00unlock_locmap_greens:allday,f_screen,phone_screen_rapids_firstuseafter00unlock_locmap_greens,raw,allday,0.7133152369052236,19961
screen__f_screen:phone_screen_rapids_countepisodeunlock_locmap_living:allday,screen,f_screen:phone_screen_rapids_countepisodeunlock_locmap_living:allday,f_screen,phone_screen_rapids_countepisodeunlock_locmap_living,raw,allday,0.6714349318511497,22877
screen__f_screen:phone_screen_rapids_sumdurationunlock_locmap_living:allday,screen,f_screen:phone_screen_rapids_sumdurationunlock_locmap_living:allday,f_screen,phone_screen_rapids_sumdurationunlock_locmap_living,raw,allday,0.6714349318511497,22877
screen__f_screen:phone_screen_rapids_maxdurationunlock_locmap_living:allday,screen,f_screen:phone_screen_rapids_maxdurationunlock_locmap_living:allday,f_screen,phone_screen_rapids_maxdurationunlock_locmap_living,raw,allday,0.6714349318511497,22877
screen__f_screen:phone_screen_rapids_mindurationunlock_locmap_living:allday,screen,f_screen:phone_screen_rapids_mindurationunlock_locmap_living:allday,f_screen,phone_screen_rapids_mindurationunlock_locmap_living,raw,allday,0.6714349318511497,22877
screen__f_screen:phone_screen_rapids_avgdurationunlock_locmap_living:allday,screen,f_screen:phone_screen_rapids_avgdurationunlock_locmap_living:allday,f_screen,phone_screen_rapids_avgdurationunlock_locmap_living,raw,allday,0.6714349318511497,22877
screen__f_screen:phone_screen_rapids_stddurationunlock_locmap_living:allday,screen,f_screen:phone_screen_rapids_stddurationunlock_locmap_living:allday,f_screen,phone_screen_rapids_stddurationunlock_locmap_living,raw,allday,0.68529449782412,21912
screen__f_screen:phone_screen_rapids_firstuseafter00unlock_locmap_living:allday,screen,f_screen:phone_screen_rapids_firstuseafter00unlock_locmap_living:allday,f_screen,phone_screen_rapids_firstuseafter00unlock_locmap_living,raw,allday,0.6714349318511497,22877
screen__f_screen:phone_screen_rapids_countepisodeunlock_locmap_study:allday,screen,f_screen:phone_screen_rapids_countepisodeunlock_locmap_study:allday,f_screen,phone_screen_rapids_countepisodeunlock_locmap_study,raw,allday,0.7398279403105117,18115
screen__f_screen:phone_screen_rapids_sumdurationunlock_locmap_study:allday,screen,f_screen:phone_screen_rapids_sumdurationunlock_locmap_study:allday,f_screen,phone_screen_rapids_sumdurationunlock_locmap_study,raw,allday,0.7398279403105117,18115
screen__f_screen:phone_screen_rapids_maxdurationunlock_locmap_study:allday,screen,f_screen:phone_screen_rapids_maxdurationunlock_locmap_study:allday,f_screen,phone_screen_rapids_maxdurationunlock_locmap_study,raw,allday,0.7398279403105117,18115
screen__f_screen:phone_screen_rapids_mindurationunlock_locmap_study:allday,screen,f_screen:phone_screen_rapids_mindurationunlock_locmap_study:allday,f_screen,phone_screen_rapids_mindurationunlock_locmap_study,raw,allday,0.7398279403105117,18115
screen__f_screen:phone_screen_rapids_avgdurationunlock_locmap_study:allday,screen,f_screen:phone_screen_rapids_avgdurationunlock_locmap_study:allday,f_screen,phone_screen_rapids_avgdurationunlock_locmap_study,raw,allday,0.7398279403105117,18115
screen__f_screen:phone_screen_rapids_stddurationunlock_locmap_study:allday,screen,f_screen:phone_screen_rapids_stddurationunlock_locmap_study:allday,f_screen,phone_screen_rapids_stddurationunlock_locmap_study,raw,allday,0.7652921998649949,16342
screen__f_screen:phone_screen_rapids_firstuseafter00unlock_locmap_study:allday,screen,f_screen:phone_screen_rapids_firstuseafter00unlock_locmap_study:allday,f_screen,phone_screen_rapids_firstuseafter00unlock_locmap_study,raw,allday,0.7398279403105117,18115
screen__f_screen:phone_screen_rapids_countepisodeunlock_locmap_home:allday,screen,f_screen:phone_screen_rapids_countepisodeunlock_locmap_home:allday,f_screen,phone_screen_rapids_countepisodeunlock_locmap_home,raw,allday,0.32903902221839226,46717
screen__f_screen:phone_screen_rapids_sumdurationunlock_locmap_home:allday,screen,f_screen:phone_screen_rapids_sumdurationunlock_locmap_home:allday,f_screen,phone_screen_rapids_sumdurationunlock_locmap_home,raw,allday,0.32903902221839226,46717
screen__f_screen:phone_screen_rapids_maxdurationunlock_locmap_home:allday,screen,f_screen:phone_screen_rapids_maxdurationunlock_locmap_home:allday,f_screen,phone_screen_rapids_maxdurationunlock_locmap_home,raw,allday,0.32903902221839226,46717
screen__f_screen:phone_screen_rapids_mindurationunlock_locmap_home:allday,screen,f_screen:phone_screen_rapids_mindurationunlock_locmap_home:allday,f_screen,phone_screen_rapids_mindurationunlock_locmap_home,raw,allday,0.32903902221839226,46717
screen__f_screen:phone_screen_rapids_avgdurationunlock_locmap_home:allday,screen,f_screen:phone_screen_rapids_avgdurationunlock_locmap_home:allday,f_screen,phone_screen_rapids_avgdurationunlock_locmap_home,raw,allday,0.32903902221839226,46717
screen__f_screen:phone_screen_rapids_stddurationunlock_locmap_home:allday,screen,f_screen:phone_screen_rapids_stddurationunlock_locmap_home:allday,f_screen,phone_screen_rapids_stddurationunlock_locmap_home,raw,allday,0.3371536903787324,46152
screen__f_screen:phone_screen_rapids_firstuseafter00unlock_locmap_home:allday,screen,f_screen:phone_screen_rapids_firstuseafter00unlock_locmap_home:allday,f_screen,phone_screen_rapids_firstuseafter00unlock_locmap_home,raw,allday,0.32903902221839226,46717
screen__f_screen:phone_screen_rapids_countepisodeunlock_dis:allday,screen,f_screen:phone_screen_rapids_countepisodeunlock_dis:allday,f_screen,phone_screen_rapids_countepisodeunlock,dis,allday,0.2514110905252273,52122
screen__f_screen:phone_screen_rapids_sumdurationunlock_dis:allday,screen,f_screen:phone_screen_rapids_sumdurationunlock_dis:allday,f_screen,phone_screen_rapids_sumdurationunlock,dis,allday,0.2514110905252273,52122
screen__f_screen:phone_screen_rapids_maxdurationunlock_dis:allday,screen,f_screen:phone_screen_rapids_maxdurationunlock_dis:allday,f_screen,phone_screen_rapids_maxdurationunlock,dis,allday,0.2514110905252273,52122
screen__f_screen:phone_screen_rapids_mindurationunlock_dis:allday,screen,f_screen:phone_screen_rapids_mindurationunlock_dis:allday,f_screen,phone_screen_rapids_mindurationunlock,dis,allday,0.2514110905252273,52122
screen__f_screen:phone_screen_rapids_avgdurationunlock_dis:allday,screen,f_screen:phone_screen_rapids_avgdurationunlock_dis:allday,f_screen,phone_screen_rapids_avgdurationunlock,dis,allday,0.2514110905252273,52122
screen__f_screen:phone_screen_rapids_stddurationunlock_dis:allday,screen,f_screen:phone_screen_rapids_stddurationunlock_dis:allday,f_screen,phone_screen_rapids_stddurationunlock,dis,allday,0.25471440676748963,51892
screen__f_screen:phone_screen_rapids_firstuseafter00unlock_dis:allday,screen,f_screen:phone_screen_rapids_firstuseafter00unlock_dis:allday,f_screen,phone_screen_rapids_firstuseafter00unlock,dis,allday,0.2514110905252273,52122
screen__f_screen:phone_screen_rapids_countepisodeunlock_locmap_exercise_dis:allday,screen,f_screen:phone_screen_rapids_countepisodeunlock_locmap_exercise_dis:allday,f_screen,phone_screen_rapids_countepisodeunlock_locmap_exercise,dis,allday,0.8727648756947736,8859
screen__f_screen:phone_screen_rapids_sumdurationunlock_locmap_exercise_dis:allday,screen,f_screen:phone_screen_rapids_sumdurationunlock_locmap_exercise_dis:allday,f_screen,phone_screen_rapids_sumdurationunlock_locmap_exercise,dis,allday,0.8727648756947736,8859
screen__f_screen:phone_screen_rapids_maxdurationunlock_locmap_exercise_dis:allday,screen,f_screen:phone_screen_rapids_maxdurationunlock_locmap_exercise_dis:allday,f_screen,phone_screen_rapids_maxdurationunlock_locmap_exercise,dis,allday,0.8727648756947736,8859
screen__f_screen:phone_screen_rapids_mindurationunlock_locmap_exercise_dis:allday,screen,f_screen:phone_screen_rapids_mindurationunlock_locmap_exercise_dis:allday,f_screen,phone_screen_rapids_mindurationunlock_locmap_exercise,dis,allday,0.8727648756947736,8859
screen__f_screen:phone_screen_rapids_avgdurationunlock_locmap_exercise_dis:allday,screen,f_screen:phone_screen_rapids_avgdurationunlock_locmap_exercise_dis:allday,f_screen,phone_screen_rapids_avgdurationunlock_locmap_exercise,dis,allday,0.8727648756947736,8859
screen__f_screen:phone_screen_rapids_stddurationunlock_locmap_exercise_dis:allday,screen,f_screen:phone_screen_rapids_stddurationunlock_locmap_exercise_dis:allday,f_screen,phone_screen_rapids_stddurationunlock_locmap_exercise,dis,allday,0.9053528085369181,6590
screen__f_screen:phone_screen_rapids_firstuseafter00unlock_locmap_exercise_dis:allday,screen,f_screen:phone_screen_rapids_firstuseafter00unlock_locmap_exercise_dis:allday,f_screen,phone_screen_rapids_firstuseafter00unlock_locmap_exercise,dis,allday,0.8727648756947736,8859
screen__f_screen:phone_screen_rapids_countepisodeunlock_locmap_greens_dis:allday,screen,f_screen:phone_screen_rapids_countepisodeunlock_locmap_greens_dis:allday,f_screen,phone_screen_rapids_countepisodeunlock_locmap_greens,dis,allday,0.7133152369052236,19961
screen__f_screen:phone_screen_rapids_sumdurationunlock_locmap_greens_dis:allday,screen,f_screen:phone_screen_rapids_sumdurationunlock_locmap_greens_dis:allday,f_screen,phone_screen_rapids_sumdurationunlock_locmap_greens,dis,allday,0.7133152369052236,19961
screen__f_screen:phone_screen_rapids_maxdurationunlock_locmap_greens_dis:allday,screen,f_screen:phone_screen_rapids_maxdurationunlock_locmap_greens_dis:allday,f_screen,phone_screen_rapids_maxdurationunlock_locmap_greens,dis,allday,0.7133152369052236,19961
screen__f_screen:phone_screen_rapids_mindurationunlock_locmap_greens_dis:allday,screen,f_screen:phone_screen_rapids_mindurationunlock_locmap_greens_dis:allday,f_screen,phone_screen_rapids_mindurationunlock_locmap_greens,dis,allday,0.7133152369052236,19961
screen__f_screen:phone_screen_rapids_avgdurationunlock_locmap_greens_dis:allday,screen,f_screen:phone_screen_rapids_avgdurationunlock_locmap_greens_dis:allday,f_screen,phone_screen_rapids_avgdurationunlock_locmap_greens,dis,allday,0.7133152369052236,19961
screen__f_screen:phone_screen_rapids_stddurationunlock_locmap_greens_dis:allday,screen,f_screen:phone_screen_rapids_stddurationunlock_locmap_greens_dis:allday,f_screen,phone_screen_rapids_stddurationunlock_locmap_greens,dis,allday,0.7504990879974722,17372
screen__f_screen:phone_screen_rapids_firstuseafter00unlock_locmap_greens_dis:allday,screen,f_screen:phone_screen_rapids_firstuseafter00unlock_locmap_greens_dis:allday,f_screen,phone_screen_rapids_firstuseafter00unlock_locmap_greens,dis,allday,0.7133152369052236,19961
screen__f_screen:phone_screen_rapids_countepisodeunlock_locmap_living_dis:allday,screen,f_screen:phone_screen_rapids_countepisodeunlock_locmap_living_dis:allday,f_screen,phone_screen_rapids_countepisodeunlock_locmap_living,dis,allday,0.6714349318511497,22877
screen__f_screen:phone_screen_rapids_sumdurationunlock_locmap_living_dis:allday,screen,f_screen:phone_screen_rapids_sumdurationunlock_locmap_living_dis:allday,f_screen,phone_screen_rapids_sumdurationunlock_locmap_living,dis,allday,0.6714349318511497,22877
screen__f_screen:phone_screen_rapids_maxdurationunlock_locmap_living_dis:allday,screen,f_screen:phone_screen_rapids_maxdurationunlock_locmap_living_dis:allday,f_screen,phone_screen_rapids_maxdurationunlock_locmap_living,dis,allday,0.6714349318511497,22877
screen__f_screen:phone_screen_rapids_mindurationunlock_locmap_living_dis:allday,screen,f_screen:phone_screen_rapids_mindurationunlock_locmap_living_dis:allday,f_screen,phone_screen_rapids_mindurationunlock_locmap_living,dis,allday,0.6714349318511497,22877
screen__f_screen:phone_screen_rapids_avgdurationunlock_locmap_living_dis:allday,screen,f_screen:phone_screen_rapids_avgdurationunlock_locmap_living_dis:allday,f_screen,phone_screen_rapids_avgdurationunlock_locmap_living,dis,allday,0.6714349318511497,22877
screen__f_screen:phone_screen_rapids_stddurationunlock_locmap_living_dis:allday,screen,f_screen:phone_screen_rapids_stddurationunlock_locmap_living_dis:allday,f_screen,phone_screen_rapids_stddurationunlock_locmap_living,dis,allday,0.68529449782412,21912
screen__f_screen:phone_screen_rapids_firstuseafter00unlock_locmap_living_dis:allday,screen,f_screen:phone_screen_rapids_firstuseafter00unlock_locmap_living_dis:allday,f_screen,phone_screen_rapids_firstuseafter00unlock_locmap_living,dis,allday,0.6714349318511497,22877
screen__f_screen:phone_screen_rapids_countepisodeunlock_locmap_study_dis:allday,screen,f_screen:phone_screen_rapids_countepisodeunlock_locmap_study_dis:allday,f_screen,phone_screen_rapids_countepisodeunlock_locmap_study,dis,allday,0.7398279403105117,18115
screen__f_screen:phone_screen_rapids_sumdurationunlock_locmap_study_dis:allday,screen,f_screen:phone_screen_rapids_sumdurationunlock_locmap_study_dis:allday,f_screen,phone_screen_rapids_sumdurationunlock_locmap_study,dis,allday,0.7398279403105117,18115
screen__f_screen:phone_screen_rapids_maxdurationunlock_locmap_study_dis:allday,screen,f_screen:phone_screen_rapids_maxdurationunlock_locmap_study_dis:allday,f_screen,phone_screen_rapids_maxdurationunlock_locmap_study,dis,allday,0.7398279403105117,18115
screen__f_screen:phone_screen_rapids_mindurationunlock_locmap_study_dis:allday,screen,f_screen:phone_screen_rapids_mindurationunlock_locmap_study_dis:allday,f_screen,phone_screen_rapids_mindurationunlock_locmap_study,dis,allday,0.7398279403105117,18115
screen__f_screen:phone_screen_rapids_avgdurationunlock_locmap_study_dis:allday,screen,f_screen:phone_screen_rapids_avgdurationunlock_locmap_study_dis:allday,f_screen,phone_screen_rapids_avgdurationunlock_locmap_study,dis,allday,0.7398279403105117,18115
screen__f_screen:phone_screen_rapids_stddurationunlock_locmap_study_dis:allday,screen,f_screen:phone_screen_rapids_stddurationunlock_locmap_study_dis:allday,f_screen,phone_screen_rapids_stddurationunlock_locmap_study,dis,allday,0.7652921998649949,16342
screen__f_screen:phone_screen_rapids_firstuseafter00unlock_locmap_study_dis:allday,screen,f_screen:phone_screen_rapids_firstuseafter00unlock_locmap_study_dis:allday,f_screen,phone_screen_rapids_firstuseafter00unlock_locmap_study,dis,allday,0.7398279403105117,18115
screen__f_screen:phone_screen_rapids_countepisodeunlock_locmap_home_dis:allday,screen,f_screen:phone_screen_rapids_countepisodeunlock_locmap_home_dis:allday,f_screen,phone_screen_rapids_countepisodeunlock_locmap_home,dis,allday,0.32903902221839226,46717
screen__f_screen:phone_screen_rapids_sumdurationunlock_locmap_home_dis:allday,screen,f_screen:phone_screen_rapids_sumdurationunlock_locmap_home_dis:allday,f_screen,phone_screen_rapids_sumdurationunlock_locmap_home,dis,allday,0.32903902221839226,46717
screen__f_screen:phone_screen_rapids_maxdurationunlock_locmap_home_dis:allday,screen,f_screen:phone_screen_rapids_maxdurationunlock_locmap_home_dis:allday,f_screen,phone_screen_rapids_maxdurationunlock_locmap_home,dis,allday,0.32903902221839226,46717
screen__f_screen:phone_screen_rapids_mindurationunlock_locmap_home_dis:allday,screen,f_screen:phone_screen_rapids_mindurationunlock_locmap_home_dis:allday,f_screen,phone_screen_rapids_mindurationunlock_locmap_home,dis,allday,0.32903902221839226,46717
screen__f_screen:phone_screen_rapids_avgdurationunlock_locmap_home_dis:allday,screen,f_screen:phone_screen_rapids_avgdurationunlock_locmap_home_dis:allday,f_screen,phone_screen_rapids_avgdurationunlock_locmap_home,dis,allday,0.32903902221839226,46717
screen__f_screen:phone_screen_rapids_stddurationunlock_locmap_home_dis:allday,screen,f_screen:phone_screen_rapids_stddurationunlock_locmap_home_dis:allday,f_screen,phone_screen_rapids_stddurationunlock_locmap_home,dis,allday,0.3371536903787324,46152
screen__f_screen:phone_screen_rapids_firstuseafter00unlock_locmap_home_dis:allday,screen,f_screen:phone_screen_rapids_firstuseafter00unlock_locmap_home_dis:allday,f_screen,phone_screen_rapids_firstuseafter00unlock_locmap_home,dis,allday,0.32903902221839226,46717
screen__f_screen:phone_screen_rapids_countepisodeunlock_norm:allday,screen,f_screen:phone_screen_rapids_countepisodeunlock_norm:allday,f_screen,phone_screen_rapids_countepisodeunlock,norm,allday,0.2514110905252273,52122
screen__f_screen:phone_screen_rapids_sumdurationunlock_norm:allday,screen,f_screen:phone_screen_rapids_sumdurationunlock_norm:allday,f_screen,phone_screen_rapids_sumdurationunlock,norm,allday,0.2514110905252273,52122
screen__f_screen:phone_screen_rapids_maxdurationunlock_norm:allday,screen,f_screen:phone_screen_rapids_maxdurationunlock_norm:allday,f_screen,phone_screen_rapids_maxdurationunlock,norm,allday,0.2514110905252273,52122
screen__f_screen:phone_screen_rapids_mindurationunlock_norm:allday,screen,f_screen:phone_screen_rapids_mindurationunlock_norm:allday,f_screen,phone_screen_rapids_mindurationunlock,norm,allday,0.2514110905252273,52122
screen__f_screen:phone_screen_rapids_avgdurationunlock_norm:allday,screen,f_screen:phone_screen_rapids_avgdurationunlock_norm:allday,f_screen,phone_screen_rapids_avgdurationunlock,norm,allday,0.2514110905252273,52122
screen__f_screen:phone_screen_rapids_stddurationunlock_norm:allday,screen,f_screen:phone_screen_rapids_stddurationunlock_norm:allday,f_screen,phone_screen_rapids_stddurationunlock,norm,allday,0.25471440676748963,51892
screen__f_screen:phone_screen_rapids_firstuseafter00unlock_norm:allday,screen,f_screen:phone_screen_rapids_firstuseafter00unlock_norm:allday,f_screen,phone_screen_rapids_firstuseafter00unlock,norm,allday,0.2514110905252273,52122
screen__f_screen:phone_screen_rapids_countepisodeunlock_locmap_exercise_norm:allday,screen,f_screen:phone_screen_rapids_countepisodeunlock_locmap_exercise_norm:allday,f_screen,phone_screen_rapids_countepisodeunlock_locmap_exercise,norm,allday,0.8727648756947736,8859
screen__f_screen:phone_screen_rapids_sumdurationunlock_locmap_exercise_norm:allday,screen,f_screen:phone_screen_rapids_sumdurationunlock_locmap_exercise_norm:allday,f_screen,phone_screen_rapids_sumdurationunlock_locmap_exercise,norm,allday,0.8727648756947736,8859
screen__f_screen:phone_screen_rapids_maxdurationunlock_locmap_exercise_norm:allday,screen,f_screen:phone_screen_rapids_maxdurationunlock_locmap_exercise_norm:allday,f_screen,phone_screen_rapids_maxdurationunlock_locmap_exercise,norm,allday,0.8727648756947736,8859
screen__f_screen:phone_screen_rapids_mindurationunlock_locmap_exercise_norm:allday,screen,f_screen:phone_screen_rapids_mindurationunlock_locmap_exercise_norm:allday,f_screen,phone_screen_rapids_mindurationunlock_locmap_exercise,norm,allday,0.8727648756947736,8859
screen__f_screen:phone_screen_rapids_avgdurationunlock_locmap_exercise_norm:allday,screen,f_screen:phone_screen_rapids_avgdurationunlock_locmap_exercise_norm:allday,f_screen,phone_screen_rapids_avgdurationunlock_locmap_exercise,norm,allday,0.8727648756947736,8859
screen__f_screen:phone_screen_rapids_stddurationunlock_locmap_exercise_norm:allday,screen,f_screen:phone_screen_rapids_stddurationunlock_locmap_exercise_norm:allday,f_screen,phone_screen_rapids_stddurationunlock_locmap_exercise,norm,allday,0.9053528085369181,6590
screen__f_screen:phone_screen_rapids_firstuseafter00unlock_locmap_exercise_norm:allday,screen,f_screen:phone_screen_rapids_firstuseafter00unlock_locmap_exercise_norm:allday,f_screen,phone_screen_rapids_firstuseafter00unlock_locmap_exercise,norm,allday,0.8727648756947736,8859
screen__f_screen:phone_screen_rapids_countepisodeunlock_locmap_greens_norm:allday,screen,f_screen:phone_screen_rapids_countepisodeunlock_locmap_greens_norm:allday,f_screen,phone_screen_rapids_countepisodeunlock_locmap_greens,norm,allday,0.7133152369052236,19961
screen__f_screen:phone_screen_rapids_sumdurationunlock_locmap_greens_norm:allday,screen,f_screen:phone_screen_rapids_sumdurationunlock_locmap_greens_norm:allday,f_screen,phone_screen_rapids_sumdurationunlock_locmap_greens,norm,allday,0.7133152369052236,19961
screen__f_screen:phone_screen_rapids_maxdurationunlock_locmap_greens_norm:allday,screen,f_screen:phone_screen_rapids_maxdurationunlock_locmap_greens_norm:allday,f_screen,phone_screen_rapids_maxdurationunlock_locmap_greens,norm,allday,0.7133152369052236,19961
screen__f_screen:phone_screen_rapids_mindurationunlock_locmap_greens_norm:allday,screen,f_screen:phone_screen_rapids_mindurationunlock_locmap_greens_norm:allday,f_screen,phone_screen_rapids_mindurationunlock_locmap_greens,norm,allday,0.7133152369052236,19961
screen__f_screen:phone_screen_rapids_avgdurationunlock_locmap_greens_norm:allday,screen,f_screen:phone_screen_rapids_avgdurationunlock_locmap_greens_norm:allday,f_screen,phone_screen_rapids_avgdurationunlock_locmap_greens,norm,allday,0.7133152369052236,19961
screen__f_screen:phone_screen_rapids_stddurationunlock_locmap_greens_norm:allday,screen,f_screen:phone_screen_rapids_stddurationunlock_locmap_greens_norm:allday,f_screen,phone_screen_rapids_stddurationunlock_locmap_greens,norm,allday,0.7504990879974722,17372
screen__f_screen:phone_screen_rapids_firstuseafter00unlock_locmap_greens_norm:allday,screen,f_screen:phone_screen_rapids_firstuseafter00unlock_locmap_greens_norm:allday,f_screen,phone_screen_rapids_firstuseafter00unlock_locmap_greens,norm,allday,0.7133152369052236,19961
screen__f_screen:phone_screen_rapids_countepisodeunlock_locmap_living_norm:allday,screen,f_screen:phone_screen_rapids_countepisodeunlock_locmap_living_norm:allday,f_screen,phone_screen_rapids_countepisodeunlock_locmap_living,norm,allday,0.6714349318511497,22877
screen__f_screen:phone_screen_rapids_sumdurationunlock_locmap_living_norm:allday,screen,f_screen:phone_screen_rapids_sumdurationunlock_locmap_living_norm:allday,f_screen,phone_screen_rapids_sumdurationunlock_locmap_living,norm,allday,0.6714349318511497,22877
screen__f_screen:phone_screen_rapids_maxdurationunlock_locmap_living_norm:allday,screen,f_screen:phone_screen_rapids_maxdurationunlock_locmap_living_norm:allday,f_screen,phone_screen_rapids_maxdurationunlock_locmap_living,norm,allday,0.6714349318511497,22877
screen__f_screen:phone_screen_rapids_mindurationunlock_locmap_living_norm:allday,screen,f_screen:phone_screen_rapids_mindurationunlock_locmap_living_norm:allday,f_screen,phone_screen_rapids_mindurationunlock_locmap_living,norm,allday,0.6714349318511497,22877
screen__f_screen:phone_screen_rapids_avgdurationunlock_locmap_living_norm:allday,screen,f_screen:phone_screen_rapids_avgdurationunlock_locmap_living_norm:allday,f_screen,phone_screen_rapids_avgdurationunlock_locmap_living,norm,allday,0.6714349318511497,22877
screen__f_screen:phone_screen_rapids_stddurationunlock_locmap_living_norm:allday,screen,f_screen:phone_screen_rapids_stddurationunlock_locmap_living_norm:allday,f_screen,phone_screen_rapids_stddurationunlock_locmap_living,norm,allday,0.68529449782412,21912
screen__f_screen:phone_screen_rapids_firstuseafter00unlock_locmap_living_norm:allday,screen,f_screen:phone_screen_rapids_firstuseafter00unlock_locmap_living_norm:allday,f_screen,phone_screen_rapids_firstuseafter00unlock_locmap_living,norm,allday,0.6714349318511497,22877
screen__f_screen:phone_screen_rapids_countepisodeunlock_locmap_study_norm:allday,screen,f_screen:phone_screen_rapids_countepisodeunlock_locmap_study_norm:allday,f_screen,phone_screen_rapids_countepisodeunlock_locmap_study,norm,allday,0.7398279403105117,18115
screen__f_screen:phone_screen_rapids_sumdurationunlock_locmap_study_norm:allday,screen,f_screen:phone_screen_rapids_sumdurationunlock_locmap_study_norm:allday,f_screen,phone_screen_rapids_sumdurationunlock_locmap_study,norm,allday,0.7398279403105117,18115
screen__f_screen:phone_screen_rapids_maxdurationunlock_locmap_study_norm:allday,screen,f_screen:phone_screen_rapids_maxdurationunlock_locmap_study_norm:allday,f_screen,phone_screen_rapids_maxdurationunlock_locmap_study,norm,allday,0.7398279403105117,18115
screen__f_screen:phone_screen_rapids_mindurationunlock_locmap_study_norm:allday,screen,f_screen:phone_screen_rapids_mindurationunlock_locmap_study_norm:allday,f_screen,phone_screen_rapids_mindurationunlock_locmap_study,norm,allday,0.7398279403105117,18115
screen__f_screen:phone_screen_rapids_avgdurationunlock_locmap_study_norm:allday,screen,f_screen:phone_screen_rapids_avgdurationunlock_locmap_study_norm:allday,f_screen,phone_screen_rapids_avgdurationunlock_locmap_study,norm,allday,0.7398279403105117,18115
screen__f_screen:phone_screen_rapids_stddurationunlock_locmap_study_norm:allday,screen,f_screen:phone_screen_rapids_stddurationunlock_locmap_study_norm:allday,f_screen,phone_screen_rapids_stddurationunlock_locmap_study,norm,allday,0.7652921998649949,16342
screen__f_screen:phone_screen_rapids_firstuseafter00unlock_locmap_study_norm:allday,screen,f_screen:phone_screen_rapids_firstuseafter00unlock_locmap_study_norm:allday,f_screen,phone_screen_rapids_firstuseafter00unlock_locmap_study,norm,allday,0.7398279403105117,18115
screen__f_screen:phone_screen_rapids_countepisodeunlock_locmap_home_norm:allday,screen,f_screen:phone_screen_rapids_countepisodeunlock_locmap_home_norm:allday,f_screen,phone_screen_rapids_countepisodeunlock_locmap_home,norm,allday,0.32903902221839226,46717
screen__f_screen:phone_screen_rapids_sumdurationunlock_locmap_home_norm:allday,screen,f_screen:phone_screen_rapids_sumdurationunlock_locmap_home_norm:allday,f_screen,phone_screen_rapids_sumdurationunlock_locmap_home,norm,allday,0.32903902221839226,46717
screen__f_screen:phone_screen_rapids_maxdurationunlock_locmap_home_norm:allday,screen,f_screen:phone_screen_rapids_maxdurationunlock_locmap_home_norm:allday,f_screen,phone_screen_rapids_maxdurationunlock_locmap_home,norm,allday,0.32903902221839226,46717
screen__f_screen:phone_screen_rapids_mindurationunlock_locmap_home_norm:allday,screen,f_screen:phone_screen_rapids_mindurationunlock_locmap_home_norm:allday,f_screen,phone_screen_rapids_mindurationunlock_locmap_home,norm,allday,0.32903902221839226,46717
screen__f_screen:phone_screen_rapids_avgdurationunlock_locmap_home_norm:allday,screen,f_screen:phone_screen_rapids_avgdurationunlock_locmap_home_norm:allday,f_screen,phone_screen_rapids_avgdurationunlock_locmap_home,norm,allday,0.32903902221839226,46717
screen__f_screen:phone_screen_rapids_stddurationunlock_locmap_home_norm:allday,screen,f_screen:phone_screen_rapids_stddurationunlock_locmap_home_norm:allday,f_screen,phone_screen_rapids_stddurationunlock_locmap_home,norm,allday,0.3371536903787324,46152
screen__f_screen:phone_screen_rapids_firstuseafter00unlock_locmap_home_norm:allday,screen,f_screen:phone_screen_rapids_firstuseafter00unlock_locmap_home_norm:allday,f_screen,phone_screen_rapids_firstuseafter00unlock_locmap_home,norm,allday,0.32903902221839226,46717
screen__f_screen:phone_screen_rapids_countepisodeunlock:evening,screen,f_screen:phone_screen_rapids_countepisodeunlock:evening,f_screen,phone_screen_rapids_countepisodeunlock,raw,evening,0.26742499317793383,51007
screen__f_screen:phone_screen_rapids_sumdurationunlock:evening,screen,f_screen:phone_screen_rapids_sumdurationunlock:evening,f_screen,phone_screen_rapids_sumdurationunlock,raw,evening,0.26742499317793383,51007
screen__f_screen:phone_screen_rapids_maxdurationunlock:evening,screen,f_screen:phone_screen_rapids_maxdurationunlock:evening,f_screen,phone_screen_rapids_maxdurationunlock,raw,evening,0.26742499317793383,51007
screen__f_screen:phone_screen_rapids_mindurationunlock:evening,screen,f_screen:phone_screen_rapids_mindurationunlock:evening,f_screen,phone_screen_rapids_mindurationunlock,raw,evening,0.26742499317793383,51007
screen__f_screen:phone_screen_rapids_avgdurationunlock:evening,screen,f_screen:phone_screen_rapids_avgdurationunlock:evening,f_screen,phone_screen_rapids_avgdurationunlock,raw,evening,0.26742499317793383,51007
screen__f_screen:phone_screen_rapids_stddurationunlock:evening,screen,f_screen:phone_screen_rapids_stddurationunlock:evening,f_screen,phone_screen_rapids_stddurationunlock,raw,evening,0.2875321355221394,49607
screen__f_screen:phone_screen_rapids_firstuseafter00unlock:evening,screen,f_screen:phone_screen_rapids_firstuseafter00unlock:evening,f_screen,phone_screen_rapids_firstuseafter00unlock,raw,evening,0.26742499317793383,51007
screen__f_screen:phone_screen_rapids_countepisodeunlock_locmap_exercise:evening,screen,f_screen:phone_screen_rapids_countepisodeunlock_locmap_exercise:evening,f_screen,phone_screen_rapids_countepisodeunlock_locmap_exercise,raw,evening,0.9460984962729976,3753
screen__f_screen:phone_screen_rapids_sumdurationunlock_locmap_exercise:evening,screen,f_screen:phone_screen_rapids_sumdurationunlock_locmap_exercise:evening,f_screen,phone_screen_rapids_sumdurationunlock_locmap_exercise,raw,evening,0.9460984962729976,3753
screen__f_screen:phone_screen_rapids_maxdurationunlock_locmap_exercise:evening,screen,f_screen:phone_screen_rapids_maxdurationunlock_locmap_exercise:evening,f_screen,phone_screen_rapids_maxdurationunlock_locmap_exercise,raw,evening,0.9460984962729976,3753
screen__f_screen:phone_screen_rapids_mindurationunlock_locmap_exercise:evening,screen,f_screen:phone_screen_rapids_mindurationunlock_locmap_exercise:evening,f_screen,phone_screen_rapids_mindurationunlock_locmap_exercise,raw,evening,0.9460984962729976,3753
screen__f_screen:phone_screen_rapids_avgdurationunlock_locmap_exercise:evening,screen,f_screen:phone_screen_rapids_avgdurationunlock_locmap_exercise:evening,f_screen,phone_screen_rapids_avgdurationunlock_locmap_exercise,raw,evening,0.9460984962729976,3753
screen__f_screen:phone_screen_rapids_stddurationunlock_locmap_exercise:evening,screen,f_screen:phone_screen_rapids_stddurationunlock_locmap_exercise:evening,f_screen,phone_screen_rapids_stddurationunlock_locmap_exercise,raw,evening,0.9609777816077096,2717
screen__f_screen:phone_screen_rapids_firstuseafter00unlock_locmap_exercise:evening,screen,f_screen:phone_screen_rapids_firstuseafter00unlock_locmap_exercise:evening,f_screen,phone_screen_rapids_firstuseafter00unlock_locmap_exercise,raw,evening,0.9460984962729976,3753
screen__f_screen:phone_screen_rapids_countepisodeunlock_locmap_greens:evening,screen,f_screen:phone_screen_rapids_countepisodeunlock_locmap_greens:evening,f_screen,phone_screen_rapids_countepisodeunlock_locmap_greens,raw,evening,0.8790842632886667,8419
screen__f_screen:phone_screen_rapids_sumdurationunlock_locmap_greens:evening,screen,f_screen:phone_screen_rapids_sumdurationunlock_locmap_greens:evening,f_screen,phone_screen_rapids_sumdurationunlock_locmap_greens,raw,evening,0.8790842632886667,8419
screen__f_screen:phone_screen_rapids_maxdurationunlock_locmap_greens:evening,screen,f_screen:phone_screen_rapids_maxdurationunlock_locmap_greens:evening,f_screen,phone_screen_rapids_maxdurationunlock_locmap_greens,raw,evening,0.8790842632886667,8419
screen__f_screen:phone_screen_rapids_mindurationunlock_locmap_greens:evening,screen,f_screen:phone_screen_rapids_mindurationunlock_locmap_greens:evening,f_screen,phone_screen_rapids_mindurationunlock_locmap_greens,raw,evening,0.8790842632886667,8419
screen__f_screen:phone_screen_rapids_avgdurationunlock_locmap_greens:evening,screen,f_screen:phone_screen_rapids_avgdurationunlock_locmap_greens:evening,f_screen,phone_screen_rapids_avgdurationunlock_locmap_greens,raw,evening,0.8790842632886667,8419
screen__f_screen:phone_screen_rapids_stddurationunlock_locmap_greens:evening,screen,f_screen:phone_screen_rapids_stddurationunlock_locmap_greens:evening,f_screen,phone_screen_rapids_stddurationunlock_locmap_greens,raw,evening,0.9108104614589168,6210
screen__f_screen:phone_screen_rapids_firstuseafter00unlock_locmap_greens:evening,screen,f_screen:phone_screen_rapids_firstuseafter00unlock_locmap_greens:evening,f_screen,phone_screen_rapids_firstuseafter00unlock_locmap_greens,raw,evening,0.8790842632886667,8419
screen__f_screen:phone_screen_rapids_countepisodeunlock_locmap_living:evening,screen,f_screen:phone_screen_rapids_countepisodeunlock_locmap_living:evening,f_screen,phone_screen_rapids_countepisodeunlock_locmap_living,raw,evening,0.7245752366179786,19177
screen__f_screen:phone_screen_rapids_sumdurationunlock_locmap_living:evening,screen,f_screen:phone_screen_rapids_sumdurationunlock_locmap_living:evening,f_screen,phone_screen_rapids_sumdurationunlock_locmap_living,raw,evening,0.7245752366179786,19177
screen__f_screen:phone_screen_rapids_maxdurationunlock_locmap_living:evening,screen,f_screen:phone_screen_rapids_maxdurationunlock_locmap_living:evening,f_screen,phone_screen_rapids_maxdurationunlock_locmap_living,raw,evening,0.7245752366179786,19177
screen__f_screen:phone_screen_rapids_mindurationunlock_locmap_living:evening,screen,f_screen:phone_screen_rapids_mindurationunlock_locmap_living:evening,f_screen,phone_screen_rapids_mindurationunlock_locmap_living,raw,evening,0.7245752366179786,19177
screen__f_screen:phone_screen_rapids_avgdurationunlock_locmap_living:evening,screen,f_screen:phone_screen_rapids_avgdurationunlock_locmap_living:evening,f_screen,phone_screen_rapids_avgdurationunlock_locmap_living,raw,evening,0.7245752366179786,19177
screen__f_screen:phone_screen_rapids_stddurationunlock_locmap_living:evening,screen,f_screen:phone_screen_rapids_stddurationunlock_locmap_living:evening,f_screen,phone_screen_rapids_stddurationunlock_locmap_living,raw,evening,0.7382480934120385,18225
screen__f_screen:phone_screen_rapids_firstuseafter00unlock_locmap_living:evening,screen,f_screen:phone_screen_rapids_firstuseafter00unlock_locmap_living:evening,f_screen,phone_screen_rapids_firstuseafter00unlock_locmap_living,raw,evening,0.7245752366179786,19177
screen__f_screen:phone_screen_rapids_countepisodeunlock_locmap_study:evening,screen,f_screen:phone_screen_rapids_countepisodeunlock_locmap_study:evening,f_screen,phone_screen_rapids_countepisodeunlock_locmap_study,raw,evening,0.9144297470808738,5958
screen__f_screen:phone_screen_rapids_sumdurationunlock_locmap_study:evening,screen,f_screen:phone_screen_rapids_sumdurationunlock_locmap_study:evening,f_screen,phone_screen_rapids_sumdurationunlock_locmap_study,raw,evening,0.9144297470808738,5958
screen__f_screen:phone_screen_rapids_maxdurationunlock_locmap_study:evening,screen,f_screen:phone_screen_rapids_maxdurationunlock_locmap_study:evening,f_screen,phone_screen_rapids_maxdurationunlock_locmap_study,raw,evening,0.9144297470808738,5958
screen__f_screen:phone_screen_rapids_mindurationunlock_locmap_study:evening,screen,f_screen:phone_screen_rapids_mindurationunlock_locmap_study:evening,f_screen,phone_screen_rapids_mindurationunlock_locmap_study,raw,evening,0.9144297470808738,5958
screen__f_screen:phone_screen_rapids_avgdurationunlock_locmap_study:evening,screen,f_screen:phone_screen_rapids_avgdurationunlock_locmap_study:evening,f_screen,phone_screen_rapids_avgdurationunlock_locmap_study,raw,evening,0.9144297470808738,5958
screen__f_screen:phone_screen_rapids_stddurationunlock_locmap_study:evening,screen,f_screen:phone_screen_rapids_stddurationunlock_locmap_study:evening,f_screen,phone_screen_rapids_stddurationunlock_locmap_study,raw,evening,0.9331724761945797,4653
screen__f_screen:phone_screen_rapids_firstuseafter00unlock_locmap_study:evening,screen,f_screen:phone_screen_rapids_firstuseafter00unlock_locmap_study:evening,f_screen,phone_screen_rapids_firstuseafter00unlock_locmap_study,raw,evening,0.9144297470808738,5958
screen__f_screen:phone_screen_rapids_countepisodeunlock_locmap_home:evening,screen,f_screen:phone_screen_rapids_countepisodeunlock_locmap_home:evening,f_screen,phone_screen_rapids_countepisodeunlock_locmap_home,raw,evening,0.3948755511511339,42133
screen__f_screen:phone_screen_rapids_sumdurationunlock_locmap_home:evening,screen,f_screen:phone_screen_rapids_sumdurationunlock_locmap_home:evening,f_screen,phone_screen_rapids_sumdurationunlock_locmap_home,raw,evening,0.3948755511511339,42133
screen__f_screen:phone_screen_rapids_maxdurationunlock_locmap_home:evening,screen,f_screen:phone_screen_rapids_maxdurationunlock_locmap_home:evening,f_screen,phone_screen_rapids_maxdurationunlock_locmap_home,raw,evening,0.3948755511511339,42133
screen__f_screen:phone_screen_rapids_mindurationunlock_locmap_home:evening,screen,f_screen:phone_screen_rapids_mindurationunlock_locmap_home:evening,f_screen,phone_screen_rapids_mindurationunlock_locmap_home,raw,evening,0.3948755511511339,42133
screen__f_screen:phone_screen_rapids_avgdurationunlock_locmap_home:evening,screen,f_screen:phone_screen_rapids_avgdurationunlock_locmap_home:evening,f_screen,phone_screen_rapids_avgdurationunlock_locmap_home,raw,evening,0.3948755511511339,42133
screen__f_screen:phone_screen_rapids_stddurationunlock_locmap_home:evening,screen,f_screen:phone_screen_rapids_stddurationunlock_locmap_home:evening,f_screen,phone_screen_rapids_stddurationunlock_locmap_home,raw,evening,0.41335975986327145,40846
screen__f_screen:phone_screen_rapids_firstuseafter00unlock_locmap_home:evening,screen,f_screen:phone_screen_rapids_firstuseafter00unlock_locmap_home:evening,f_screen,phone_screen_rapids_firstuseafter00unlock_locmap_home,raw,evening,0.3948755511511339,42133
screen__f_screen:phone_screen_rapids_countepisodeunlock_dis:evening,screen,f_screen:phone_screen_rapids_countepisodeunlock_dis:evening,f_screen,phone_screen_rapids_countepisodeunlock,dis,evening,0.26742499317793383,51007
screen__f_screen:phone_screen_rapids_sumdurationunlock_dis:evening,screen,f_screen:phone_screen_rapids_sumdurationunlock_dis:evening,f_screen,phone_screen_rapids_sumdurationunlock,dis,evening,0.26742499317793383,51007
screen__f_screen:phone_screen_rapids_maxdurationunlock_dis:evening,screen,f_screen:phone_screen_rapids_maxdurationunlock_dis:evening,f_screen,phone_screen_rapids_maxdurationunlock,dis,evening,0.26742499317793383,51007
screen__f_screen:phone_screen_rapids_mindurationunlock_dis:evening,screen,f_screen:phone_screen_rapids_mindurationunlock_dis:evening,f_screen,phone_screen_rapids_mindurationunlock,dis,evening,0.26742499317793383,51007
screen__f_screen:phone_screen_rapids_avgdurationunlock_dis:evening,screen,f_screen:phone_screen_rapids_avgdurationunlock_dis:evening,f_screen,phone_screen_rapids_avgdurationunlock,dis,evening,0.26742499317793383,51007
screen__f_screen:phone_screen_rapids_stddurationunlock_dis:evening,screen,f_screen:phone_screen_rapids_stddurationunlock_dis:evening,f_screen,phone_screen_rapids_stddurationunlock,dis,evening,0.2875321355221394,49607
screen__f_screen:phone_screen_rapids_firstuseafter00unlock_dis:evening,screen,f_screen:phone_screen_rapids_firstuseafter00unlock_dis:evening,f_screen,phone_screen_rapids_firstuseafter00unlock,dis,evening,0.26742499317793383,51007
screen__f_screen:phone_screen_rapids_countepisodeunlock_locmap_exercise_dis:evening,screen,f_screen:phone_screen_rapids_countepisodeunlock_locmap_exercise_dis:evening,f_screen,phone_screen_rapids_countepisodeunlock_locmap_exercise,dis,evening,0.9460984962729976,3753
screen__f_screen:phone_screen_rapids_sumdurationunlock_locmap_exercise_dis:evening,screen,f_screen:phone_screen_rapids_sumdurationunlock_locmap_exercise_dis:evening,f_screen,phone_screen_rapids_sumdurationunlock_locmap_exercise,dis,evening,0.9460984962729976,3753
screen__f_screen:phone_screen_rapids_maxdurationunlock_locmap_exercise_dis:evening,screen,f_screen:phone_screen_rapids_maxdurationunlock_locmap_exercise_dis:evening,f_screen,phone_screen_rapids_maxdurationunlock_locmap_exercise,dis,evening,0.9460984962729976,3753
screen__f_screen:phone_screen_rapids_mindurationunlock_locmap_exercise_dis:evening,screen,f_screen:phone_screen_rapids_mindurationunlock_locmap_exercise_dis:evening,f_screen,phone_screen_rapids_mindurationunlock_locmap_exercise,dis,evening,0.9460984962729976,3753
screen__f_screen:phone_screen_rapids_avgdurationunlock_locmap_exercise_dis:evening,screen,f_screen:phone_screen_rapids_avgdurationunlock_locmap_exercise_dis:evening,f_screen,phone_screen_rapids_avgdurationunlock_locmap_exercise,dis,evening,0.9460984962729976,3753
screen__f_screen:phone_screen_rapids_stddurationunlock_locmap_exercise_dis:evening,screen,f_screen:phone_screen_rapids_stddurationunlock_locmap_exercise_dis:evening,f_screen,phone_screen_rapids_stddurationunlock_locmap_exercise,dis,evening,0.9609777816077096,2717
screen__f_screen:phone_screen_rapids_firstuseafter00unlock_locmap_exercise_dis:evening,screen,f_screen:phone_screen_rapids_firstuseafter00unlock_locmap_exercise_dis:evening,f_screen,phone_screen_rapids_firstuseafter00unlock_locmap_exercise,dis,evening,0.9460984962729976,3753
screen__f_screen:phone_screen_rapids_countepisodeunlock_locmap_greens_dis:evening,screen,f_screen:phone_screen_rapids_countepisodeunlock_locmap_greens_dis:evening,f_screen,phone_screen_rapids_countepisodeunlock_locmap_greens,dis,evening,0.8790842632886667,8419
screen__f_screen:phone_screen_rapids_sumdurationunlock_locmap_greens_dis:evening,screen,f_screen:phone_screen_rapids_sumdurationunlock_locmap_greens_dis:evening,f_screen,phone_screen_rapids_sumdurationunlock_locmap_greens,dis,evening,0.8790842632886667,8419
screen__f_screen:phone_screen_rapids_maxdurationunlock_locmap_greens_dis:evening,screen,f_screen:phone_screen_rapids_maxdurationunlock_locmap_greens_dis:evening,f_screen,phone_screen_rapids_maxdurationunlock_locmap_greens,dis,evening,0.8790842632886667,8419
screen__f_screen:phone_screen_rapids_mindurationunlock_locmap_greens_dis:evening,screen,f_screen:phone_screen_rapids_mindurationunlock_locmap_greens_dis:evening,f_screen,phone_screen_rapids_mindurationunlock_locmap_greens,dis,evening,0.8790842632886667,8419
screen__f_screen:phone_screen_rapids_avgdurationunlock_locmap_greens_dis:evening,screen,f_screen:phone_screen_rapids_avgdurationunlock_locmap_greens_dis:evening,f_screen,phone_screen_rapids_avgdurationunlock_locmap_greens,dis,evening,0.8790842632886667,8419
screen__f_screen:phone_screen_rapids_stddurationunlock_locmap_greens_dis:evening,screen,f_screen:phone_screen_rapids_stddurationunlock_locmap_greens_dis:evening,f_screen,phone_screen_rapids_stddurationunlock_locmap_greens,dis,evening,0.9108104614589168,6210
screen__f_screen:phone_screen_rapids_firstuseafter00unlock_locmap_greens_dis:evening,screen,f_screen:phone_screen_rapids_firstuseafter00unlock_locmap_greens_dis:evening,f_screen,phone_screen_rapids_firstuseafter00unlock_locmap_greens,dis,evening,0.8790842632886667,8419
screen__f_screen:phone_screen_rapids_countepisodeunlock_locmap_living_dis:evening,screen,f_screen:phone_screen_rapids_countepisodeunlock_locmap_living_dis:evening,f_screen,phone_screen_rapids_countepisodeunlock_locmap_living,dis,evening,0.7245752366179786,19177
screen__f_screen:phone_screen_rapids_sumdurationunlock_locmap_living_dis:evening,screen,f_screen:phone_screen_rapids_sumdurationunlock_locmap_living_dis:evening,f_screen,phone_screen_rapids_sumdurationunlock_locmap_living,dis,evening,0.7245752366179786,19177
screen__f_screen:phone_screen_rapids_maxdurationunlock_locmap_living_dis:evening,screen,f_screen:phone_screen_rapids_maxdurationunlock_locmap_living_dis:evening,f_screen,phone_screen_rapids_maxdurationunlock_locmap_living,dis,evening,0.7245752366179786,19177
screen__f_screen:phone_screen_rapids_mindurationunlock_locmap_living_dis:evening,screen,f_screen:phone_screen_rapids_mindurationunlock_locmap_living_dis:evening,f_screen,phone_screen_rapids_mindurationunlock_locmap_living,dis,evening,0.7245752366179786,19177
screen__f_screen:phone_screen_rapids_avgdurationunlock_locmap_living_dis:evening,screen,f_screen:phone_screen_rapids_avgdurationunlock_locmap_living_dis:evening,f_screen,phone_screen_rapids_avgdurationunlock_locmap_living,dis,evening,0.7245752366179786,19177
screen__f_screen:phone_screen_rapids_stddurationunlock_locmap_living_dis:evening,screen,f_screen:phone_screen_rapids_stddurationunlock_locmap_living_dis:evening,f_screen,phone_screen_rapids_stddurationunlock_locmap_living,dis,evening,0.7382480934120385,18225
screen__f_screen:phone_screen_rapids_firstuseafter00unlock_locmap_living_dis:evening,screen,f_screen:phone_screen_rapids_firstuseafter00unlock_locmap_living_dis:evening,f_screen,phone_screen_rapids_firstuseafter00unlock_locmap_living,dis,evening,0.7245752366179786,19177
screen__f_screen:phone_screen_rapids_countepisodeunlock_locmap_study_dis:evening,screen,f_screen:phone_screen_rapids_countepisodeunlock_locmap_study_dis:evening,f_screen,phone_screen_rapids_countepisodeunlock_locmap_study,dis,evening,0.9144297470808738,5958
screen__f_screen:phone_screen_rapids_sumdurationunlock_locmap_study_dis:evening,screen,f_screen:phone_screen_rapids_sumdurationunlock_locmap_study_dis:evening,f_screen,phone_screen_rapids_sumdurationunlock_locmap_study,dis,evening,0.9144297470808738,5958
screen__f_screen:phone_screen_rapids_maxdurationunlock_locmap_study_dis:evening,screen,f_screen:phone_screen_rapids_maxdurationunlock_locmap_study_dis:evening,f_screen,phone_screen_rapids_maxdurationunlock_locmap_study,dis,evening,0.9144297470808738,5958
screen__f_screen:phone_screen_rapids_mindurationunlock_locmap_study_dis:evening,screen,f_screen:phone_screen_rapids_mindurationunlock_locmap_study_dis:evening,f_screen,phone_screen_rapids_mindurationunlock_locmap_study,dis,evening,0.9144297470808738,5958
screen__f_screen:phone_screen_rapids_avgdurationunlock_locmap_study_dis:evening,screen,f_screen:phone_screen_rapids_avgdurationunlock_locmap_study_dis:evening,f_screen,phone_screen_rapids_avgdurationunlock_locmap_study,dis,evening,0.9144297470808738,5958
screen__f_screen:phone_screen_rapids_stddurationunlock_locmap_study_dis:evening,screen,f_screen:phone_screen_rapids_stddurationunlock_locmap_study_dis:evening,f_screen,phone_screen_rapids_stddurationunlock_locmap_study,dis,evening,0.9331724761945797,4653
screen__f_screen:phone_screen_rapids_firstuseafter00unlock_locmap_study_dis:evening,screen,f_screen:phone_screen_rapids_firstuseafter00unlock_locmap_study_dis:evening,f_screen,phone_screen_rapids_firstuseafter00unlock_locmap_study,dis,evening,0.9144297470808738,5958
screen__f_screen:phone_screen_rapids_countepisodeunlock_locmap_home_dis:evening,screen,f_screen:phone_screen_rapids_countepisodeunlock_locmap_home_dis:evening,f_screen,phone_screen_rapids_countepisodeunlock_locmap_home,dis,evening,0.3948755511511339,42133
screen__f_screen:phone_screen_rapids_sumdurationunlock_locmap_home_dis:evening,screen,f_screen:phone_screen_rapids_sumdurationunlock_locmap_home_dis:evening,f_screen,phone_screen_rapids_sumdurationunlock_locmap_home,dis,evening,0.3948755511511339,42133
screen__f_screen:phone_screen_rapids_maxdurationunlock_locmap_home_dis:evening,screen,f_screen:phone_screen_rapids_maxdurationunlock_locmap_home_dis:evening,f_screen,phone_screen_rapids_maxdurationunlock_locmap_home,dis,evening,0.3948755511511339,42133
screen__f_screen:phone_screen_rapids_mindurationunlock_locmap_home_dis:evening,screen,f_screen:phone_screen_rapids_mindurationunlock_locmap_home_dis:evening,f_screen,phone_screen_rapids_mindurationunlock_locmap_home,dis,evening,0.3948755511511339,42133
screen__f_screen:phone_screen_rapids_avgdurationunlock_locmap_home_dis:evening,screen,f_screen:phone_screen_rapids_avgdurationunlock_locmap_home_dis:evening,f_screen,phone_screen_rapids_avgdurationunlock_locmap_home,dis,evening,0.3948755511511339,42133
screen__f_screen:phone_screen_rapids_stddurationunlock_locmap_home_dis:evening,screen,f_screen:phone_screen_rapids_stddurationunlock_locmap_home_dis:evening,f_screen,phone_screen_rapids_stddurationunlock_locmap_home,dis,evening,0.41335975986327145,40846
screen__f_screen:phone_screen_rapids_firstuseafter00unlock_locmap_home_dis:evening,screen,f_screen:phone_screen_rapids_firstuseafter00unlock_locmap_home_dis:evening,f_screen,phone_screen_rapids_firstuseafter00unlock_locmap_home,dis,evening,0.3948755511511339,42133
screen__f_screen:phone_screen_rapids_countepisodeunlock_norm:evening,screen,f_screen:phone_screen_rapids_countepisodeunlock_norm:evening,f_screen,phone_screen_rapids_countepisodeunlock,norm,evening,0.26742499317793383,51007
screen__f_screen:phone_screen_rapids_sumdurationunlock_norm:evening,screen,f_screen:phone_screen_rapids_sumdurationunlock_norm:evening,f_screen,phone_screen_rapids_sumdurationunlock,norm,evening,0.26742499317793383,51007
screen__f_screen:phone_screen_rapids_maxdurationunlock_norm:evening,screen,f_screen:phone_screen_rapids_maxdurationunlock_norm:evening,f_screen,phone_screen_rapids_maxdurationunlock,norm,evening,0.26742499317793383,51007
screen__f_screen:phone_screen_rapids_mindurationunlock_norm:evening,screen,f_screen:phone_screen_rapids_mindurationunlock_norm:evening,f_screen,phone_screen_rapids_mindurationunlock,norm,evening,0.26742499317793383,51007
screen__f_screen:phone_screen_rapids_avgdurationunlock_norm:evening,screen,f_screen:phone_screen_rapids_avgdurationunlock_norm:evening,f_screen,phone_screen_rapids_avgdurationunlock,norm,evening,0.26742499317793383,51007
screen__f_screen:phone_screen_rapids_stddurationunlock_norm:evening,screen,f_screen:phone_screen_rapids_stddurationunlock_norm:evening,f_screen,phone_screen_rapids_stddurationunlock,norm,evening,0.2875321355221394,49607
screen__f_screen:phone_screen_rapids_firstuseafter00unlock_norm:evening,screen,f_screen:phone_screen_rapids_firstuseafter00unlock_norm:evening,f_screen,phone_screen_rapids_firstuseafter00unlock,norm,evening,0.26742499317793383,51007
screen__f_screen:phone_screen_rapids_countepisodeunlock_locmap_exercise_norm:evening,screen,f_screen:phone_screen_rapids_countepisodeunlock_locmap_exercise_norm:evening,f_screen,phone_screen_rapids_countepisodeunlock_locmap_exercise,norm,evening,0.9460984962729976,3753
screen__f_screen:phone_screen_rapids_sumdurationunlock_locmap_exercise_norm:evening,screen,f_screen:phone_screen_rapids_sumdurationunlock_locmap_exercise_norm:evening,f_screen,phone_screen_rapids_sumdurationunlock_locmap_exercise,norm,evening,0.9460984962729976,3753
screen__f_screen:phone_screen_rapids_maxdurationunlock_locmap_exercise_norm:evening,screen,f_screen:phone_screen_rapids_maxdurationunlock_locmap_exercise_norm:evening,f_screen,phone_screen_rapids_maxdurationunlock_locmap_exercise,norm,evening,0.9460984962729976,3753
screen__f_screen:phone_screen_rapids_mindurationunlock_locmap_exercise_norm:evening,screen,f_screen:phone_screen_rapids_mindurationunlock_locmap_exercise_norm:evening,f_screen,phone_screen_rapids_mindurationunlock_locmap_exercise,norm,evening,0.9460984962729976,3753
screen__f_screen:phone_screen_rapids_avgdurationunlock_locmap_exercise_norm:evening,screen,f_screen:phone_screen_rapids_avgdurationunlock_locmap_exercise_norm:evening,f_screen,phone_screen_rapids_avgdurationunlock_locmap_exercise,norm,evening,0.9460984962729976,3753
screen__f_screen:phone_screen_rapids_stddurationunlock_locmap_exercise_norm:evening,screen,f_screen:phone_screen_rapids_stddurationunlock_locmap_exercise_norm:evening,f_screen,phone_screen_rapids_stddurationunlock_locmap_exercise,norm,evening,0.9609777816077096,2717
screen__f_screen:phone_screen_rapids_firstuseafter00unlock_locmap_exercise_norm:evening,screen,f_screen:phone_screen_rapids_firstuseafter00unlock_locmap_exercise_norm:evening,f_screen,phone_screen_rapids_firstuseafter00unlock_locmap_exercise,norm,evening,0.9460984962729976,3753
screen__f_screen:phone_screen_rapids_countepisodeunlock_locmap_greens_norm:evening,screen,f_screen:phone_screen_rapids_countepisodeunlock_locmap_greens_norm:evening,f_screen,phone_screen_rapids_countepisodeunlock_locmap_greens,norm,evening,0.8790842632886667,8419
screen__f_screen:phone_screen_rapids_sumdurationunlock_locmap_greens_norm:evening,screen,f_screen:phone_screen_rapids_sumdurationunlock_locmap_greens_norm:evening,f_screen,phone_screen_rapids_sumdurationunlock_locmap_greens,norm,evening,0.8790842632886667,8419
screen__f_screen:phone_screen_rapids_maxdurationunlock_locmap_greens_norm:evening,screen,f_screen:phone_screen_rapids_maxdurationunlock_locmap_greens_norm:evening,f_screen,phone_screen_rapids_maxdurationunlock_locmap_greens,norm,evening,0.8790842632886667,8419
screen__f_screen:phone_screen_rapids_mindurationunlock_locmap_greens_norm:evening,screen,f_screen:phone_screen_rapids_mindurationunlock_locmap_greens_norm:evening,f_screen,phone_screen_rapids_mindurationunlock_locmap_greens,norm,evening,0.8790842632886667,8419
screen__f_screen:phone_screen_rapids_avgdurationunlock_locmap_greens_norm:evening,screen,f_screen:phone_screen_rapids_avgdurationunlock_locmap_greens_norm:evening,f_screen,phone_screen_rapids_avgdurationunlock_locmap_greens,norm,evening,0.8790842632886667,8419
screen__f_screen:phone_screen_rapids_stddurationunlock_locmap_greens_norm:evening,screen,f_screen:phone_screen_rapids_stddurationunlock_locmap_greens_norm:evening,f_screen,phone_screen_rapids_stddurationunlock_locmap_greens,norm,evening,0.9108104614589168,6210
screen__f_screen:phone_screen_rapids_firstuseafter00unlock_locmap_greens_norm:evening,screen,f_screen:phone_screen_rapids_firstuseafter00unlock_locmap_greens_norm:evening,f_screen,phone_screen_rapids_firstuseafter00unlock_locmap_greens,norm,evening,0.8790842632886667,8419
screen__f_screen:phone_screen_rapids_countepisodeunlock_locmap_living_norm:evening,screen,f_screen:phone_screen_rapids_countepisodeunlock_locmap_living_norm:evening,f_screen,phone_screen_rapids_countepisodeunlock_locmap_living,norm,evening,0.7245752366179786,19177
screen__f_screen:phone_screen_rapids_sumdurationunlock_locmap_living_norm:evening,screen,f_screen:phone_screen_rapids_sumdurationunlock_locmap_living_norm:evening,f_screen,phone_screen_rapids_sumdurationunlock_locmap_living,norm,evening,0.7245752366179786,19177
screen__f_screen:phone_screen_rapids_maxdurationunlock_locmap_living_norm:evening,screen,f_screen:phone_screen_rapids_maxdurationunlock_locmap_living_norm:evening,f_screen,phone_screen_rapids_maxdurationunlock_locmap_living,norm,evening,0.7245752366179786,19177
screen__f_screen:phone_screen_rapids_mindurationunlock_locmap_living_norm:evening,screen,f_screen:phone_screen_rapids_mindurationunlock_locmap_living_norm:evening,f_screen,phone_screen_rapids_mindurationunlock_locmap_living,norm,evening,0.7245752366179786,19177
screen__f_screen:phone_screen_rapids_avgdurationunlock_locmap_living_norm:evening,screen,f_screen:phone_screen_rapids_avgdurationunlock_locmap_living_norm:evening,f_screen,phone_screen_rapids_avgdurationunlock_locmap_living,norm,evening,0.7245752366179786,19177
screen__f_screen:phone_screen_rapids_stddurationunlock_locmap_living_norm:evening,screen,f_screen:phone_screen_rapids_stddurationunlock_locmap_living_norm:evening,f_screen,phone_screen_rapids_stddurationunlock_locmap_living,norm,evening,0.7382480934120385,18225
screen__f_screen:phone_screen_rapids_firstuseafter00unlock_locmap_living_norm:evening,screen,f_screen:phone_screen_rapids_firstuseafter00unlock_locmap_living_norm:evening,f_screen,phone_screen_rapids_firstuseafter00unlock_locmap_living,norm,evening,0.7245752366179786,19177
screen__f_screen:phone_screen_rapids_countepisodeunlock_locmap_study_norm:evening,screen,f_screen:phone_screen_rapids_countepisodeunlock_locmap_study_norm:evening,f_screen,phone_screen_rapids_countepisodeunlock_locmap_study,norm,evening,0.9144297470808738,5958
screen__f_screen:phone_screen_rapids_sumdurationunlock_locmap_study_norm:evening,screen,f_screen:phone_screen_rapids_sumdurationunlock_locmap_study_norm:evening,f_screen,phone_screen_rapids_sumdurationunlock_locmap_study,norm,evening,0.9144297470808738,5958
screen__f_screen:phone_screen_rapids_maxdurationunlock_locmap_study_norm:evening,screen,f_screen:phone_screen_rapids_maxdurationunlock_locmap_study_norm:evening,f_screen,phone_screen_rapids_maxdurationunlock_locmap_study,norm,evening,0.9144297470808738,5958
screen__f_screen:phone_screen_rapids_mindurationunlock_locmap_study_norm:evening,screen,f_screen:phone_screen_rapids_mindurationunlock_locmap_study_norm:evening,f_screen,phone_screen_rapids_mindurationunlock_locmap_study,norm,evening,0.9144297470808738,5958
screen__f_screen:phone_screen_rapids_avgdurationunlock_locmap_study_norm:evening,screen,f_screen:phone_screen_rapids_avgdurationunlock_locmap_study_norm:evening,f_screen,phone_screen_rapids_avgdurationunlock_locmap_study,norm,evening,0.9144297470808738,5958
screen__f_screen:phone_screen_rapids_stddurationunlock_locmap_study_norm:evening,screen,f_screen:phone_screen_rapids_stddurationunlock_locmap_study_norm:evening,f_screen,phone_screen_rapids_stddurationunlock_locmap_study,norm,evening,0.9331724761945797,4653
screen__f_screen:phone_screen_rapids_firstuseafter00unlock_locmap_study_norm:evening,screen,f_screen:phone_screen_rapids_firstuseafter00unlock_locmap_study_norm:evening,f_screen,phone_screen_rapids_firstuseafter00unlock_locmap_study,norm,evening,0.9144297470808738,5958
screen__f_screen:phone_screen_rapids_countepisodeunlock_locmap_home_norm:evening,screen,f_screen:phone_screen_rapids_countepisodeunlock_locmap_home_norm:evening,f_screen,phone_screen_rapids_countepisodeunlock_locmap_home,norm,evening,0.3948755511511339,42133
screen__f_screen:phone_screen_rapids_sumdurationunlock_locmap_home_norm:evening,screen,f_screen:phone_screen_rapids_sumdurationunlock_locmap_home_norm:evening,f_screen,phone_screen_rapids_sumdurationunlock_locmap_home,norm,evening,0.3948755511511339,42133
screen__f_screen:phone_screen_rapids_maxdurationunlock_locmap_home_norm:evening,screen,f_screen:phone_screen_rapids_maxdurationunlock_locmap_home_norm:evening,f_screen,phone_screen_rapids_maxdurationunlock_locmap_home,norm,evening,0.3948755511511339,42133
screen__f_screen:phone_screen_rapids_mindurationunlock_locmap_home_norm:evening,screen,f_screen:phone_screen_rapids_mindurationunlock_locmap_home_norm:evening,f_screen,phone_screen_rapids_mindurationunlock_locmap_home,norm,evening,0.3948755511511339,42133
screen__f_screen:phone_screen_rapids_avgdurationunlock_locmap_home_norm:evening,screen,f_screen:phone_screen_rapids_avgdurationunlock_locmap_home_norm:evening,f_screen,phone_screen_rapids_avgdurationunlock_locmap_home,norm,evening,0.3948755511511339,42133
screen__f_screen:phone_screen_rapids_stddurationunlock_locmap_home_norm:evening,screen,f_screen:phone_screen_rapids_stddurationunlock_locmap_home_norm:evening,f_screen,phone_screen_rapids_stddurationunlock_locmap_home,norm,evening,0.41335975986327145,40846
screen__f_screen:phone_screen_rapids_firstuseafter00unlock_locmap_home_norm:evening,screen,f_screen:phone_screen_rapids_firstuseafter00unlock_locmap_home_norm:evening,f_screen,phone_screen_rapids_firstuseafter00unlock_locmap_home,norm,evening,0.3948755511511339,42133
screen__f_screen:phone_screen_rapids_countepisodeunlock:morning,screen,f_screen:phone_screen_rapids_countepisodeunlock:morning,f_screen,phone_screen_rapids_countepisodeunlock,raw,morning,0.29514412512387433,49077
screen__f_screen:phone_screen_rapids_sumdurationunlock:morning,screen,f_screen:phone_screen_rapids_sumdurationunlock:morning,f_screen,phone_screen_rapids_sumdurationunlock,raw,morning,0.29514412512387433,49077
screen__f_screen:phone_screen_rapids_maxdurationunlock:morning,screen,f_screen:phone_screen_rapids_maxdurationunlock:morning,f_screen,phone_screen_rapids_maxdurationunlock,raw,morning,0.29514412512387433,49077
screen__f_screen:phone_screen_rapids_mindurationunlock:morning,screen,f_screen:phone_screen_rapids_mindurationunlock:morning,f_screen,phone_screen_rapids_mindurationunlock,raw,morning,0.29514412512387433,49077
screen__f_screen:phone_screen_rapids_avgdurationunlock:morning,screen,f_screen:phone_screen_rapids_avgdurationunlock:morning,f_screen,phone_screen_rapids_avgdurationunlock,raw,morning,0.29514412512387433,49077
screen__f_screen:phone_screen_rapids_stddurationunlock:morning,screen,f_screen:phone_screen_rapids_stddurationunlock:morning,f_screen,phone_screen_rapids_stddurationunlock,raw,morning,0.3367371852873167,46181
screen__f_screen:phone_screen_rapids_firstuseafter00unlock:morning,screen,f_screen:phone_screen_rapids_firstuseafter00unlock:morning,f_screen,phone_screen_rapids_firstuseafter00unlock,raw,morning,0.29514412512387433,49077
screen__f_screen:phone_screen_rapids_countepisodeunlock_locmap_exercise:morning,screen,f_screen:phone_screen_rapids_countepisodeunlock_locmap_exercise:morning,f_screen,phone_screen_rapids_countepisodeunlock_locmap_exercise,raw,morning,0.9651715570109297,2425
screen__f_screen:phone_screen_rapids_sumdurationunlock_locmap_exercise:morning,screen,f_screen:phone_screen_rapids_sumdurationunlock_locmap_exercise:morning,f_screen,phone_screen_rapids_sumdurationunlock_locmap_exercise,raw,morning,0.9651715570109297,2425
screen__f_screen:phone_screen_rapids_maxdurationunlock_locmap_exercise:morning,screen,f_screen:phone_screen_rapids_maxdurationunlock_locmap_exercise:morning,f_screen,phone_screen_rapids_maxdurationunlock_locmap_exercise,raw,morning,0.9651715570109297,2425
screen__f_screen:phone_screen_rapids_mindurationunlock_locmap_exercise:morning,screen,f_screen:phone_screen_rapids_mindurationunlock_locmap_exercise:morning,f_screen,phone_screen_rapids_mindurationunlock_locmap_exercise,raw,morning,0.9651715570109297,2425
screen__f_screen:phone_screen_rapids_avgdurationunlock_locmap_exercise:morning,screen,f_screen:phone_screen_rapids_avgdurationunlock_locmap_exercise:morning,f_screen,phone_screen_rapids_avgdurationunlock_locmap_exercise,raw,morning,0.9651715570109297,2425
screen__f_screen:phone_screen_rapids_stddurationunlock_locmap_exercise:morning,screen,f_screen:phone_screen_rapids_stddurationunlock_locmap_exercise:morning,f_screen,phone_screen_rapids_stddurationunlock_locmap_exercise,raw,morning,0.9775230873080845,1565
screen__f_screen:phone_screen_rapids_firstuseafter00unlock_locmap_exercise:morning,screen,f_screen:phone_screen_rapids_firstuseafter00unlock_locmap_exercise:morning,f_screen,phone_screen_rapids_firstuseafter00unlock_locmap_exercise,raw,morning,0.9651715570109297,2425
screen__f_screen:phone_screen_rapids_countepisodeunlock_locmap_greens:morning,screen,f_screen:phone_screen_rapids_countepisodeunlock_locmap_greens:morning,f_screen,phone_screen_rapids_countepisodeunlock_locmap_greens,raw,morning,0.8516811007224209,10327
screen__f_screen:phone_screen_rapids_sumdurationunlock_locmap_greens:morning,screen,f_screen:phone_screen_rapids_sumdurationunlock_locmap_greens:morning,f_screen,phone_screen_rapids_sumdurationunlock_locmap_greens,raw,morning,0.8516811007224209,10327
screen__f_screen:phone_screen_rapids_maxdurationunlock_locmap_greens:morning,screen,f_screen:phone_screen_rapids_maxdurationunlock_locmap_greens:morning,f_screen,phone_screen_rapids_maxdurationunlock_locmap_greens,raw,morning,0.8516811007224209,10327
screen__f_screen:phone_screen_rapids_mindurationunlock_locmap_greens:morning,screen,f_screen:phone_screen_rapids_mindurationunlock_locmap_greens:morning,f_screen,phone_screen_rapids_mindurationunlock_locmap_greens,raw,morning,0.8516811007224209,10327
screen__f_screen:phone_screen_rapids_avgdurationunlock_locmap_greens:morning,screen,f_screen:phone_screen_rapids_avgdurationunlock_locmap_greens:morning,f_screen,phone_screen_rapids_avgdurationunlock_locmap_greens,raw,morning,0.8516811007224209,10327
screen__f_screen:phone_screen_rapids_stddurationunlock_locmap_greens:morning,screen,f_screen:phone_screen_rapids_stddurationunlock_locmap_greens:morning,f_screen,phone_screen_rapids_stddurationunlock_locmap_greens,raw,morning,0.88722765593807,7852
screen__f_screen:phone_screen_rapids_firstuseafter00unlock_locmap_greens:morning,screen,f_screen:phone_screen_rapids_firstuseafter00unlock_locmap_greens:morning,f_screen,phone_screen_rapids_firstuseafter00unlock_locmap_greens,raw,morning,0.8516811007224209,10327
screen__f_screen:phone_screen_rapids_countepisodeunlock_locmap_living:morning,screen,f_screen:phone_screen_rapids_countepisodeunlock_locmap_living:morning,f_screen,phone_screen_rapids_countepisodeunlock_locmap_living,raw,morning,0.7580679908656125,16845
screen__f_screen:phone_screen_rapids_sumdurationunlock_locmap_living:morning,screen,f_screen:phone_screen_rapids_sumdurationunlock_locmap_living:morning,f_screen,phone_screen_rapids_sumdurationunlock_locmap_living,raw,morning,0.7580679908656125,16845
screen__f_screen:phone_screen_rapids_maxdurationunlock_locmap_living:morning,screen,f_screen:phone_screen_rapids_maxdurationunlock_locmap_living:morning,f_screen,phone_screen_rapids_maxdurationunlock_locmap_living,raw,morning,0.7580679908656125,16845
screen__f_screen:phone_screen_rapids_mindurationunlock_locmap_living:morning,screen,f_screen:phone_screen_rapids_mindurationunlock_locmap_living:morning,f_screen,phone_screen_rapids_mindurationunlock_locmap_living,raw,morning,0.7580679908656125,16845
screen__f_screen:phone_screen_rapids_avgdurationunlock_locmap_living:morning,screen,f_screen:phone_screen_rapids_avgdurationunlock_locmap_living:morning,f_screen,phone_screen_rapids_avgdurationunlock_locmap_living,raw,morning,0.7580679908656125,16845
screen__f_screen:phone_screen_rapids_stddurationunlock_locmap_living:morning,screen,f_screen:phone_screen_rapids_stddurationunlock_locmap_living:morning,f_screen,phone_screen_rapids_stddurationunlock_locmap_living,raw,morning,0.7786203627902969,15414
screen__f_screen:phone_screen_rapids_firstuseafter00unlock_locmap_living:morning,screen,f_screen:phone_screen_rapids_firstuseafter00unlock_locmap_living:morning,f_screen,phone_screen_rapids_firstuseafter00unlock_locmap_living,raw,morning,0.7580679908656125,16845
screen__f_screen:phone_screen_rapids_countepisodeunlock_locmap_study:morning,screen,f_screen:phone_screen_rapids_countepisodeunlock_locmap_study:morning,f_screen,phone_screen_rapids_countepisodeunlock_locmap_study,raw,morning,0.8519252588794577,10310
screen__f_screen:phone_screen_rapids_sumdurationunlock_locmap_study:morning,screen,f_screen:phone_screen_rapids_sumdurationunlock_locmap_study:morning,f_screen,phone_screen_rapids_sumdurationunlock_locmap_study,raw,morning,0.8519252588794577,10310
screen__f_screen:phone_screen_rapids_maxdurationunlock_locmap_study:morning,screen,f_screen:phone_screen_rapids_maxdurationunlock_locmap_study:morning,f_screen,phone_screen_rapids_maxdurationunlock_locmap_study,raw,morning,0.8519252588794577,10310
screen__f_screen:phone_screen_rapids_mindurationunlock_locmap_study:morning,screen,f_screen:phone_screen_rapids_mindurationunlock_locmap_study:morning,f_screen,phone_screen_rapids_mindurationunlock_locmap_study,raw,morning,0.8519252588794577,10310
screen__f_screen:phone_screen_rapids_avgdurationunlock_locmap_study:morning,screen,f_screen:phone_screen_rapids_avgdurationunlock_locmap_study:morning,f_screen,phone_screen_rapids_avgdurationunlock_locmap_study,raw,morning,0.8519252588794577,10310
screen__f_screen:phone_screen_rapids_stddurationunlock_locmap_study:morning,screen,f_screen:phone_screen_rapids_stddurationunlock_locmap_study:morning,f_screen,phone_screen_rapids_stddurationunlock_locmap_study,raw,morning,0.8772028092550304,8550
screen__f_screen:phone_screen_rapids_firstuseafter00unlock_locmap_study:morning,screen,f_screen:phone_screen_rapids_firstuseafter00unlock_locmap_study:morning,f_screen,phone_screen_rapids_firstuseafter00unlock_locmap_study,raw,morning,0.8519252588794577,10310
screen__f_screen:phone_screen_rapids_countepisodeunlock_locmap_home:morning,screen,f_screen:phone_screen_rapids_countepisodeunlock_locmap_home:morning,f_screen,phone_screen_rapids_countepisodeunlock_locmap_home,raw,morning,0.43757450414350757,39160
screen__f_screen:phone_screen_rapids_sumdurationunlock_locmap_home:morning,screen,f_screen:phone_screen_rapids_sumdurationunlock_locmap_home:morning,f_screen,phone_screen_rapids_sumdurationunlock_locmap_home,raw,morning,0.43757450414350757,39160
screen__f_screen:phone_screen_rapids_maxdurationunlock_locmap_home:morning,screen,f_screen:phone_screen_rapids_maxdurationunlock_locmap_home:morning,f_screen,phone_screen_rapids_maxdurationunlock_locmap_home,raw,morning,0.43757450414350757,39160
screen__f_screen:phone_screen_rapids_mindurationunlock_locmap_home:morning,screen,f_screen:phone_screen_rapids_mindurationunlock_locmap_home:morning,f_screen,phone_screen_rapids_mindurationunlock_locmap_home,raw,morning,0.43757450414350757,39160
screen__f_screen:phone_screen_rapids_avgdurationunlock_locmap_home:morning,screen,f_screen:phone_screen_rapids_avgdurationunlock_locmap_home:morning,f_screen,phone_screen_rapids_avgdurationunlock_locmap_home,raw,morning,0.43757450414350757,39160
screen__f_screen:phone_screen_rapids_stddurationunlock_locmap_home:morning,screen,f_screen:phone_screen_rapids_stddurationunlock_locmap_home:morning,f_screen,phone_screen_rapids_stddurationunlock_locmap_home,raw,morning,0.4741551409654301,36613
screen__f_screen:phone_screen_rapids_firstuseafter00unlock_locmap_home:morning,screen,f_screen:phone_screen_rapids_firstuseafter00unlock_locmap_home:morning,f_screen,phone_screen_rapids_firstuseafter00unlock_locmap_home,raw,morning,0.43757450414350757,39160
screen__f_screen:phone_screen_rapids_countepisodeunlock_dis:morning,screen,f_screen:phone_screen_rapids_countepisodeunlock_dis:morning,f_screen,phone_screen_rapids_countepisodeunlock,dis,morning,0.29514412512387433,49077
screen__f_screen:phone_screen_rapids_sumdurationunlock_dis:morning,screen,f_screen:phone_screen_rapids_sumdurationunlock_dis:morning,f_screen,phone_screen_rapids_sumdurationunlock,dis,morning,0.29514412512387433,49077
screen__f_screen:phone_screen_rapids_maxdurationunlock_dis:morning,screen,f_screen:phone_screen_rapids_maxdurationunlock_dis:morning,f_screen,phone_screen_rapids_maxdurationunlock,dis,morning,0.29514412512387433,49077
screen__f_screen:phone_screen_rapids_mindurationunlock_dis:morning,screen,f_screen:phone_screen_rapids_mindurationunlock_dis:morning,f_screen,phone_screen_rapids_mindurationunlock,dis,morning,0.29514412512387433,49077
screen__f_screen:phone_screen_rapids_avgdurationunlock_dis:morning,screen,f_screen:phone_screen_rapids_avgdurationunlock_dis:morning,f_screen,phone_screen_rapids_avgdurationunlock,dis,morning,0.29514412512387433,49077
screen__f_screen:phone_screen_rapids_stddurationunlock_dis:morning,screen,f_screen:phone_screen_rapids_stddurationunlock_dis:morning,f_screen,phone_screen_rapids_stddurationunlock,dis,morning,0.3367371852873167,46181
screen__f_screen:phone_screen_rapids_firstuseafter00unlock_dis:morning,screen,f_screen:phone_screen_rapids_firstuseafter00unlock_dis:morning,f_screen,phone_screen_rapids_firstuseafter00unlock,dis,morning,0.29514412512387433,49077
screen__f_screen:phone_screen_rapids_countepisodeunlock_locmap_exercise_dis:morning,screen,f_screen:phone_screen_rapids_countepisodeunlock_locmap_exercise_dis:morning,f_screen,phone_screen_rapids_countepisodeunlock_locmap_exercise,dis,morning,0.9651715570109297,2425
screen__f_screen:phone_screen_rapids_sumdurationunlock_locmap_exercise_dis:morning,screen,f_screen:phone_screen_rapids_sumdurationunlock_locmap_exercise_dis:morning,f_screen,phone_screen_rapids_sumdurationunlock_locmap_exercise,dis,morning,0.9651715570109297,2425
screen__f_screen:phone_screen_rapids_maxdurationunlock_locmap_exercise_dis:morning,screen,f_screen:phone_screen_rapids_maxdurationunlock_locmap_exercise_dis:morning,f_screen,phone_screen_rapids_maxdurationunlock_locmap_exercise,dis,morning,0.9651715570109297,2425
screen__f_screen:phone_screen_rapids_mindurationunlock_locmap_exercise_dis:morning,screen,f_screen:phone_screen_rapids_mindurationunlock_locmap_exercise_dis:morning,f_screen,phone_screen_rapids_mindurationunlock_locmap_exercise,dis,morning,0.9651715570109297,2425
screen__f_screen:phone_screen_rapids_avgdurationunlock_locmap_exercise_dis:morning,screen,f_screen:phone_screen_rapids_avgdurationunlock_locmap_exercise_dis:morning,f_screen,phone_screen_rapids_avgdurationunlock_locmap_exercise,dis,morning,0.9651715570109297,2425
screen__f_screen:phone_screen_rapids_stddurationunlock_locmap_exercise_dis:morning,screen,f_screen:phone_screen_rapids_stddurationunlock_locmap_exercise_dis:morning,f_screen,phone_screen_rapids_stddurationunlock_locmap_exercise,dis,morning,0.9775230873080845,1565
screen__f_screen:phone_screen_rapids_firstuseafter00unlock_locmap_exercise_dis:morning,screen,f_screen:phone_screen_rapids_firstuseafter00unlock_locmap_exercise_dis:morning,f_screen,phone_screen_rapids_firstuseafter00unlock_locmap_exercise,dis,morning,0.9651715570109297,2425
screen__f_screen:phone_screen_rapids_countepisodeunlock_locmap_greens_dis:morning,screen,f_screen:phone_screen_rapids_countepisodeunlock_locmap_greens_dis:morning,f_screen,phone_screen_rapids_countepisodeunlock_locmap_greens,dis,morning,0.8516811007224209,10327
screen__f_screen:phone_screen_rapids_sumdurationunlock_locmap_greens_dis:morning,screen,f_screen:phone_screen_rapids_sumdurationunlock_locmap_greens_dis:morning,f_screen,phone_screen_rapids_sumdurationunlock_locmap_greens,dis,morning,0.8516811007224209,10327
screen__f_screen:phone_screen_rapids_maxdurationunlock_locmap_greens_dis:morning,screen,f_screen:phone_screen_rapids_maxdurationunlock_locmap_greens_dis:morning,f_screen,phone_screen_rapids_maxdurationunlock_locmap_greens,dis,morning,0.8516811007224209,10327
screen__f_screen:phone_screen_rapids_mindurationunlock_locmap_greens_dis:morning,screen,f_screen:phone_screen_rapids_mindurationunlock_locmap_greens_dis:morning,f_screen,phone_screen_rapids_mindurationunlock_locmap_greens,dis,morning,0.8516811007224209,10327
screen__f_screen:phone_screen_rapids_avgdurationunlock_locmap_greens_dis:morning,screen,f_screen:phone_screen_rapids_avgdurationunlock_locmap_greens_dis:morning,f_screen,phone_screen_rapids_avgdurationunlock_locmap_greens,dis,morning,0.8516811007224209,10327
screen__f_screen:phone_screen_rapids_stddurationunlock_locmap_greens_dis:morning,screen,f_screen:phone_screen_rapids_stddurationunlock_locmap_greens_dis:morning,f_screen,phone_screen_rapids_stddurationunlock_locmap_greens,dis,morning,0.88722765593807,7852
screen__f_screen:phone_screen_rapids_firstuseafter00unlock_locmap_greens_dis:morning,screen,f_screen:phone_screen_rapids_firstuseafter00unlock_locmap_greens_dis:morning,f_screen,phone_screen_rapids_firstuseafter00unlock_locmap_greens,dis,morning,0.8516811007224209,10327
screen__f_screen:phone_screen_rapids_countepisodeunlock_locmap_living_dis:morning,screen,f_screen:phone_screen_rapids_countepisodeunlock_locmap_living_dis:morning,f_screen,phone_screen_rapids_countepisodeunlock_locmap_living,dis,morning,0.7580679908656125,16845
screen__f_screen:phone_screen_rapids_sumdurationunlock_locmap_living_dis:morning,screen,f_screen:phone_screen_rapids_sumdurationunlock_locmap_living_dis:morning,f_screen,phone_screen_rapids_sumdurationunlock_locmap_living,dis,morning,0.7580679908656125,16845
screen__f_screen:phone_screen_rapids_maxdurationunlock_locmap_living_dis:morning,screen,f_screen:phone_screen_rapids_maxdurationunlock_locmap_living_dis:morning,f_screen,phone_screen_rapids_maxdurationunlock_locmap_living,dis,morning,0.7580679908656125,16845
screen__f_screen:phone_screen_rapids_mindurationunlock_locmap_living_dis:morning,screen,f_screen:phone_screen_rapids_mindurationunlock_locmap_living_dis:morning,f_screen,phone_screen_rapids_mindurationunlock_locmap_living,dis,morning,0.7580679908656125,16845
screen__f_screen:phone_screen_rapids_avgdurationunlock_locmap_living_dis:morning,screen,f_screen:phone_screen_rapids_avgdurationunlock_locmap_living_dis:morning,f_screen,phone_screen_rapids_avgdurationunlock_locmap_living,dis,morning,0.7580679908656125,16845
screen__f_screen:phone_screen_rapids_stddurationunlock_locmap_living_dis:morning,screen,f_screen:phone_screen_rapids_stddurationunlock_locmap_living_dis:morning,f_screen,phone_screen_rapids_stddurationunlock_locmap_living,dis,morning,0.7786203627902969,15414
screen__f_screen:phone_screen_rapids_firstuseafter00unlock_locmap_living_dis:morning,screen,f_screen:phone_screen_rapids_firstuseafter00unlock_locmap_living_dis:morning,f_screen,phone_screen_rapids_firstuseafter00unlock_locmap_living,dis,morning,0.7580679908656125,16845
screen__f_screen:phone_screen_rapids_countepisodeunlock_locmap_study_dis:morning,screen,f_screen:phone_screen_rapids_countepisodeunlock_locmap_study_dis:morning,f_screen,phone_screen_rapids_countepisodeunlock_locmap_study,dis,morning,0.8519252588794577,10310
screen__f_screen:phone_screen_rapids_sumdurationunlock_locmap_study_dis:morning,screen,f_screen:phone_screen_rapids_sumdurationunlock_locmap_study_dis:morning,f_screen,phone_screen_rapids_sumdurationunlock_locmap_study,dis,morning,0.8519252588794577,10310
screen__f_screen:phone_screen_rapids_maxdurationunlock_locmap_study_dis:morning,screen,f_screen:phone_screen_rapids_maxdurationunlock_locmap_study_dis:morning,f_screen,phone_screen_rapids_maxdurationunlock_locmap_study,dis,morning,0.8519252588794577,10310
screen__f_screen:phone_screen_rapids_mindurationunlock_locmap_study_dis:morning,screen,f_screen:phone_screen_rapids_mindurationunlock_locmap_study_dis:morning,f_screen,phone_screen_rapids_mindurationunlock_locmap_study,dis,morning,0.8519252588794577,10310
screen__f_screen:phone_screen_rapids_avgdurationunlock_locmap_study_dis:morning,screen,f_screen:phone_screen_rapids_avgdurationunlock_locmap_study_dis:morning,f_screen,phone_screen_rapids_avgdurationunlock_locmap_study,dis,morning,0.8519252588794577,10310
screen__f_screen:phone_screen_rapids_stddurationunlock_locmap_study_dis:morning,screen,f_screen:phone_screen_rapids_stddurationunlock_locmap_study_dis:morning,f_screen,phone_screen_rapids_stddurationunlock_locmap_study,dis,morning,0.8772028092550304,8550
screen__f_screen:phone_screen_rapids_firstuseafter00unlock_locmap_study_dis:morning,screen,f_screen:phone_screen_rapids_firstuseafter00unlock_locmap_study_dis:morning,f_screen,phone_screen_rapids_firstuseafter00unlock_locmap_study,dis,morning,0.8519252588794577,10310
screen__f_screen:phone_screen_rapids_countepisodeunlock_locmap_home_dis:morning,screen,f_screen:phone_screen_rapids_countepisodeunlock_locmap_home_dis:morning,f_screen,phone_screen_rapids_countepisodeunlock_locmap_home,dis,morning,0.43757450414350757,39160
screen__f_screen:phone_screen_rapids_sumdurationunlock_locmap_home_dis:morning,screen,f_screen:phone_screen_rapids_sumdurationunlock_locmap_home_dis:morning,f_screen,phone_screen_rapids_sumdurationunlock_locmap_home,dis,morning,0.43757450414350757,39160
screen__f_screen:phone_screen_rapids_maxdurationunlock_locmap_home_dis:morning,screen,f_screen:phone_screen_rapids_maxdurationunlock_locmap_home_dis:morning,f_screen,phone_screen_rapids_maxdurationunlock_locmap_home,dis,morning,0.43757450414350757,39160
screen__f_screen:phone_screen_rapids_mindurationunlock_locmap_home_dis:morning,screen,f_screen:phone_screen_rapids_mindurationunlock_locmap_home_dis:morning,f_screen,phone_screen_rapids_mindurationunlock_locmap_home,dis,morning,0.43757450414350757,39160
screen__f_screen:phone_screen_rapids_avgdurationunlock_locmap_home_dis:morning,screen,f_screen:phone_screen_rapids_avgdurationunlock_locmap_home_dis:morning,f_screen,phone_screen_rapids_avgdurationunlock_locmap_home,dis,morning,0.43757450414350757,39160
screen__f_screen:phone_screen_rapids_stddurationunlock_locmap_home_dis:morning,screen,f_screen:phone_screen_rapids_stddurationunlock_locmap_home_dis:morning,f_screen,phone_screen_rapids_stddurationunlock_locmap_home,dis,morning,0.4741551409654301,36613
screen__f_screen:phone_screen_rapids_firstuseafter00unlock_locmap_home_dis:morning,screen,f_screen:phone_screen_rapids_firstuseafter00unlock_locmap_home_dis:morning,f_screen,phone_screen_rapids_firstuseafter00unlock_locmap_home,dis,morning,0.43757450414350757,39160
screen__f_screen:phone_screen_rapids_countepisodeunlock_norm:morning,screen,f_screen:phone_screen_rapids_countepisodeunlock_norm:morning,f_screen,phone_screen_rapids_countepisodeunlock,norm,morning,0.29514412512387433,49077
screen__f_screen:phone_screen_rapids_sumdurationunlock_norm:morning,screen,f_screen:phone_screen_rapids_sumdurationunlock_norm:morning,f_screen,phone_screen_rapids_sumdurationunlock,norm,morning,0.29514412512387433,49077
screen__f_screen:phone_screen_rapids_maxdurationunlock_norm:morning,screen,f_screen:phone_screen_rapids_maxdurationunlock_norm:morning,f_screen,phone_screen_rapids_maxdurationunlock,norm,morning,0.29514412512387433,49077
screen__f_screen:phone_screen_rapids_mindurationunlock_norm:morning,screen,f_screen:phone_screen_rapids_mindurationunlock_norm:morning,f_screen,phone_screen_rapids_mindurationunlock,norm,morning,0.29514412512387433,49077
screen__f_screen:phone_screen_rapids_avgdurationunlock_norm:morning,screen,f_screen:phone_screen_rapids_avgdurationunlock_norm:morning,f_screen,phone_screen_rapids_avgdurationunlock,norm,morning,0.29514412512387433,49077
screen__f_screen:phone_screen_rapids_stddurationunlock_norm:morning,screen,f_screen:phone_screen_rapids_stddurationunlock_norm:morning,f_screen,phone_screen_rapids_stddurationunlock,norm,morning,0.3367371852873167,46181
screen__f_screen:phone_screen_rapids_firstuseafter00unlock_norm:morning,screen,f_screen:phone_screen_rapids_firstuseafter00unlock_norm:morning,f_screen,phone_screen_rapids_firstuseafter00unlock,norm,morning,0.29514412512387433,49077
screen__f_screen:phone_screen_rapids_countepisodeunlock_locmap_exercise_norm:morning,screen,f_screen:phone_screen_rapids_countepisodeunlock_locmap_exercise_norm:morning,f_screen,phone_screen_rapids_countepisodeunlock_locmap_exercise,norm,morning,0.9651715570109297,2425
screen__f_screen:phone_screen_rapids_sumdurationunlock_locmap_exercise_norm:morning,screen,f_screen:phone_screen_rapids_sumdurationunlock_locmap_exercise_norm:morning,f_screen,phone_screen_rapids_sumdurationunlock_locmap_exercise,norm,morning,0.9651715570109297,2425
screen__f_screen:phone_screen_rapids_maxdurationunlock_locmap_exercise_norm:morning,screen,f_screen:phone_screen_rapids_maxdurationunlock_locmap_exercise_norm:morning,f_screen,phone_screen_rapids_maxdurationunlock_locmap_exercise,norm,morning,0.9651715570109297,2425
screen__f_screen:phone_screen_rapids_mindurationunlock_locmap_exercise_norm:morning,screen,f_screen:phone_screen_rapids_mindurationunlock_locmap_exercise_norm:morning,f_screen,phone_screen_rapids_mindurationunlock_locmap_exercise,norm,morning,0.9651715570109297,2425
screen__f_screen:phone_screen_rapids_avgdurationunlock_locmap_exercise_norm:morning,screen,f_screen:phone_screen_rapids_avgdurationunlock_locmap_exercise_norm:morning,f_screen,phone_screen_rapids_avgdurationunlock_locmap_exercise,norm,morning,0.9651715570109297,2425
screen__f_screen:phone_screen_rapids_stddurationunlock_locmap_exercise_norm:morning,screen,f_screen:phone_screen_rapids_stddurationunlock_locmap_exercise_norm:morning,f_screen,phone_screen_rapids_stddurationunlock_locmap_exercise,norm,morning,0.9775230873080845,1565
screen__f_screen:phone_screen_rapids_firstuseafter00unlock_locmap_exercise_norm:morning,screen,f_screen:phone_screen_rapids_firstuseafter00unlock_locmap_exercise_norm:morning,f_screen,phone_screen_rapids_firstuseafter00unlock_locmap_exercise,norm,morning,0.9651715570109297,2425
screen__f_screen:phone_screen_rapids_countepisodeunlock_locmap_greens_norm:morning,screen,f_screen:phone_screen_rapids_countepisodeunlock_locmap_greens_norm:morning,f_screen,phone_screen_rapids_countepisodeunlock_locmap_greens,norm,morning,0.8516811007224209,10327
screen__f_screen:phone_screen_rapids_sumdurationunlock_locmap_greens_norm:morning,screen,f_screen:phone_screen_rapids_sumdurationunlock_locmap_greens_norm:morning,f_screen,phone_screen_rapids_sumdurationunlock_locmap_greens,norm,morning,0.8516811007224209,10327
screen__f_screen:phone_screen_rapids_maxdurationunlock_locmap_greens_norm:morning,screen,f_screen:phone_screen_rapids_maxdurationunlock_locmap_greens_norm:morning,f_screen,phone_screen_rapids_maxdurationunlock_locmap_greens,norm,morning,0.8516811007224209,10327
screen__f_screen:phone_screen_rapids_mindurationunlock_locmap_greens_norm:morning,screen,f_screen:phone_screen_rapids_mindurationunlock_locmap_greens_norm:morning,f_screen,phone_screen_rapids_mindurationunlock_locmap_greens,norm,morning,0.8516811007224209,10327
screen__f_screen:phone_screen_rapids_avgdurationunlock_locmap_greens_norm:morning,screen,f_screen:phone_screen_rapids_avgdurationunlock_locmap_greens_norm:morning,f_screen,phone_screen_rapids_avgdurationunlock_locmap_greens,norm,morning,0.8516811007224209,10327
screen__f_screen:phone_screen_rapids_stddurationunlock_locmap_greens_norm:morning,screen,f_screen:phone_screen_rapids_stddurationunlock_locmap_greens_norm:morning,f_screen,phone_screen_rapids_stddurationunlock_locmap_greens,norm,morning,0.88722765593807,7852
screen__f_screen:phone_screen_rapids_firstuseafter00unlock_locmap_greens_norm:morning,screen,f_screen:phone_screen_rapids_firstuseafter00unlock_locmap_greens_norm:morning,f_screen,phone_screen_rapids_firstuseafter00unlock_locmap_greens,norm,morning,0.8516811007224209,10327
screen__f_screen:phone_screen_rapids_countepisodeunlock_locmap_living_norm:morning,screen,f_screen:phone_screen_rapids_countepisodeunlock_locmap_living_norm:morning,f_screen,phone_screen_rapids_countepisodeunlock_locmap_living,norm,morning,0.7580679908656125,16845
screen__f_screen:phone_screen_rapids_sumdurationunlock_locmap_living_norm:morning,screen,f_screen:phone_screen_rapids_sumdurationunlock_locmap_living_norm:morning,f_screen,phone_screen_rapids_sumdurationunlock_locmap_living,norm,morning,0.7580679908656125,16845
screen__f_screen:phone_screen_rapids_maxdurationunlock_locmap_living_norm:morning,screen,f_screen:phone_screen_rapids_maxdurationunlock_locmap_living_norm:morning,f_screen,phone_screen_rapids_maxdurationunlock_locmap_living,norm,morning,0.7580679908656125,16845
screen__f_screen:phone_screen_rapids_mindurationunlock_locmap_living_norm:morning,screen,f_screen:phone_screen_rapids_mindurationunlock_locmap_living_norm:morning,f_screen,phone_screen_rapids_mindurationunlock_locmap_living,norm,morning,0.7580679908656125,16845
screen__f_screen:phone_screen_rapids_avgdurationunlock_locmap_living_norm:morning,screen,f_screen:phone_screen_rapids_avgdurationunlock_locmap_living_norm:morning,f_screen,phone_screen_rapids_avgdurationunlock_locmap_living,norm,morning,0.7580679908656125,16845
screen__f_screen:phone_screen_rapids_stddurationunlock_locmap_living_norm:morning,screen,f_screen:phone_screen_rapids_stddurationunlock_locmap_living_norm:morning,f_screen,phone_screen_rapids_stddurationunlock_locmap_living,norm,morning,0.7786203627902969,15414
screen__f_screen:phone_screen_rapids_firstuseafter00unlock_locmap_living_norm:morning,screen,f_screen:phone_screen_rapids_firstuseafter00unlock_locmap_living_norm:morning,f_screen,phone_screen_rapids_firstuseafter00unlock_locmap_living,norm,morning,0.7580679908656125,16845
screen__f_screen:phone_screen_rapids_countepisodeunlock_locmap_study_norm:morning,screen,f_screen:phone_screen_rapids_countepisodeunlock_locmap_study_norm:morning,f_screen,phone_screen_rapids_countepisodeunlock_locmap_study,norm,morning,0.8519252588794577,10310
screen__f_screen:phone_screen_rapids_sumdurationunlock_locmap_study_norm:morning,screen,f_screen:phone_screen_rapids_sumdurationunlock_locmap_study_norm:morning,f_screen,phone_screen_rapids_sumdurationunlock_locmap_study,norm,morning,0.8519252588794577,10310
screen__f_screen:phone_screen_rapids_maxdurationunlock_locmap_study_norm:morning,screen,f_screen:phone_screen_rapids_maxdurationunlock_locmap_study_norm:morning,f_screen,phone_screen_rapids_maxdurationunlock_locmap_study,norm,morning,0.8519252588794577,10310
screen__f_screen:phone_screen_rapids_mindurationunlock_locmap_study_norm:morning,screen,f_screen:phone_screen_rapids_mindurationunlock_locmap_study_norm:morning,f_screen,phone_screen_rapids_mindurationunlock_locmap_study,norm,morning,0.8519252588794577,10310
screen__f_screen:phone_screen_rapids_avgdurationunlock_locmap_study_norm:morning,screen,f_screen:phone_screen_rapids_avgdurationunlock_locmap_study_norm:morning,f_screen,phone_screen_rapids_avgdurationunlock_locmap_study,norm,morning,0.8519252588794577,10310
screen__f_screen:phone_screen_rapids_stddurationunlock_locmap_study_norm:morning,screen,f_screen:phone_screen_rapids_stddurationunlock_locmap_study_norm:morning,f_screen,phone_screen_rapids_stddurationunlock_locmap_study,norm,morning,0.8772028092550304,8550
screen__f_screen:phone_screen_rapids_firstuseafter00unlock_locmap_study_norm:morning,screen,f_screen:phone_screen_rapids_firstuseafter00unlock_locmap_study_norm:morning,f_screen,phone_screen_rapids_firstuseafter00unlock_locmap_study,norm,morning,0.8519252588794577,10310
screen__f_screen:phone_screen_rapids_countepisodeunlock_locmap_home_norm:morning,screen,f_screen:phone_screen_rapids_countepisodeunlock_locmap_home_norm:morning,f_screen,phone_screen_rapids_countepisodeunlock_locmap_home,norm,morning,0.43757450414350757,39160
screen__f_screen:phone_screen_rapids_sumdurationunlock_locmap_home_norm:morning,screen,f_screen:phone_screen_rapids_sumdurationunlock_locmap_home_norm:morning,f_screen,phone_screen_rapids_sumdurationunlock_locmap_home,norm,morning,0.43757450414350757,39160
screen__f_screen:phone_screen_rapids_maxdurationunlock_locmap_home_norm:morning,screen,f_screen:phone_screen_rapids_maxdurationunlock_locmap_home_norm:morning,f_screen,phone_screen_rapids_maxdurationunlock_locmap_home,norm,morning,0.43757450414350757,39160
screen__f_screen:phone_screen_rapids_mindurationunlock_locmap_home_norm:morning,screen,f_screen:phone_screen_rapids_mindurationunlock_locmap_home_norm:morning,f_screen,phone_screen_rapids_mindurationunlock_locmap_home,norm,morning,0.43757450414350757,39160
screen__f_screen:phone_screen_rapids_avgdurationunlock_locmap_home_norm:morning,screen,f_screen:phone_screen_rapids_avgdurationunlock_locmap_home_norm:morning,f_screen,phone_screen_rapids_avgdurationunlock_locmap_home,norm,morning,0.43757450414350757,39160
screen__f_screen:phone_screen_rapids_stddurationunlock_locmap_home_norm:morning,screen,f_screen:phone_screen_rapids_stddurationunlock_locmap_home_norm:morning,f_screen,phone_screen_rapids_stddurationunlock_locmap_home,norm,morning,0.4741551409654301,36613
screen__f_screen:phone_screen_rapids_firstuseafter00unlock_locmap_home_norm:morning,screen,f_screen:phone_screen_rapids_firstuseafter00unlock_locmap_home_norm:morning,f_screen,phone_screen_rapids_firstuseafter00unlock_locmap_home,norm,morning,0.43757450414350757,39160
screen__f_screen:phone_screen_rapids_countepisodeunlock:night,screen,f_screen:phone_screen_rapids_countepisodeunlock:night,f_screen,phone_screen_rapids_countepisodeunlock,raw,night,0.40395248969508957,41501
screen__f_screen:phone_screen_rapids_sumdurationunlock:night,screen,f_screen:phone_screen_rapids_sumdurationunlock:night,f_screen,phone_screen_rapids_sumdurationunlock,raw,night,0.40395248969508957,41501
screen__f_screen:phone_screen_rapids_maxdurationunlock:night,screen,f_screen:phone_screen_rapids_maxdurationunlock:night,f_screen,phone_screen_rapids_maxdurationunlock,raw,night,0.40395248969508957,41501
screen__f_screen:phone_screen_rapids_mindurationunlock:night,screen,f_screen:phone_screen_rapids_mindurationunlock:night,f_screen,phone_screen_rapids_mindurationunlock,raw,night,0.40395248969508957,41501
screen__f_screen:phone_screen_rapids_avgdurationunlock:night,screen,f_screen:phone_screen_rapids_avgdurationunlock:night,f_screen,phone_screen_rapids_avgdurationunlock,raw,night,0.40395248969508957,41501
screen__f_screen:phone_screen_rapids_stddurationunlock:night,screen,f_screen:phone_screen_rapids_stddurationunlock:night,f_screen,phone_screen_rapids_stddurationunlock,raw,night,0.49480804860183547,35175
screen__f_screen:phone_screen_rapids_firstuseafter00unlock:night,screen,f_screen:phone_screen_rapids_firstuseafter00unlock:night,f_screen,phone_screen_rapids_firstuseafter00unlock,raw,night,0.40395248969508957,41501
screen__f_screen:phone_screen_rapids_countepisodeunlock_locmap_exercise:night,screen,f_screen:phone_screen_rapids_countepisodeunlock_locmap_exercise:night,f_screen,phone_screen_rapids_countepisodeunlock_locmap_exercise,raw,night,0.9921151277521651,549
screen__f_screen:phone_screen_rapids_sumdurationunlock_locmap_exercise:night,screen,f_screen:phone_screen_rapids_sumdurationunlock_locmap_exercise:night,f_screen,phone_screen_rapids_sumdurationunlock_locmap_exercise,raw,night,0.9921151277521651,549
screen__f_screen:phone_screen_rapids_maxdurationunlock_locmap_exercise:night,screen,f_screen:phone_screen_rapids_maxdurationunlock_locmap_exercise:night,f_screen,phone_screen_rapids_maxdurationunlock_locmap_exercise,raw,night,0.9921151277521651,549
screen__f_screen:phone_screen_rapids_mindurationunlock_locmap_exercise:night,screen,f_screen:phone_screen_rapids_mindurationunlock_locmap_exercise:night,f_screen,phone_screen_rapids_mindurationunlock_locmap_exercise,raw,night,0.9921151277521651,549
screen__f_screen:phone_screen_rapids_avgdurationunlock_locmap_exercise:night,screen,f_screen:phone_screen_rapids_avgdurationunlock_locmap_exercise:night,f_screen,phone_screen_rapids_avgdurationunlock_locmap_exercise,raw,night,0.9921151277521651,549
screen__f_screen:phone_screen_rapids_stddurationunlock_locmap_exercise:night,screen,f_screen:phone_screen_rapids_stddurationunlock_locmap_exercise:night,f_screen,phone_screen_rapids_stddurationunlock_locmap_exercise,raw,night,0.9944418113662803,387
screen__f_screen:phone_screen_rapids_firstuseafter00unlock_locmap_exercise:night,screen,f_screen:phone_screen_rapids_firstuseafter00unlock_locmap_exercise:night,f_screen,phone_screen_rapids_firstuseafter00unlock_locmap_exercise,raw,night,0.9921151277521651,549
screen__f_screen:phone_screen_rapids_countepisodeunlock_locmap_greens:night,screen,f_screen:phone_screen_rapids_countepisodeunlock_locmap_greens:night,f_screen,phone_screen_rapids_countepisodeunlock_locmap_greens,raw,night,0.9733723986384593,1854
screen__f_screen:phone_screen_rapids_sumdurationunlock_locmap_greens:night,screen,f_screen:phone_screen_rapids_sumdurationunlock_locmap_greens:night,f_screen,phone_screen_rapids_sumdurationunlock_locmap_greens,raw,night,0.9733723986384593,1854
screen__f_screen:phone_screen_rapids_maxdurationunlock_locmap_greens:night,screen,f_screen:phone_screen_rapids_maxdurationunlock_locmap_greens:night,f_screen,phone_screen_rapids_maxdurationunlock_locmap_greens,raw,night,0.9733723986384593,1854
screen__f_screen:phone_screen_rapids_mindurationunlock_locmap_greens:night,screen,f_screen:phone_screen_rapids_mindurationunlock_locmap_greens:night,f_screen,phone_screen_rapids_mindurationunlock_locmap_greens,raw,night,0.9733723986384593,1854
screen__f_screen:phone_screen_rapids_avgdurationunlock_locmap_greens:night,screen,f_screen:phone_screen_rapids_avgdurationunlock_locmap_greens:night,f_screen,phone_screen_rapids_avgdurationunlock_locmap_greens,raw,night,0.9733723986384593,1854
screen__f_screen:phone_screen_rapids_stddurationunlock_locmap_greens:night,screen,f_screen:phone_screen_rapids_stddurationunlock_locmap_greens:night,f_screen,phone_screen_rapids_stddurationunlock_locmap_greens,raw,night,0.9808120413058152,1336
screen__f_screen:phone_screen_rapids_firstuseafter00unlock_locmap_greens:night,screen,f_screen:phone_screen_rapids_firstuseafter00unlock_locmap_greens:night,f_screen,phone_screen_rapids_firstuseafter00unlock_locmap_greens,raw,night,0.9733723986384593,1854
screen__f_screen:phone_screen_rapids_countepisodeunlock_locmap_living:night,screen,f_screen:phone_screen_rapids_countepisodeunlock_locmap_living:night,f_screen,phone_screen_rapids_countepisodeunlock_locmap_living,raw,night,0.8021457193330174,13776
screen__f_screen:phone_screen_rapids_sumdurationunlock_locmap_living:night,screen,f_screen:phone_screen_rapids_sumdurationunlock_locmap_living:night,f_screen,phone_screen_rapids_sumdurationunlock_locmap_living,raw,night,0.8021457193330174,13776
screen__f_screen:phone_screen_rapids_maxdurationunlock_locmap_living:night,screen,f_screen:phone_screen_rapids_maxdurationunlock_locmap_living:night,f_screen,phone_screen_rapids_maxdurationunlock_locmap_living,raw,night,0.8021457193330174,13776
screen__f_screen:phone_screen_rapids_mindurationunlock_locmap_living:night,screen,f_screen:phone_screen_rapids_mindurationunlock_locmap_living:night,f_screen,phone_screen_rapids_mindurationunlock_locmap_living,raw,night,0.8021457193330174,13776
screen__f_screen:phone_screen_rapids_avgdurationunlock_locmap_living:night,screen,f_screen:phone_screen_rapids_avgdurationunlock_locmap_living:night,f_screen,phone_screen_rapids_avgdurationunlock_locmap_living,raw,night,0.8021457193330174,13776
screen__f_screen:phone_screen_rapids_stddurationunlock_locmap_living:night,screen,f_screen:phone_screen_rapids_stddurationunlock_locmap_living:night,f_screen,phone_screen_rapids_stddurationunlock_locmap_living,raw,night,0.8314159736883681,11738
screen__f_screen:phone_screen_rapids_firstuseafter00unlock_locmap_living:night,screen,f_screen:phone_screen_rapids_firstuseafter00unlock_locmap_living:night,f_screen,phone_screen_rapids_firstuseafter00unlock_locmap_living,raw,night,0.8021457193330174,13776
screen__f_screen:phone_screen_rapids_countepisodeunlock_locmap_study:night,screen,f_screen:phone_screen_rapids_countepisodeunlock_locmap_study:night,f_screen,phone_screen_rapids_countepisodeunlock_locmap_study,raw,night,0.9882085972395765,821
screen__f_screen:phone_screen_rapids_sumdurationunlock_locmap_study:night,screen,f_screen:phone_screen_rapids_sumdurationunlock_locmap_study:night,f_screen,phone_screen_rapids_sumdurationunlock_locmap_study,raw,night,0.9882085972395765,821
screen__f_screen:phone_screen_rapids_maxdurationunlock_locmap_study:night,screen,f_screen:phone_screen_rapids_maxdurationunlock_locmap_study:night,f_screen,phone_screen_rapids_maxdurationunlock_locmap_study,raw,night,0.9882085972395765,821
screen__f_screen:phone_screen_rapids_mindurationunlock_locmap_study:night,screen,f_screen:phone_screen_rapids_mindurationunlock_locmap_study:night,f_screen,phone_screen_rapids_mindurationunlock_locmap_study,raw,night,0.9882085972395765,821
screen__f_screen:phone_screen_rapids_avgdurationunlock_locmap_study:night,screen,f_screen:phone_screen_rapids_avgdurationunlock_locmap_study:night,f_screen,phone_screen_rapids_avgdurationunlock_locmap_study,raw,night,0.9882085972395765,821
screen__f_screen:phone_screen_rapids_stddurationunlock_locmap_study:night,screen,f_screen:phone_screen_rapids_stddurationunlock_locmap_study:night,f_screen,phone_screen_rapids_stddurationunlock_locmap_study,raw,night,0.9909230614560444,632
screen__f_screen:phone_screen_rapids_firstuseafter00unlock_locmap_study:night,screen,f_screen:phone_screen_rapids_firstuseafter00unlock_locmap_study:night,f_screen,phone_screen_rapids_firstuseafter00unlock_locmap_study,raw,night,0.9882085972395765,821
screen__f_screen:phone_screen_rapids_countepisodeunlock_locmap_home:night,screen,f_screen:phone_screen_rapids_countepisodeunlock_locmap_home:night,f_screen,phone_screen_rapids_countepisodeunlock_locmap_home,raw,night,0.5205164663133555,33385
screen__f_screen:phone_screen_rapids_sumdurationunlock_locmap_home:night,screen,f_screen:phone_screen_rapids_sumdurationunlock_locmap_home:night,f_screen,phone_screen_rapids_sumdurationunlock_locmap_home,raw,night,0.5205164663133555,33385
screen__f_screen:phone_screen_rapids_maxdurationunlock_locmap_home:night,screen,f_screen:phone_screen_rapids_maxdurationunlock_locmap_home:night,f_screen,phone_screen_rapids_maxdurationunlock_locmap_home,raw,night,0.5205164663133555,33385
screen__f_screen:phone_screen_rapids_mindurationunlock_locmap_home:night,screen,f_screen:phone_screen_rapids_mindurationunlock_locmap_home:night,f_screen,phone_screen_rapids_mindurationunlock_locmap_home,raw,night,0.5205164663133555,33385
screen__f_screen:phone_screen_rapids_avgdurationunlock_locmap_home:night,screen,f_screen:phone_screen_rapids_avgdurationunlock_locmap_home:night,f_screen,phone_screen_rapids_avgdurationunlock_locmap_home,raw,night,0.5205164663133555,33385
screen__f_screen:phone_screen_rapids_stddurationunlock_locmap_home:night,screen,f_screen:phone_screen_rapids_stddurationunlock_locmap_home:night,f_screen,phone_screen_rapids_stddurationunlock_locmap_home,raw,night,0.5922989644821692,28387
screen__f_screen:phone_screen_rapids_firstuseafter00unlock_locmap_home:night,screen,f_screen:phone_screen_rapids_firstuseafter00unlock_locmap_home:night,f_screen,phone_screen_rapids_firstuseafter00unlock_locmap_home,raw,night,0.5205164663133555,33385
screen__f_screen:phone_screen_rapids_countepisodeunlock_dis:night,screen,f_screen:phone_screen_rapids_countepisodeunlock_dis:night,f_screen,phone_screen_rapids_countepisodeunlock,dis,night,0.40395248969508957,41501
screen__f_screen:phone_screen_rapids_sumdurationunlock_dis:night,screen,f_screen:phone_screen_rapids_sumdurationunlock_dis:night,f_screen,phone_screen_rapids_sumdurationunlock,dis,night,0.40395248969508957,41501
screen__f_screen:phone_screen_rapids_maxdurationunlock_dis:night,screen,f_screen:phone_screen_rapids_maxdurationunlock_dis:night,f_screen,phone_screen_rapids_maxdurationunlock,dis,night,0.40395248969508957,41501
screen__f_screen:phone_screen_rapids_mindurationunlock_dis:night,screen,f_screen:phone_screen_rapids_mindurationunlock_dis:night,f_screen,phone_screen_rapids_mindurationunlock,dis,night,0.40395248969508957,41501
screen__f_screen:phone_screen_rapids_avgdurationunlock_dis:night,screen,f_screen:phone_screen_rapids_avgdurationunlock_dis:night,f_screen,phone_screen_rapids_avgdurationunlock,dis,night,0.40395248969508957,41501
screen__f_screen:phone_screen_rapids_stddurationunlock_dis:night,screen,f_screen:phone_screen_rapids_stddurationunlock_dis:night,f_screen,phone_screen_rapids_stddurationunlock,dis,night,0.49480804860183547,35175
screen__f_screen:phone_screen_rapids_firstuseafter00unlock_dis:night,screen,f_screen:phone_screen_rapids_firstuseafter00unlock_dis:night,f_screen,phone_screen_rapids_firstuseafter00unlock,dis,night,0.40395248969508957,41501
screen__f_screen:phone_screen_rapids_countepisodeunlock_locmap_exercise_dis:night,screen,f_screen:phone_screen_rapids_countepisodeunlock_locmap_exercise_dis:night,f_screen,phone_screen_rapids_countepisodeunlock_locmap_exercise,dis,night,0.9921151277521651,549
screen__f_screen:phone_screen_rapids_sumdurationunlock_locmap_exercise_dis:night,screen,f_screen:phone_screen_rapids_sumdurationunlock_locmap_exercise_dis:night,f_screen,phone_screen_rapids_sumdurationunlock_locmap_exercise,dis,night,0.9921151277521651,549
screen__f_screen:phone_screen_rapids_maxdurationunlock_locmap_exercise_dis:night,screen,f_screen:phone_screen_rapids_maxdurationunlock_locmap_exercise_dis:night,f_screen,phone_screen_rapids_maxdurationunlock_locmap_exercise,dis,night,0.9921151277521651,549
screen__f_screen:phone_screen_rapids_mindurationunlock_locmap_exercise_dis:night,screen,f_screen:phone_screen_rapids_mindurationunlock_locmap_exercise_dis:night,f_screen,phone_screen_rapids_mindurationunlock_locmap_exercise,dis,night,0.9921151277521651,549
screen__f_screen:phone_screen_rapids_avgdurationunlock_locmap_exercise_dis:night,screen,f_screen:phone_screen_rapids_avgdurationunlock_locmap_exercise_dis:night,f_screen,phone_screen_rapids_avgdurationunlock_locmap_exercise,dis,night,0.9921151277521651,549
screen__f_screen:phone_screen_rapids_stddurationunlock_locmap_exercise_dis:night,screen,f_screen:phone_screen_rapids_stddurationunlock_locmap_exercise_dis:night,f_screen,phone_screen_rapids_stddurationunlock_locmap_exercise,dis,night,0.9944418113662803,387
screen__f_screen:phone_screen_rapids_firstuseafter00unlock_locmap_exercise_dis:night,screen,f_screen:phone_screen_rapids_firstuseafter00unlock_locmap_exercise_dis:night,f_screen,phone_screen_rapids_firstuseafter00unlock_locmap_exercise,dis,night,0.9921151277521651,549
screen__f_screen:phone_screen_rapids_countepisodeunlock_locmap_greens_dis:night,screen,f_screen:phone_screen_rapids_countepisodeunlock_locmap_greens_dis:night,f_screen,phone_screen_rapids_countepisodeunlock_locmap_greens,dis,night,0.9733723986384593,1854
screen__f_screen:phone_screen_rapids_sumdurationunlock_locmap_greens_dis:night,screen,f_screen:phone_screen_rapids_sumdurationunlock_locmap_greens_dis:night,f_screen,phone_screen_rapids_sumdurationunlock_locmap_greens,dis,night,0.9733723986384593,1854
screen__f_screen:phone_screen_rapids_maxdurationunlock_locmap_greens_dis:night,screen,f_screen:phone_screen_rapids_maxdurationunlock_locmap_greens_dis:night,f_screen,phone_screen_rapids_maxdurationunlock_locmap_greens,dis,night,0.9733723986384593,1854
screen__f_screen:phone_screen_rapids_mindurationunlock_locmap_greens_dis:night,screen,f_screen:phone_screen_rapids_mindurationunlock_locmap_greens_dis:night,f_screen,phone_screen_rapids_mindurationunlock_locmap_greens,dis,night,0.9733723986384593,1854
screen__f_screen:phone_screen_rapids_avgdurationunlock_locmap_greens_dis:night,screen,f_screen:phone_screen_rapids_avgdurationunlock_locmap_greens_dis:night,f_screen,phone_screen_rapids_avgdurationunlock_locmap_greens,dis,night,0.9733723986384593,1854
screen__f_screen:phone_screen_rapids_stddurationunlock_locmap_greens_dis:night,screen,f_screen:phone_screen_rapids_stddurationunlock_locmap_greens_dis:night,f_screen,phone_screen_rapids_stddurationunlock_locmap_greens,dis,night,0.9808120413058152,1336
screen__f_screen:phone_screen_rapids_firstuseafter00unlock_locmap_greens_dis:night,screen,f_screen:phone_screen_rapids_firstuseafter00unlock_locmap_greens_dis:night,f_screen,phone_screen_rapids_firstuseafter00unlock_locmap_greens,dis,night,0.9733723986384593,1854
screen__f_screen:phone_screen_rapids_countepisodeunlock_locmap_living_dis:night,screen,f_screen:phone_screen_rapids_countepisodeunlock_locmap_living_dis:night,f_screen,phone_screen_rapids_countepisodeunlock_locmap_living,dis,night,0.8021457193330174,13776
screen__f_screen:phone_screen_rapids_sumdurationunlock_locmap_living_dis:night,screen,f_screen:phone_screen_rapids_sumdurationunlock_locmap_living_dis:night,f_screen,phone_screen_rapids_sumdurationunlock_locmap_living,dis,night,0.8021457193330174,13776
screen__f_screen:phone_screen_rapids_maxdurationunlock_locmap_living_dis:night,screen,f_screen:phone_screen_rapids_maxdurationunlock_locmap_living_dis:night,f_screen,phone_screen_rapids_maxdurationunlock_locmap_living,dis,night,0.8021457193330174,13776
screen__f_screen:phone_screen_rapids_mindurationunlock_locmap_living_dis:night,screen,f_screen:phone_screen_rapids_mindurationunlock_locmap_living_dis:night,f_screen,phone_screen_rapids_mindurationunlock_locmap_living,dis,night,0.8021457193330174,13776
screen__f_screen:phone_screen_rapids_avgdurationunlock_locmap_living_dis:night,screen,f_screen:phone_screen_rapids_avgdurationunlock_locmap_living_dis:night,f_screen,phone_screen_rapids_avgdurationunlock_locmap_living,dis,night,0.8021457193330174,13776
screen__f_screen:phone_screen_rapids_stddurationunlock_locmap_living_dis:night,screen,f_screen:phone_screen_rapids_stddurationunlock_locmap_living_dis:night,f_screen,phone_screen_rapids_stddurationunlock_locmap_living,dis,night,0.8314159736883681,11738
screen__f_screen:phone_screen_rapids_firstuseafter00unlock_locmap_living_dis:night,screen,f_screen:phone_screen_rapids_firstuseafter00unlock_locmap_living_dis:night,f_screen,phone_screen_rapids_firstuseafter00unlock_locmap_living,dis,night,0.8021457193330174,13776
screen__f_screen:phone_screen_rapids_countepisodeunlock_locmap_study_dis:night,screen,f_screen:phone_screen_rapids_countepisodeunlock_locmap_study_dis:night,f_screen,phone_screen_rapids_countepisodeunlock_locmap_study,dis,night,0.9882085972395765,821
screen__f_screen:phone_screen_rapids_sumdurationunlock_locmap_study_dis:night,screen,f_screen:phone_screen_rapids_sumdurationunlock_locmap_study_dis:night,f_screen,phone_screen_rapids_sumdurationunlock_locmap_study,dis,night,0.9882085972395765,821
screen__f_screen:phone_screen_rapids_maxdurationunlock_locmap_study_dis:night,screen,f_screen:phone_screen_rapids_maxdurationunlock_locmap_study_dis:night,f_screen,phone_screen_rapids_maxdurationunlock_locmap_study,dis,night,0.9882085972395765,821
screen__f_screen:phone_screen_rapids_mindurationunlock_locmap_study_dis:night,screen,f_screen:phone_screen_rapids_mindurationunlock_locmap_study_dis:night,f_screen,phone_screen_rapids_mindurationunlock_locmap_study,dis,night,0.9882085972395765,821
screen__f_screen:phone_screen_rapids_avgdurationunlock_locmap_study_dis:night,screen,f_screen:phone_screen_rapids_avgdurationunlock_locmap_study_dis:night,f_screen,phone_screen_rapids_avgdurationunlock_locmap_study,dis,night,0.9882085972395765,821
screen__f_screen:phone_screen_rapids_stddurationunlock_locmap_study_dis:night,screen,f_screen:phone_screen_rapids_stddurationunlock_locmap_study_dis:night,f_screen,phone_screen_rapids_stddurationunlock_locmap_study,dis,night,0.9909230614560444,632
screen__f_screen:phone_screen_rapids_firstuseafter00unlock_locmap_study_dis:night,screen,f_screen:phone_screen_rapids_firstuseafter00unlock_locmap_study_dis:night,f_screen,phone_screen_rapids_firstuseafter00unlock_locmap_study,dis,night,0.9882085972395765,821
screen__f_screen:phone_screen_rapids_countepisodeunlock_locmap_home_dis:night,screen,f_screen:phone_screen_rapids_countepisodeunlock_locmap_home_dis:night,f_screen,phone_screen_rapids_countepisodeunlock_locmap_home,dis,night,0.5205164663133555,33385
screen__f_screen:phone_screen_rapids_sumdurationunlock_locmap_home_dis:night,screen,f_screen:phone_screen_rapids_sumdurationunlock_locmap_home_dis:night,f_screen,phone_screen_rapids_sumdurationunlock_locmap_home,dis,night,0.5205164663133555,33385
screen__f_screen:phone_screen_rapids_maxdurationunlock_locmap_home_dis:night,screen,f_screen:phone_screen_rapids_maxdurationunlock_locmap_home_dis:night,f_screen,phone_screen_rapids_maxdurationunlock_locmap_home,dis,night,0.5205164663133555,33385
screen__f_screen:phone_screen_rapids_mindurationunlock_locmap_home_dis:night,screen,f_screen:phone_screen_rapids_mindurationunlock_locmap_home_dis:night,f_screen,phone_screen_rapids_mindurationunlock_locmap_home,dis,night,0.5205164663133555,33385
screen__f_screen:phone_screen_rapids_avgdurationunlock_locmap_home_dis:night,screen,f_screen:phone_screen_rapids_avgdurationunlock_locmap_home_dis:night,f_screen,phone_screen_rapids_avgdurationunlock_locmap_home,dis,night,0.5205164663133555,33385
screen__f_screen:phone_screen_rapids_stddurationunlock_locmap_home_dis:night,screen,f_screen:phone_screen_rapids_stddurationunlock_locmap_home_dis:night,f_screen,phone_screen_rapids_stddurationunlock_locmap_home,dis,night,0.5922989644821692,28387
screen__f_screen:phone_screen_rapids_firstuseafter00unlock_locmap_home_dis:night,screen,f_screen:phone_screen_rapids_firstuseafter00unlock_locmap_home_dis:night,f_screen,phone_screen_rapids_firstuseafter00unlock_locmap_home,dis,night,0.5205164663133555,33385
screen__f_screen:phone_screen_rapids_countepisodeunlock_norm:night,screen,f_screen:phone_screen_rapids_countepisodeunlock_norm:night,f_screen,phone_screen_rapids_countepisodeunlock,norm,night,0.40395248969508957,41501
screen__f_screen:phone_screen_rapids_sumdurationunlock_norm:night,screen,f_screen:phone_screen_rapids_sumdurationunlock_norm:night,f_screen,phone_screen_rapids_sumdurationunlock,norm,night,0.40395248969508957,41501
screen__f_screen:phone_screen_rapids_maxdurationunlock_norm:night,screen,f_screen:phone_screen_rapids_maxdurationunlock_norm:night,f_screen,phone_screen_rapids_maxdurationunlock,norm,night,0.40395248969508957,41501
screen__f_screen:phone_screen_rapids_mindurationunlock_norm:night,screen,f_screen:phone_screen_rapids_mindurationunlock_norm:night,f_screen,phone_screen_rapids_mindurationunlock,norm,night,0.40395248969508957,41501
screen__f_screen:phone_screen_rapids_avgdurationunlock_norm:night,screen,f_screen:phone_screen_rapids_avgdurationunlock_norm:night,f_screen,phone_screen_rapids_avgdurationunlock,norm,night,0.40395248969508957,41501
screen__f_screen:phone_screen_rapids_stddurationunlock_norm:night,screen,f_screen:phone_screen_rapids_stddurationunlock_norm:night,f_screen,phone_screen_rapids_stddurationunlock,norm,night,0.49480804860183547,35175
screen__f_screen:phone_screen_rapids_firstuseafter00unlock_norm:night,screen,f_screen:phone_screen_rapids_firstuseafter00unlock_norm:night,f_screen,phone_screen_rapids_firstuseafter00unlock,norm,night,0.40395248969508957,41501
screen__f_screen:phone_screen_rapids_countepisodeunlock_locmap_exercise_norm:night,screen,f_screen:phone_screen_rapids_countepisodeunlock_locmap_exercise_norm:night,f_screen,phone_screen_rapids_countepisodeunlock_locmap_exercise,norm,night,0.9921151277521651,549
screen__f_screen:phone_screen_rapids_sumdurationunlock_locmap_exercise_norm:night,screen,f_screen:phone_screen_rapids_sumdurationunlock_locmap_exercise_norm:night,f_screen,phone_screen_rapids_sumdurationunlock_locmap_exercise,norm,night,0.9921151277521651,549
screen__f_screen:phone_screen_rapids_maxdurationunlock_locmap_exercise_norm:night,screen,f_screen:phone_screen_rapids_maxdurationunlock_locmap_exercise_norm:night,f_screen,phone_screen_rapids_maxdurationunlock_locmap_exercise,norm,night,0.9921151277521651,549
screen__f_screen:phone_screen_rapids_mindurationunlock_locmap_exercise_norm:night,screen,f_screen:phone_screen_rapids_mindurationunlock_locmap_exercise_norm:night,f_screen,phone_screen_rapids_mindurationunlock_locmap_exercise,norm,night,0.9921151277521651,549
screen__f_screen:phone_screen_rapids_avgdurationunlock_locmap_exercise_norm:night,screen,f_screen:phone_screen_rapids_avgdurationunlock_locmap_exercise_norm:night,f_screen,phone_screen_rapids_avgdurationunlock_locmap_exercise,norm,night,0.9921151277521651,549
screen__f_screen:phone_screen_rapids_stddurationunlock_locmap_exercise_norm:night,screen,f_screen:phone_screen_rapids_stddurationunlock_locmap_exercise_norm:night,f_screen,phone_screen_rapids_stddurationunlock_locmap_exercise,norm,night,0.9944418113662803,387
screen__f_screen:phone_screen_rapids_firstuseafter00unlock_locmap_exercise_norm:night,screen,f_screen:phone_screen_rapids_firstuseafter00unlock_locmap_exercise_norm:night,f_screen,phone_screen_rapids_firstuseafter00unlock_locmap_exercise,norm,night,0.9921151277521651,549
screen__f_screen:phone_screen_rapids_countepisodeunlock_locmap_greens_norm:night,screen,f_screen:phone_screen_rapids_countepisodeunlock_locmap_greens_norm:night,f_screen,phone_screen_rapids_countepisodeunlock_locmap_greens,norm,night,0.9733723986384593,1854
screen__f_screen:phone_screen_rapids_sumdurationunlock_locmap_greens_norm:night,screen,f_screen:phone_screen_rapids_sumdurationunlock_locmap_greens_norm:night,f_screen,phone_screen_rapids_sumdurationunlock_locmap_greens,norm,night,0.9733723986384593,1854
screen__f_screen:phone_screen_rapids_maxdurationunlock_locmap_greens_norm:night,screen,f_screen:phone_screen_rapids_maxdurationunlock_locmap_greens_norm:night,f_screen,phone_screen_rapids_maxdurationunlock_locmap_greens,norm,night,0.9733723986384593,1854
screen__f_screen:phone_screen_rapids_mindurationunlock_locmap_greens_norm:night,screen,f_screen:phone_screen_rapids_mindurationunlock_locmap_greens_norm:night,f_screen,phone_screen_rapids_mindurationunlock_locmap_greens,norm,night,0.9733723986384593,1854
screen__f_screen:phone_screen_rapids_avgdurationunlock_locmap_greens_norm:night,screen,f_screen:phone_screen_rapids_avgdurationunlock_locmap_greens_norm:night,f_screen,phone_screen_rapids_avgdurationunlock_locmap_greens,norm,night,0.9733723986384593,1854
screen__f_screen:phone_screen_rapids_stddurationunlock_locmap_greens_norm:night,screen,f_screen:phone_screen_rapids_stddurationunlock_locmap_greens_norm:night,f_screen,phone_screen_rapids_stddurationunlock_locmap_greens,norm,night,0.9808120413058152,1336
screen__f_screen:phone_screen_rapids_firstuseafter00unlock_locmap_greens_norm:night,screen,f_screen:phone_screen_rapids_firstuseafter00unlock_locmap_greens_norm:night,f_screen,phone_screen_rapids_firstuseafter00unlock_locmap_greens,norm,night,0.9733723986384593,1854
screen__f_screen:phone_screen_rapids_countepisodeunlock_locmap_living_norm:night,screen,f_screen:phone_screen_rapids_countepisodeunlock_locmap_living_norm:night,f_screen,phone_screen_rapids_countepisodeunlock_locmap_living,norm,night,0.8021457193330174,13776
screen__f_screen:phone_screen_rapids_sumdurationunlock_locmap_living_norm:night,screen,f_screen:phone_screen_rapids_sumdurationunlock_locmap_living_norm:night,f_screen,phone_screen_rapids_sumdurationunlock_locmap_living,norm,night,0.8021457193330174,13776
screen__f_screen:phone_screen_rapids_maxdurationunlock_locmap_living_norm:night,screen,f_screen:phone_screen_rapids_maxdurationunlock_locmap_living_norm:night,f_screen,phone_screen_rapids_maxdurationunlock_locmap_living,norm,night,0.8021457193330174,13776
screen__f_screen:phone_screen_rapids_mindurationunlock_locmap_living_norm:night,screen,f_screen:phone_screen_rapids_mindurationunlock_locmap_living_norm:night,f_screen,phone_screen_rapids_mindurationunlock_locmap_living,norm,night,0.8021457193330174,13776
screen__f_screen:phone_screen_rapids_avgdurationunlock_locmap_living_norm:night,screen,f_screen:phone_screen_rapids_avgdurationunlock_locmap_living_norm:night,f_screen,phone_screen_rapids_avgdurationunlock_locmap_living,norm,night,0.8021457193330174,13776
screen__f_screen:phone_screen_rapids_stddurationunlock_locmap_living_norm:night,screen,f_screen:phone_screen_rapids_stddurationunlock_locmap_living_norm:night,f_screen,phone_screen_rapids_stddurationunlock_locmap_living,norm,night,0.8314159736883681,11738
screen__f_screen:phone_screen_rapids_firstuseafter00unlock_locmap_living_norm:night,screen,f_screen:phone_screen_rapids_firstuseafter00unlock_locmap_living_norm:night,f_screen,phone_screen_rapids_firstuseafter00unlock_locmap_living,norm,night,0.8021457193330174,13776
screen__f_screen:phone_screen_rapids_countepisodeunlock_locmap_study_norm:night,screen,f_screen:phone_screen_rapids_countepisodeunlock_locmap_study_norm:night,f_screen,phone_screen_rapids_countepisodeunlock_locmap_study,norm,night,0.9882085972395765,821
screen__f_screen:phone_screen_rapids_sumdurationunlock_locmap_study_norm:night,screen,f_screen:phone_screen_rapids_sumdurationunlock_locmap_study_norm:night,f_screen,phone_screen_rapids_sumdurationunlock_locmap_study,norm,night,0.9882085972395765,821
screen__f_screen:phone_screen_rapids_maxdurationunlock_locmap_study_norm:night,screen,f_screen:phone_screen_rapids_maxdurationunlock_locmap_study_norm:night,f_screen,phone_screen_rapids_maxdurationunlock_locmap_study,norm,night,0.9882085972395765,821
screen__f_screen:phone_screen_rapids_mindurationunlock_locmap_study_norm:night,screen,f_screen:phone_screen_rapids_mindurationunlock_locmap_study_norm:night,f_screen,phone_screen_rapids_mindurationunlock_locmap_study,norm,night,0.9882085972395765,821
screen__f_screen:phone_screen_rapids_avgdurationunlock_locmap_study_norm:night,screen,f_screen:phone_screen_rapids_avgdurationunlock_locmap_study_norm:night,f_screen,phone_screen_rapids_avgdurationunlock_locmap_study,norm,night,0.9882085972395765,821
screen__f_screen:phone_screen_rapids_stddurationunlock_locmap_study_norm:night,screen,f_screen:phone_screen_rapids_stddurationunlock_locmap_study_norm:night,f_screen,phone_screen_rapids_stddurationunlock_locmap_study,norm,night,0.9909230614560444,632
screen__f_screen:phone_screen_rapids_firstuseafter00unlock_locmap_study_norm:night,screen,f_screen:phone_screen_rapids_firstuseafter00unlock_locmap_study_norm:night,f_screen,phone_screen_rapids_firstuseafter00unlock_locmap_study,norm,night,0.9882085972395765,821
screen__f_screen:phone_screen_rapids_countepisodeunlock_locmap_home_norm:night,screen,f_screen:phone_screen_rapids_countepisodeunlock_locmap_home_norm:night,f_screen,phone_screen_rapids_countepisodeunlock_locmap_home,norm,night,0.5205164663133555,33385
screen__f_screen:phone_screen_rapids_sumdurationunlock_locmap_home_norm:night,screen,f_screen:phone_screen_rapids_sumdurationunlock_locmap_home_norm:night,f_screen,phone_screen_rapids_sumdurationunlock_locmap_home,norm,night,0.5205164663133555,33385
screen__f_screen:phone_screen_rapids_maxdurationunlock_locmap_home_norm:night,screen,f_screen:phone_screen_rapids_maxdurationunlock_locmap_home_norm:night,f_screen,phone_screen_rapids_maxdurationunlock_locmap_home,norm,night,0.5205164663133555,33385
screen__f_screen:phone_screen_rapids_mindurationunlock_locmap_home_norm:night,screen,f_screen:phone_screen_rapids_mindurationunlock_locmap_home_norm:night,f_screen,phone_screen_rapids_mindurationunlock_locmap_home,norm,night,0.5205164663133555,33385
screen__f_screen:phone_screen_rapids_avgdurationunlock_locmap_home_norm:night,screen,f_screen:phone_screen_rapids_avgdurationunlock_locmap_home_norm:night,f_screen,phone_screen_rapids_avgdurationunlock_locmap_home,norm,night,0.5205164663133555,33385
screen__f_screen:phone_screen_rapids_stddurationunlock_locmap_home_norm:night,screen,f_screen:phone_screen_rapids_stddurationunlock_locmap_home_norm:night,f_screen,phone_screen_rapids_stddurationunlock_locmap_home,norm,night,0.5922989644821692,28387
screen__f_screen:phone_screen_rapids_firstuseafter00unlock_locmap_home_norm:night,screen,f_screen:phone_screen_rapids_firstuseafter00unlock_locmap_home_norm:night,f_screen,phone_screen_rapids_firstuseafter00unlock_locmap_home,norm,night,0.5205164663133555,33385
screen__f_screen:phone_screen_rapids_countepisodeunlock:weekday,screen,f_screen:phone_screen_rapids_countepisodeunlock:weekday,f_screen,phone_screen_rapids_countepisodeunlock,raw,weekday,0.888649518146696,7753
screen__f_screen:phone_screen_rapids_sumdurationunlock:weekday,screen,f_screen:phone_screen_rapids_sumdurationunlock:weekday,f_screen,phone_screen_rapids_sumdurationunlock,raw,weekday,0.888649518146696,7753
screen__f_screen:phone_screen_rapids_maxdurationunlock:weekday,screen,f_screen:phone_screen_rapids_maxdurationunlock:weekday,f_screen,phone_screen_rapids_maxdurationunlock,raw,weekday,0.888649518146696,7753
screen__f_screen:phone_screen_rapids_mindurationunlock:weekday,screen,f_screen:phone_screen_rapids_mindurationunlock:weekday,f_screen,phone_screen_rapids_mindurationunlock,raw,weekday,0.888649518146696,7753
screen__f_screen:phone_screen_rapids_avgdurationunlock:weekday,screen,f_screen:phone_screen_rapids_avgdurationunlock:weekday,f_screen,phone_screen_rapids_avgdurationunlock,raw,weekday,0.888649518146696,7753
screen__f_screen:phone_screen_rapids_stddurationunlock:weekday,screen,f_screen:phone_screen_rapids_stddurationunlock:weekday,f_screen,phone_screen_rapids_stddurationunlock,raw,weekday,0.8887644161029485,7745
screen__f_screen:phone_screen_rapids_firstuseafter00unlock:weekday,screen,f_screen:phone_screen_rapids_firstuseafter00unlock:weekday,f_screen,phone_screen_rapids_firstuseafter00unlock,raw,weekday,0.888649518146696,7753
screen__f_screen:phone_screen_rapids_countepisodeunlock_locmap_exercise:weekday,screen,f_screen:phone_screen_rapids_countepisodeunlock_locmap_exercise:weekday,f_screen,phone_screen_rapids_countepisodeunlock_locmap_exercise,raw,weekday,0.9539259195427061,3208
screen__f_screen:phone_screen_rapids_sumdurationunlock_locmap_exercise:weekday,screen,f_screen:phone_screen_rapids_sumdurationunlock_locmap_exercise:weekday,f_screen,phone_screen_rapids_sumdurationunlock_locmap_exercise,raw,weekday,0.9539259195427061,3208
screen__f_screen:phone_screen_rapids_maxdurationunlock_locmap_exercise:weekday,screen,f_screen:phone_screen_rapids_maxdurationunlock_locmap_exercise:weekday,f_screen,phone_screen_rapids_maxdurationunlock_locmap_exercise,raw,weekday,0.9539259195427061,3208
screen__f_screen:phone_screen_rapids_mindurationunlock_locmap_exercise:weekday,screen,f_screen:phone_screen_rapids_mindurationunlock_locmap_exercise:weekday,f_screen,phone_screen_rapids_mindurationunlock_locmap_exercise,raw,weekday,0.9539259195427061,3208
screen__f_screen:phone_screen_rapids_avgdurationunlock_locmap_exercise:weekday,screen,f_screen:phone_screen_rapids_avgdurationunlock_locmap_exercise:weekday,f_screen,phone_screen_rapids_avgdurationunlock_locmap_exercise,raw,weekday,0.9539259195427061,3208
screen__f_screen:phone_screen_rapids_stddurationunlock_locmap_exercise:weekday,screen,f_screen:phone_screen_rapids_stddurationunlock_locmap_exercise:weekday,f_screen,phone_screen_rapids_stddurationunlock_locmap_exercise,raw,weekday,0.9607479856952045,2733
screen__f_screen:phone_screen_rapids_firstuseafter00unlock_locmap_exercise:weekday,screen,f_screen:phone_screen_rapids_firstuseafter00unlock_locmap_exercise:weekday,f_screen,phone_screen_rapids_firstuseafter00unlock_locmap_exercise,raw,weekday,0.9539259195427061,3208
screen__f_screen:phone_screen_rapids_countepisodeunlock_locmap_greens:weekday,screen,f_screen:phone_screen_rapids_countepisodeunlock_locmap_greens:weekday,f_screen,phone_screen_rapids_countepisodeunlock_locmap_greens,raw,weekday,0.9363034455024631,4435
screen__f_screen:phone_screen_rapids_sumdurationunlock_locmap_greens:weekday,screen,f_screen:phone_screen_rapids_sumdurationunlock_locmap_greens:weekday,f_screen,phone_screen_rapids_sumdurationunlock_locmap_greens,raw,weekday,0.9363034455024631,4435
screen__f_screen:phone_screen_rapids_maxdurationunlock_locmap_greens:weekday,screen,f_screen:phone_screen_rapids_maxdurationunlock_locmap_greens:weekday,f_screen,phone_screen_rapids_maxdurationunlock_locmap_greens,raw,weekday,0.9363034455024631,4435
screen__f_screen:phone_screen_rapids_mindurationunlock_locmap_greens:weekday,screen,f_screen:phone_screen_rapids_mindurationunlock_locmap_greens:weekday,f_screen,phone_screen_rapids_mindurationunlock_locmap_greens,raw,weekday,0.9363034455024631,4435
screen__f_screen:phone_screen_rapids_avgdurationunlock_locmap_greens:weekday,screen,f_screen:phone_screen_rapids_avgdurationunlock_locmap_greens:weekday,f_screen,phone_screen_rapids_avgdurationunlock_locmap_greens,raw,weekday,0.9363034455024631,4435
screen__f_screen:phone_screen_rapids_stddurationunlock_locmap_greens:weekday,screen,f_screen:phone_screen_rapids_stddurationunlock_locmap_greens:weekday,f_screen,phone_screen_rapids_stddurationunlock_locmap_greens,raw,weekday,0.9390466342079941,4244
screen__f_screen:phone_screen_rapids_firstuseafter00unlock_locmap_greens:weekday,screen,f_screen:phone_screen_rapids_firstuseafter00unlock_locmap_greens:weekday,f_screen,phone_screen_rapids_firstuseafter00unlock_locmap_greens,raw,weekday,0.9363034455024631,4435
screen__f_screen:phone_screen_rapids_countepisodeunlock_locmap_living:weekday,screen,f_screen:phone_screen_rapids_countepisodeunlock_locmap_living:weekday,f_screen,phone_screen_rapids_countepisodeunlock_locmap_living,raw,weekday,0.9414738535338303,4075
screen__f_screen:phone_screen_rapids_sumdurationunlock_locmap_living:weekday,screen,f_screen:phone_screen_rapids_sumdurationunlock_locmap_living:weekday,f_screen,phone_screen_rapids_sumdurationunlock_locmap_living,raw,weekday,0.9414738535338303,4075
screen__f_screen:phone_screen_rapids_maxdurationunlock_locmap_living:weekday,screen,f_screen:phone_screen_rapids_maxdurationunlock_locmap_living:weekday,f_screen,phone_screen_rapids_maxdurationunlock_locmap_living,raw,weekday,0.9414738535338303,4075
screen__f_screen:phone_screen_rapids_mindurationunlock_locmap_living:weekday,screen,f_screen:phone_screen_rapids_mindurationunlock_locmap_living:weekday,f_screen,phone_screen_rapids_mindurationunlock_locmap_living,raw,weekday,0.9414738535338303,4075
screen__f_screen:phone_screen_rapids_avgdurationunlock_locmap_living:weekday,screen,f_screen:phone_screen_rapids_avgdurationunlock_locmap_living:weekday,f_screen,phone_screen_rapids_avgdurationunlock_locmap_living,raw,weekday,0.9414738535338303,4075
screen__f_screen:phone_screen_rapids_stddurationunlock_locmap_living:weekday,screen,f_screen:phone_screen_rapids_stddurationunlock_locmap_living:weekday,f_screen,phone_screen_rapids_stddurationunlock_locmap_living,raw,weekday,0.9438005371479454,3913
screen__f_screen:phone_screen_rapids_firstuseafter00unlock_locmap_living:weekday,screen,f_screen:phone_screen_rapids_firstuseafter00unlock_locmap_living:weekday,f_screen,phone_screen_rapids_firstuseafter00unlock_locmap_living,raw,weekday,0.9414738535338303,4075
screen__f_screen:phone_screen_rapids_countepisodeunlock_locmap_study:weekday,screen,f_screen:phone_screen_rapids_countepisodeunlock_locmap_study:weekday,f_screen,phone_screen_rapids_countepisodeunlock_locmap_study,raw,weekday,0.9409711749752251,4110
screen__f_screen:phone_screen_rapids_sumdurationunlock_locmap_study:weekday,screen,f_screen:phone_screen_rapids_sumdurationunlock_locmap_study:weekday,f_screen,phone_screen_rapids_sumdurationunlock_locmap_study,raw,weekday,0.9409711749752251,4110
screen__f_screen:phone_screen_rapids_maxdurationunlock_locmap_study:weekday,screen,f_screen:phone_screen_rapids_maxdurationunlock_locmap_study:weekday,f_screen,phone_screen_rapids_maxdurationunlock_locmap_study,raw,weekday,0.9409711749752251,4110
screen__f_screen:phone_screen_rapids_mindurationunlock_locmap_study:weekday,screen,f_screen:phone_screen_rapids_mindurationunlock_locmap_study:weekday,f_screen,phone_screen_rapids_mindurationunlock_locmap_study,raw,weekday,0.9409711749752251,4110
screen__f_screen:phone_screen_rapids_avgdurationunlock_locmap_study:weekday,screen,f_screen:phone_screen_rapids_avgdurationunlock_locmap_study:weekday,f_screen,phone_screen_rapids_avgdurationunlock_locmap_study,raw,weekday,0.9409711749752251,4110
screen__f_screen:phone_screen_rapids_stddurationunlock_locmap_study:weekday,screen,f_screen:phone_screen_rapids_stddurationunlock_locmap_study:weekday,f_screen,phone_screen_rapids_stddurationunlock_locmap_study,raw,weekday,0.9430967871658983,3962
screen__f_screen:phone_screen_rapids_firstuseafter00unlock_locmap_study:weekday,screen,f_screen:phone_screen_rapids_firstuseafter00unlock_locmap_study:weekday,f_screen,phone_screen_rapids_firstuseafter00unlock_locmap_study,raw,weekday,0.9409711749752251,4110
screen__f_screen:phone_screen_rapids_countepisodeunlock_locmap_home:weekday,screen,f_screen:phone_screen_rapids_countepisodeunlock_locmap_home:weekday,f_screen,phone_screen_rapids_countepisodeunlock_locmap_home,raw,weekday,0.894940181251526,7315
screen__f_screen:phone_screen_rapids_sumdurationunlock_locmap_home:weekday,screen,f_screen:phone_screen_rapids_sumdurationunlock_locmap_home:weekday,f_screen,phone_screen_rapids_sumdurationunlock_locmap_home,raw,weekday,0.894940181251526,7315
screen__f_screen:phone_screen_rapids_maxdurationunlock_locmap_home:weekday,screen,f_screen:phone_screen_rapids_maxdurationunlock_locmap_home:weekday,f_screen,phone_screen_rapids_maxdurationunlock_locmap_home,raw,weekday,0.894940181251526,7315
screen__f_screen:phone_screen_rapids_mindurationunlock_locmap_home:weekday,screen,f_screen:phone_screen_rapids_mindurationunlock_locmap_home:weekday,f_screen,phone_screen_rapids_mindurationunlock_locmap_home,raw,weekday,0.894940181251526,7315
screen__f_screen:phone_screen_rapids_avgdurationunlock_locmap_home:weekday,screen,f_screen:phone_screen_rapids_avgdurationunlock_locmap_home:weekday,f_screen,phone_screen_rapids_avgdurationunlock_locmap_home,raw,weekday,0.894940181251526,7315
screen__f_screen:phone_screen_rapids_stddurationunlock_locmap_home:weekday,screen,f_screen:phone_screen_rapids_stddurationunlock_locmap_home:weekday,f_screen,phone_screen_rapids_stddurationunlock_locmap_home,raw,weekday,0.8951268904304365,7302
screen__f_screen:phone_screen_rapids_firstuseafter00unlock_locmap_home:weekday,screen,f_screen:phone_screen_rapids_firstuseafter00unlock_locmap_home:weekday,f_screen,phone_screen_rapids_firstuseafter00unlock_locmap_home,raw,weekday,0.894940181251526,7315
screen__f_screen:phone_screen_rapids_countepisodeunlock_dis:weekday,screen,f_screen:phone_screen_rapids_countepisodeunlock_dis:weekday,f_screen,phone_screen_rapids_countepisodeunlock,dis,weekday,0.888649518146696,7753
screen__f_screen:phone_screen_rapids_sumdurationunlock_dis:weekday,screen,f_screen:phone_screen_rapids_sumdurationunlock_dis:weekday,f_screen,phone_screen_rapids_sumdurationunlock,dis,weekday,0.888649518146696,7753
screen__f_screen:phone_screen_rapids_maxdurationunlock_dis:weekday,screen,f_screen:phone_screen_rapids_maxdurationunlock_dis:weekday,f_screen,phone_screen_rapids_maxdurationunlock,dis,weekday,0.888649518146696,7753
screen__f_screen:phone_screen_rapids_mindurationunlock_dis:weekday,screen,f_screen:phone_screen_rapids_mindurationunlock_dis:weekday,f_screen,phone_screen_rapids_mindurationunlock,dis,weekday,0.888649518146696,7753
screen__f_screen:phone_screen_rapids_avgdurationunlock_dis:weekday,screen,f_screen:phone_screen_rapids_avgdurationunlock_dis:weekday,f_screen,phone_screen_rapids_avgdurationunlock,dis,weekday,0.888649518146696,7753
screen__f_screen:phone_screen_rapids_stddurationunlock_dis:weekday,screen,f_screen:phone_screen_rapids_stddurationunlock_dis:weekday,f_screen,phone_screen_rapids_stddurationunlock,dis,weekday,0.8887644161029485,7745
screen__f_screen:phone_screen_rapids_firstuseafter00unlock_dis:weekday,screen,f_screen:phone_screen_rapids_firstuseafter00unlock_dis:weekday,f_screen,phone_screen_rapids_firstuseafter00unlock,dis,weekday,0.888649518146696,7753
screen__f_screen:phone_screen_rapids_countepisodeunlock_locmap_exercise_dis:weekday,screen,f_screen:phone_screen_rapids_countepisodeunlock_locmap_exercise_dis:weekday,f_screen,phone_screen_rapids_countepisodeunlock_locmap_exercise,dis,weekday,0.9539259195427061,3208
screen__f_screen:phone_screen_rapids_sumdurationunlock_locmap_exercise_dis:weekday,screen,f_screen:phone_screen_rapids_sumdurationunlock_locmap_exercise_dis:weekday,f_screen,phone_screen_rapids_sumdurationunlock_locmap_exercise,dis,weekday,0.9539259195427061,3208
screen__f_screen:phone_screen_rapids_maxdurationunlock_locmap_exercise_dis:weekday,screen,f_screen:phone_screen_rapids_maxdurationunlock_locmap_exercise_dis:weekday,f_screen,phone_screen_rapids_maxdurationunlock_locmap_exercise,dis,weekday,0.9539259195427061,3208
screen__f_screen:phone_screen_rapids_mindurationunlock_locmap_exercise_dis:weekday,screen,f_screen:phone_screen_rapids_mindurationunlock_locmap_exercise_dis:weekday,f_screen,phone_screen_rapids_mindurationunlock_locmap_exercise,dis,weekday,0.9539259195427061,3208
screen__f_screen:phone_screen_rapids_avgdurationunlock_locmap_exercise_dis:weekday,screen,f_screen:phone_screen_rapids_avgdurationunlock_locmap_exercise_dis:weekday,f_screen,phone_screen_rapids_avgdurationunlock_locmap_exercise,dis,weekday,0.9539259195427061,3208
screen__f_screen:phone_screen_rapids_stddurationunlock_locmap_exercise_dis:weekday,screen,f_screen:phone_screen_rapids_stddurationunlock_locmap_exercise_dis:weekday,f_screen,phone_screen_rapids_stddurationunlock_locmap_exercise,dis,weekday,0.9607479856952045,2733
screen__f_screen:phone_screen_rapids_firstuseafter00unlock_locmap_exercise_dis:weekday,screen,f_screen:phone_screen_rapids_firstuseafter00unlock_locmap_exercise_dis:weekday,f_screen,phone_screen_rapids_firstuseafter00unlock_locmap_exercise,dis,weekday,0.9539259195427061,3208
screen__f_screen:phone_screen_rapids_countepisodeunlock_locmap_greens_dis:weekday,screen,f_screen:phone_screen_rapids_countepisodeunlock_locmap_greens_dis:weekday,f_screen,phone_screen_rapids_countepisodeunlock_locmap_greens,dis,weekday,0.9363034455024631,4435
screen__f_screen:phone_screen_rapids_sumdurationunlock_locmap_greens_dis:weekday,screen,f_screen:phone_screen_rapids_sumdurationunlock_locmap_greens_dis:weekday,f_screen,phone_screen_rapids_sumdurationunlock_locmap_greens,dis,weekday,0.9363034455024631,4435
screen__f_screen:phone_screen_rapids_maxdurationunlock_locmap_greens_dis:weekday,screen,f_screen:phone_screen_rapids_maxdurationunlock_locmap_greens_dis:weekday,f_screen,phone_screen_rapids_maxdurationunlock_locmap_greens,dis,weekday,0.9363034455024631,4435
screen__f_screen:phone_screen_rapids_mindurationunlock_locmap_greens_dis:weekday,screen,f_screen:phone_screen_rapids_mindurationunlock_locmap_greens_dis:weekday,f_screen,phone_screen_rapids_mindurationunlock_locmap_greens,dis,weekday,0.9363034455024631,4435
screen__f_screen:phone_screen_rapids_avgdurationunlock_locmap_greens_dis:weekday,screen,f_screen:phone_screen_rapids_avgdurationunlock_locmap_greens_dis:weekday,f_screen,phone_screen_rapids_avgdurationunlock_locmap_greens,dis,weekday,0.9363034455024631,4435
screen__f_screen:phone_screen_rapids_stddurationunlock_locmap_greens_dis:weekday,screen,f_screen:phone_screen_rapids_stddurationunlock_locmap_greens_dis:weekday,f_screen,phone_screen_rapids_stddurationunlock_locmap_greens,dis,weekday,0.9390466342079941,4244
screen__f_screen:phone_screen_rapids_firstuseafter00unlock_locmap_greens_dis:weekday,screen,f_screen:phone_screen_rapids_firstuseafter00unlock_locmap_greens_dis:weekday,f_screen,phone_screen_rapids_firstuseafter00unlock_locmap_greens,dis,weekday,0.9363034455024631,4435
screen__f_screen:phone_screen_rapids_countepisodeunlock_locmap_living_dis:weekday,screen,f_screen:phone_screen_rapids_countepisodeunlock_locmap_living_dis:weekday,f_screen,phone_screen_rapids_countepisodeunlock_locmap_living,dis,weekday,0.9414738535338303,4075
screen__f_screen:phone_screen_rapids_sumdurationunlock_locmap_living_dis:weekday,screen,f_screen:phone_screen_rapids_sumdurationunlock_locmap_living_dis:weekday,f_screen,phone_screen_rapids_sumdurationunlock_locmap_living,dis,weekday,0.9414738535338303,4075
screen__f_screen:phone_screen_rapids_maxdurationunlock_locmap_living_dis:weekday,screen,f_screen:phone_screen_rapids_maxdurationunlock_locmap_living_dis:weekday,f_screen,phone_screen_rapids_maxdurationunlock_locmap_living,dis,weekday,0.9414738535338303,4075
screen__f_screen:phone_screen_rapids_mindurationunlock_locmap_living_dis:weekday,screen,f_screen:phone_screen_rapids_mindurationunlock_locmap_living_dis:weekday,f_screen,phone_screen_rapids_mindurationunlock_locmap_living,dis,weekday,0.9414738535338303,4075
screen__f_screen:phone_screen_rapids_avgdurationunlock_locmap_living_dis:weekday,screen,f_screen:phone_screen_rapids_avgdurationunlock_locmap_living_dis:weekday,f_screen,phone_screen_rapids_avgdurationunlock_locmap_living,dis,weekday,0.9414738535338303,4075
screen__f_screen:phone_screen_rapids_stddurationunlock_locmap_living_dis:weekday,screen,f_screen:phone_screen_rapids_stddurationunlock_locmap_living_dis:weekday,f_screen,phone_screen_rapids_stddurationunlock_locmap_living,dis,weekday,0.9438005371479454,3913
screen__f_screen:phone_screen_rapids_firstuseafter00unlock_locmap_living_dis:weekday,screen,f_screen:phone_screen_rapids_firstuseafter00unlock_locmap_living_dis:weekday,f_screen,phone_screen_rapids_firstuseafter00unlock_locmap_living,dis,weekday,0.9414738535338303,4075
screen__f_screen:phone_screen_rapids_countepisodeunlock_locmap_study_dis:weekday,screen,f_screen:phone_screen_rapids_countepisodeunlock_locmap_study_dis:weekday,f_screen,phone_screen_rapids_countepisodeunlock_locmap_study,dis,weekday,0.9409711749752251,4110
screen__f_screen:phone_screen_rapids_sumdurationunlock_locmap_study_dis:weekday,screen,f_screen:phone_screen_rapids_sumdurationunlock_locmap_study_dis:weekday,f_screen,phone_screen_rapids_sumdurationunlock_locmap_study,dis,weekday,0.9409711749752251,4110
screen__f_screen:phone_screen_rapids_maxdurationunlock_locmap_study_dis:weekday,screen,f_screen:phone_screen_rapids_maxdurationunlock_locmap_study_dis:weekday,f_screen,phone_screen_rapids_maxdurationunlock_locmap_study,dis,weekday,0.9409711749752251,4110
screen__f_screen:phone_screen_rapids_mindurationunlock_locmap_study_dis:weekday,screen,f_screen:phone_screen_rapids_mindurationunlock_locmap_study_dis:weekday,f_screen,phone_screen_rapids_mindurationunlock_locmap_study,dis,weekday,0.9409711749752251,4110
screen__f_screen:phone_screen_rapids_avgdurationunlock_locmap_study_dis:weekday,screen,f_screen:phone_screen_rapids_avgdurationunlock_locmap_study_dis:weekday,f_screen,phone_screen_rapids_avgdurationunlock_locmap_study,dis,weekday,0.9409711749752251,4110
screen__f_screen:phone_screen_rapids_stddurationunlock_locmap_study_dis:weekday,screen,f_screen:phone_screen_rapids_stddurationunlock_locmap_study_dis:weekday,f_screen,phone_screen_rapids_stddurationunlock_locmap_study,dis,weekday,0.9430967871658983,3962
screen__f_screen:phone_screen_rapids_firstuseafter00unlock_locmap_study_dis:weekday,screen,f_screen:phone_screen_rapids_firstuseafter00unlock_locmap_study_dis:weekday,f_screen,phone_screen_rapids_firstuseafter00unlock_locmap_study,dis,weekday,0.9409711749752251,4110
screen__f_screen:phone_screen_rapids_countepisodeunlock_locmap_home_dis:weekday,screen,f_screen:phone_screen_rapids_countepisodeunlock_locmap_home_dis:weekday,f_screen,phone_screen_rapids_countepisodeunlock_locmap_home,dis,weekday,0.894940181251526,7315
screen__f_screen:phone_screen_rapids_sumdurationunlock_locmap_home_dis:weekday,screen,f_screen:phone_screen_rapids_sumdurationunlock_locmap_home_dis:weekday,f_screen,phone_screen_rapids_sumdurationunlock_locmap_home,dis,weekday,0.894940181251526,7315
screen__f_screen:phone_screen_rapids_maxdurationunlock_locmap_home_dis:weekday,screen,f_screen:phone_screen_rapids_maxdurationunlock_locmap_home_dis:weekday,f_screen,phone_screen_rapids_maxdurationunlock_locmap_home,dis,weekday,0.894940181251526,7315
screen__f_screen:phone_screen_rapids_mindurationunlock_locmap_home_dis:weekday,screen,f_screen:phone_screen_rapids_mindurationunlock_locmap_home_dis:weekday,f_screen,phone_screen_rapids_mindurationunlock_locmap_home,dis,weekday,0.894940181251526,7315
screen__f_screen:phone_screen_rapids_avgdurationunlock_locmap_home_dis:weekday,screen,f_screen:phone_screen_rapids_avgdurationunlock_locmap_home_dis:weekday,f_screen,phone_screen_rapids_avgdurationunlock_locmap_home,dis,weekday,0.894940181251526,7315
screen__f_screen:phone_screen_rapids_stddurationunlock_locmap_home_dis:weekday,screen,f_screen:phone_screen_rapids_stddurationunlock_locmap_home_dis:weekday,f_screen,phone_screen_rapids_stddurationunlock_locmap_home,dis,weekday,0.8951268904304365,7302
screen__f_screen:phone_screen_rapids_firstuseafter00unlock_locmap_home_dis:weekday,screen,f_screen:phone_screen_rapids_firstuseafter00unlock_locmap_home_dis:weekday,f_screen,phone_screen_rapids_firstuseafter00unlock_locmap_home,dis,weekday,0.894940181251526,7315
screen__f_screen:phone_screen_rapids_countepisodeunlock_norm:weekday,screen,f_screen:phone_screen_rapids_countepisodeunlock_norm:weekday,f_screen,phone_screen_rapids_countepisodeunlock,norm,weekday,0.888649518146696,7753
screen__f_screen:phone_screen_rapids_sumdurationunlock_norm:weekday,screen,f_screen:phone_screen_rapids_sumdurationunlock_norm:weekday,f_screen,phone_screen_rapids_sumdurationunlock,norm,weekday,0.888649518146696,7753
screen__f_screen:phone_screen_rapids_maxdurationunlock_norm:weekday,screen,f_screen:phone_screen_rapids_maxdurationunlock_norm:weekday,f_screen,phone_screen_rapids_maxdurationunlock,norm,weekday,0.888649518146696,7753
screen__f_screen:phone_screen_rapids_mindurationunlock_norm:weekday,screen,f_screen:phone_screen_rapids_mindurationunlock_norm:weekday,f_screen,phone_screen_rapids_mindurationunlock,norm,weekday,0.888649518146696,7753
screen__f_screen:phone_screen_rapids_avgdurationunlock_norm:weekday,screen,f_screen:phone_screen_rapids_avgdurationunlock_norm:weekday,f_screen,phone_screen_rapids_avgdurationunlock,norm,weekday,0.888649518146696,7753
screen__f_screen:phone_screen_rapids_stddurationunlock_norm:weekday,screen,f_screen:phone_screen_rapids_stddurationunlock_norm:weekday,f_screen,phone_screen_rapids_stddurationunlock,norm,weekday,0.8887644161029485,7745
screen__f_screen:phone_screen_rapids_firstuseafter00unlock_norm:weekday,screen,f_screen:phone_screen_rapids_firstuseafter00unlock_norm:weekday,f_screen,phone_screen_rapids_firstuseafter00unlock,norm,weekday,0.888649518146696,7753
screen__f_screen:phone_screen_rapids_countepisodeunlock_locmap_exercise_norm:weekday,screen,f_screen:phone_screen_rapids_countepisodeunlock_locmap_exercise_norm:weekday,f_screen,phone_screen_rapids_countepisodeunlock_locmap_exercise,norm,weekday,0.9539259195427061,3208
screen__f_screen:phone_screen_rapids_sumdurationunlock_locmap_exercise_norm:weekday,screen,f_screen:phone_screen_rapids_sumdurationunlock_locmap_exercise_norm:weekday,f_screen,phone_screen_rapids_sumdurationunlock_locmap_exercise,norm,weekday,0.9539259195427061,3208
screen__f_screen:phone_screen_rapids_maxdurationunlock_locmap_exercise_norm:weekday,screen,f_screen:phone_screen_rapids_maxdurationunlock_locmap_exercise_norm:weekday,f_screen,phone_screen_rapids_maxdurationunlock_locmap_exercise,norm,weekday,0.9539259195427061,3208
screen__f_screen:phone_screen_rapids_mindurationunlock_locmap_exercise_norm:weekday,screen,f_screen:phone_screen_rapids_mindurationunlock_locmap_exercise_norm:weekday,f_screen,phone_screen_rapids_mindurationunlock_locmap_exercise,norm,weekday,0.9539259195427061,3208
screen__f_screen:phone_screen_rapids_avgdurationunlock_locmap_exercise_norm:weekday,screen,f_screen:phone_screen_rapids_avgdurationunlock_locmap_exercise_norm:weekday,f_screen,phone_screen_rapids_avgdurationunlock_locmap_exercise,norm,weekday,0.9539259195427061,3208
screen__f_screen:phone_screen_rapids_stddurationunlock_locmap_exercise_norm:weekday,screen,f_screen:phone_screen_rapids_stddurationunlock_locmap_exercise_norm:weekday,f_screen,phone_screen_rapids_stddurationunlock_locmap_exercise,norm,weekday,0.9607479856952045,2733
screen__f_screen:phone_screen_rapids_firstuseafter00unlock_locmap_exercise_norm:weekday,screen,f_screen:phone_screen_rapids_firstuseafter00unlock_locmap_exercise_norm:weekday,f_screen,phone_screen_rapids_firstuseafter00unlock_locmap_exercise,norm,weekday,0.9539259195427061,3208
screen__f_screen:phone_screen_rapids_countepisodeunlock_locmap_greens_norm:weekday,screen,f_screen:phone_screen_rapids_countepisodeunlock_locmap_greens_norm:weekday,f_screen,phone_screen_rapids_countepisodeunlock_locmap_greens,norm,weekday,0.9363034455024631,4435
screen__f_screen:phone_screen_rapids_sumdurationunlock_locmap_greens_norm:weekday,screen,f_screen:phone_screen_rapids_sumdurationunlock_locmap_greens_norm:weekday,f_screen,phone_screen_rapids_sumdurationunlock_locmap_greens,norm,weekday,0.9363034455024631,4435
screen__f_screen:phone_screen_rapids_maxdurationunlock_locmap_greens_norm:weekday,screen,f_screen:phone_screen_rapids_maxdurationunlock_locmap_greens_norm:weekday,f_screen,phone_screen_rapids_maxdurationunlock_locmap_greens,norm,weekday,0.9363034455024631,4435
screen__f_screen:phone_screen_rapids_mindurationunlock_locmap_greens_norm:weekday,screen,f_screen:phone_screen_rapids_mindurationunlock_locmap_greens_norm:weekday,f_screen,phone_screen_rapids_mindurationunlock_locmap_greens,norm,weekday,0.9363034455024631,4435
screen__f_screen:phone_screen_rapids_avgdurationunlock_locmap_greens_norm:weekday,screen,f_screen:phone_screen_rapids_avgdurationunlock_locmap_greens_norm:weekday,f_screen,phone_screen_rapids_avgdurationunlock_locmap_greens,norm,weekday,0.9363034455024631,4435
screen__f_screen:phone_screen_rapids_stddurationunlock_locmap_greens_norm:weekday,screen,f_screen:phone_screen_rapids_stddurationunlock_locmap_greens_norm:weekday,f_screen,phone_screen_rapids_stddurationunlock_locmap_greens,norm,weekday,0.9390466342079941,4244
screen__f_screen:phone_screen_rapids_firstuseafter00unlock_locmap_greens_norm:weekday,screen,f_screen:phone_screen_rapids_firstuseafter00unlock_locmap_greens_norm:weekday,f_screen,phone_screen_rapids_firstuseafter00unlock_locmap_greens,norm,weekday,0.9363034455024631,4435
screen__f_screen:phone_screen_rapids_countepisodeunlock_locmap_living_norm:weekday,screen,f_screen:phone_screen_rapids_countepisodeunlock_locmap_living_norm:weekday,f_screen,phone_screen_rapids_countepisodeunlock_locmap_living,norm,weekday,0.9414738535338303,4075
screen__f_screen:phone_screen_rapids_sumdurationunlock_locmap_living_norm:weekday,screen,f_screen:phone_screen_rapids_sumdurationunlock_locmap_living_norm:weekday,f_screen,phone_screen_rapids_sumdurationunlock_locmap_living,norm,weekday,0.9414738535338303,4075
screen__f_screen:phone_screen_rapids_maxdurationunlock_locmap_living_norm:weekday,screen,f_screen:phone_screen_rapids_maxdurationunlock_locmap_living_norm:weekday,f_screen,phone_screen_rapids_maxdurationunlock_locmap_living,norm,weekday,0.9414738535338303,4075
screen__f_screen:phone_screen_rapids_mindurationunlock_locmap_living_norm:weekday,screen,f_screen:phone_screen_rapids_mindurationunlock_locmap_living_norm:weekday,f_screen,phone_screen_rapids_mindurationunlock_locmap_living,norm,weekday,0.9414738535338303,4075
screen__f_screen:phone_screen_rapids_avgdurationunlock_locmap_living_norm:weekday,screen,f_screen:phone_screen_rapids_avgdurationunlock_locmap_living_norm:weekday,f_screen,phone_screen_rapids_avgdurationunlock_locmap_living,norm,weekday,0.9414738535338303,4075
screen__f_screen:phone_screen_rapids_stddurationunlock_locmap_living_norm:weekday,screen,f_screen:phone_screen_rapids_stddurationunlock_locmap_living_norm:weekday,f_screen,phone_screen_rapids_stddurationunlock_locmap_living,norm,weekday,0.9438005371479454,3913
screen__f_screen:phone_screen_rapids_firstuseafter00unlock_locmap_living_norm:weekday,screen,f_screen:phone_screen_rapids_firstuseafter00unlock_locmap_living_norm:weekday,f_screen,phone_screen_rapids_firstuseafter00unlock_locmap_living,norm,weekday,0.9414738535338303,4075
screen__f_screen:phone_screen_rapids_countepisodeunlock_locmap_study_norm:weekday,screen,f_screen:phone_screen_rapids_countepisodeunlock_locmap_study_norm:weekday,f_screen,phone_screen_rapids_countepisodeunlock_locmap_study,norm,weekday,0.9409711749752251,4110
screen__f_screen:phone_screen_rapids_sumdurationunlock_locmap_study_norm:weekday,screen,f_screen:phone_screen_rapids_sumdurationunlock_locmap_study_norm:weekday,f_screen,phone_screen_rapids_sumdurationunlock_locmap_study,norm,weekday,0.9409711749752251,4110
screen__f_screen:phone_screen_rapids_maxdurationunlock_locmap_study_norm:weekday,screen,f_screen:phone_screen_rapids_maxdurationunlock_locmap_study_norm:weekday,f_screen,phone_screen_rapids_maxdurationunlock_locmap_study,norm,weekday,0.9409711749752251,4110
screen__f_screen:phone_screen_rapids_mindurationunlock_locmap_study_norm:weekday,screen,f_screen:phone_screen_rapids_mindurationunlock_locmap_study_norm:weekday,f_screen,phone_screen_rapids_mindurationunlock_locmap_study,norm,weekday,0.9409711749752251,4110
screen__f_screen:phone_screen_rapids_avgdurationunlock_locmap_study_norm:weekday,screen,f_screen:phone_screen_rapids_avgdurationunlock_locmap_study_norm:weekday,f_screen,phone_screen_rapids_avgdurationunlock_locmap_study,norm,weekday,0.9409711749752251,4110
screen__f_screen:phone_screen_rapids_stddurationunlock_locmap_study_norm:weekday,screen,f_screen:phone_screen_rapids_stddurationunlock_locmap_study_norm:weekday,f_screen,phone_screen_rapids_stddurationunlock_locmap_study,norm,weekday,0.9430967871658983,3962
screen__f_screen:phone_screen_rapids_firstuseafter00unlock_locmap_study_norm:weekday,screen,f_screen:phone_screen_rapids_firstuseafter00unlock_locmap_study_norm:weekday,f_screen,phone_screen_rapids_firstuseafter00unlock_locmap_study,norm,weekday,0.9409711749752251,4110
screen__f_screen:phone_screen_rapids_countepisodeunlock_locmap_home_norm:weekday,screen,f_screen:phone_screen_rapids_countepisodeunlock_locmap_home_norm:weekday,f_screen,phone_screen_rapids_countepisodeunlock_locmap_home,norm,weekday,0.894940181251526,7315
screen__f_screen:phone_screen_rapids_sumdurationunlock_locmap_home_norm:weekday,screen,f_screen:phone_screen_rapids_sumdurationunlock_locmap_home_norm:weekday,f_screen,phone_screen_rapids_sumdurationunlock_locmap_home,norm,weekday,0.894940181251526,7315
screen__f_screen:phone_screen_rapids_maxdurationunlock_locmap_home_norm:weekday,screen,f_screen:phone_screen_rapids_maxdurationunlock_locmap_home_norm:weekday,f_screen,phone_screen_rapids_maxdurationunlock_locmap_home,norm,weekday,0.894940181251526,7315
screen__f_screen:phone_screen_rapids_mindurationunlock_locmap_home_norm:weekday,screen,f_screen:phone_screen_rapids_mindurationunlock_locmap_home_norm:weekday,f_screen,phone_screen_rapids_mindurationunlock_locmap_home,norm,weekday,0.894940181251526,7315
screen__f_screen:phone_screen_rapids_avgdurationunlock_locmap_home_norm:weekday,screen,f_screen:phone_screen_rapids_avgdurationunlock_locmap_home_norm:weekday,f_screen,phone_screen_rapids_avgdurationunlock_locmap_home,norm,weekday,0.894940181251526,7315
screen__f_screen:phone_screen_rapids_stddurationunlock_locmap_home_norm:weekday,screen,f_screen:phone_screen_rapids_stddurationunlock_locmap_home_norm:weekday,f_screen,phone_screen_rapids_stddurationunlock_locmap_home,norm,weekday,0.8951268904304365,7302
screen__f_screen:phone_screen_rapids_firstuseafter00unlock_locmap_home_norm:weekday,screen,f_screen:phone_screen_rapids_firstuseafter00unlock_locmap_home_norm:weekday,f_screen,phone_screen_rapids_firstuseafter00unlock_locmap_home,norm,weekday,0.894940181251526,7315
screen__f_screen:phone_screen_rapids_countepisodeunlock:weekend,screen,f_screen:phone_screen_rapids_countepisodeunlock:weekend,f_screen,phone_screen_rapids_countepisodeunlock,raw,weekend,0.8932023496632053,7436
screen__f_screen:phone_screen_rapids_sumdurationunlock:weekend,screen,f_screen:phone_screen_rapids_sumdurationunlock:weekend,f_screen,phone_screen_rapids_sumdurationunlock,raw,weekend,0.8932023496632053,7436
screen__f_screen:phone_screen_rapids_maxdurationunlock:weekend,screen,f_screen:phone_screen_rapids_maxdurationunlock:weekend,f_screen,phone_screen_rapids_maxdurationunlock,raw,weekend,0.8932023496632053,7436
screen__f_screen:phone_screen_rapids_mindurationunlock:weekend,screen,f_screen:phone_screen_rapids_mindurationunlock:weekend,f_screen,phone_screen_rapids_mindurationunlock,raw,weekend,0.8932023496632053,7436
screen__f_screen:phone_screen_rapids_avgdurationunlock:weekend,screen,f_screen:phone_screen_rapids_avgdurationunlock:weekend,f_screen,phone_screen_rapids_avgdurationunlock,raw,weekend,0.8932023496632053,7436
screen__f_screen:phone_screen_rapids_stddurationunlock:weekend,screen,f_screen:phone_screen_rapids_stddurationunlock:weekend,f_screen,phone_screen_rapids_stddurationunlock,raw,weekend,0.8934608700647737,7418
screen__f_screen:phone_screen_rapids_firstuseafter00unlock:weekend,screen,f_screen:phone_screen_rapids_firstuseafter00unlock:weekend,f_screen,phone_screen_rapids_firstuseafter00unlock,raw,weekend,0.8932023496632053,7436
screen__f_screen:phone_screen_rapids_countepisodeunlock_locmap_exercise:weekend,screen,f_screen:phone_screen_rapids_countepisodeunlock_locmap_exercise:weekend,f_screen,phone_screen_rapids_countepisodeunlock_locmap_exercise,raw,weekend,0.9738463527080012,1821
screen__f_screen:phone_screen_rapids_sumdurationunlock_locmap_exercise:weekend,screen,f_screen:phone_screen_rapids_sumdurationunlock_locmap_exercise:weekend,f_screen,phone_screen_rapids_sumdurationunlock_locmap_exercise,raw,weekend,0.9738463527080012,1821
screen__f_screen:phone_screen_rapids_maxdurationunlock_locmap_exercise:weekend,screen,f_screen:phone_screen_rapids_maxdurationunlock_locmap_exercise:weekend,f_screen,phone_screen_rapids_maxdurationunlock_locmap_exercise,raw,weekend,0.9738463527080012,1821
screen__f_screen:phone_screen_rapids_mindurationunlock_locmap_exercise:weekend,screen,f_screen:phone_screen_rapids_mindurationunlock_locmap_exercise:weekend,f_screen,phone_screen_rapids_mindurationunlock_locmap_exercise,raw,weekend,0.9738463527080012,1821
screen__f_screen:phone_screen_rapids_avgdurationunlock_locmap_exercise:weekend,screen,f_screen:phone_screen_rapids_avgdurationunlock_locmap_exercise:weekend,f_screen,phone_screen_rapids_avgdurationunlock_locmap_exercise,raw,weekend,0.9738463527080012,1821
screen__f_screen:phone_screen_rapids_stddurationunlock_locmap_exercise:weekend,screen,f_screen:phone_screen_rapids_stddurationunlock_locmap_exercise:weekend,f_screen,phone_screen_rapids_stddurationunlock_locmap_exercise,raw,weekend,0.9805678831487785,1353
screen__f_screen:phone_screen_rapids_firstuseafter00unlock_locmap_exercise:weekend,screen,f_screen:phone_screen_rapids_firstuseafter00unlock_locmap_exercise:weekend,f_screen,phone_screen_rapids_firstuseafter00unlock_locmap_exercise,raw,weekend,0.9738463527080012,1821
screen__f_screen:phone_screen_rapids_countepisodeunlock_locmap_greens:weekend,screen,f_screen:phone_screen_rapids_countepisodeunlock_locmap_greens:weekend,f_screen,phone_screen_rapids_countepisodeunlock_locmap_greens,raw,weekend,0.964281097849972,2487
screen__f_screen:phone_screen_rapids_sumdurationunlock_locmap_greens:weekend,screen,f_screen:phone_screen_rapids_sumdurationunlock_locmap_greens:weekend,f_screen,phone_screen_rapids_sumdurationunlock_locmap_greens,raw,weekend,0.964281097849972,2487
screen__f_screen:phone_screen_rapids_maxdurationunlock_locmap_greens:weekend,screen,f_screen:phone_screen_rapids_maxdurationunlock_locmap_greens:weekend,f_screen,phone_screen_rapids_maxdurationunlock_locmap_greens,raw,weekend,0.964281097849972,2487
screen__f_screen:phone_screen_rapids_mindurationunlock_locmap_greens:weekend,screen,f_screen:phone_screen_rapids_mindurationunlock_locmap_greens:weekend,f_screen,phone_screen_rapids_mindurationunlock_locmap_greens,raw,weekend,0.964281097849972,2487
screen__f_screen:phone_screen_rapids_avgdurationunlock_locmap_greens:weekend,screen,f_screen:phone_screen_rapids_avgdurationunlock_locmap_greens:weekend,f_screen,phone_screen_rapids_avgdurationunlock_locmap_greens,raw,weekend,0.964281097849972,2487
screen__f_screen:phone_screen_rapids_stddurationunlock_locmap_greens:weekend,screen,f_screen:phone_screen_rapids_stddurationunlock_locmap_greens:weekend,f_screen,phone_screen_rapids_stddurationunlock_locmap_greens,raw,weekend,0.9701839803524495,2076
screen__f_screen:phone_screen_rapids_firstuseafter00unlock_locmap_greens:weekend,screen,f_screen:phone_screen_rapids_firstuseafter00unlock_locmap_greens:weekend,f_screen,phone_screen_rapids_firstuseafter00unlock_locmap_greens,raw,weekend,0.964281097849972,2487
screen__f_screen:phone_screen_rapids_countepisodeunlock_locmap_living:weekend,screen,f_screen:phone_screen_rapids_countepisodeunlock_locmap_living:weekend,f_screen,phone_screen_rapids_countepisodeunlock_locmap_living,raw,weekend,0.95304982262628,3269
screen__f_screen:phone_screen_rapids_sumdurationunlock_locmap_living:weekend,screen,f_screen:phone_screen_rapids_sumdurationunlock_locmap_living:weekend,f_screen,phone_screen_rapids_sumdurationunlock_locmap_living,raw,weekend,0.95304982262628,3269
screen__f_screen:phone_screen_rapids_maxdurationunlock_locmap_living:weekend,screen,f_screen:phone_screen_rapids_maxdurationunlock_locmap_living:weekend,f_screen,phone_screen_rapids_maxdurationunlock_locmap_living,raw,weekend,0.95304982262628,3269
screen__f_screen:phone_screen_rapids_mindurationunlock_locmap_living:weekend,screen,f_screen:phone_screen_rapids_mindurationunlock_locmap_living:weekend,f_screen,phone_screen_rapids_mindurationunlock_locmap_living,raw,weekend,0.95304982262628,3269
screen__f_screen:phone_screen_rapids_avgdurationunlock_locmap_living:weekend,screen,f_screen:phone_screen_rapids_avgdurationunlock_locmap_living:weekend,f_screen,phone_screen_rapids_avgdurationunlock_locmap_living,raw,weekend,0.95304982262628,3269
screen__f_screen:phone_screen_rapids_stddurationunlock_locmap_living:weekend,screen,f_screen:phone_screen_rapids_stddurationunlock_locmap_living:weekend,f_screen,phone_screen_rapids_stddurationunlock_locmap_living,raw,weekend,0.9549169144153848,3139
screen__f_screen:phone_screen_rapids_firstuseafter00unlock_locmap_living:weekend,screen,f_screen:phone_screen_rapids_firstuseafter00unlock_locmap_living:weekend,f_screen,phone_screen_rapids_firstuseafter00unlock_locmap_living,raw,weekend,0.95304982262628,3269
screen__f_screen:phone_screen_rapids_countepisodeunlock_locmap_study:weekend,screen,f_screen:phone_screen_rapids_countepisodeunlock_locmap_study:weekend,f_screen,phone_screen_rapids_countepisodeunlock_locmap_study,raw,weekend,0.9753543883838166,1716
screen__f_screen:phone_screen_rapids_sumdurationunlock_locmap_study:weekend,screen,f_screen:phone_screen_rapids_sumdurationunlock_locmap_study:weekend,f_screen,phone_screen_rapids_sumdurationunlock_locmap_study,raw,weekend,0.9753543883838166,1716
screen__f_screen:phone_screen_rapids_maxdurationunlock_locmap_study:weekend,screen,f_screen:phone_screen_rapids_maxdurationunlock_locmap_study:weekend,f_screen,phone_screen_rapids_maxdurationunlock_locmap_study,raw,weekend,0.9753543883838166,1716
screen__f_screen:phone_screen_rapids_mindurationunlock_locmap_study:weekend,screen,f_screen:phone_screen_rapids_mindurationunlock_locmap_study:weekend,f_screen,phone_screen_rapids_mindurationunlock_locmap_study,raw,weekend,0.9753543883838166,1716
screen__f_screen:phone_screen_rapids_avgdurationunlock_locmap_study:weekend,screen,f_screen:phone_screen_rapids_avgdurationunlock_locmap_study:weekend,f_screen,phone_screen_rapids_avgdurationunlock_locmap_study,raw,weekend,0.9753543883838166,1716
screen__f_screen:phone_screen_rapids_stddurationunlock_locmap_study:weekend,screen,f_screen:phone_screen_rapids_stddurationunlock_locmap_study:weekend,f_screen,phone_screen_rapids_stddurationunlock_locmap_study,raw,weekend,0.9804386229479943,1362
screen__f_screen:phone_screen_rapids_firstuseafter00unlock_locmap_study:weekend,screen,f_screen:phone_screen_rapids_firstuseafter00unlock_locmap_study:weekend,f_screen,phone_screen_rapids_firstuseafter00unlock_locmap_study,raw,weekend,0.9753543883838166,1716
screen__f_screen:phone_screen_rapids_countepisodeunlock_locmap_home:weekend,screen,f_screen:phone_screen_rapids_countepisodeunlock_locmap_home:weekend,f_screen,phone_screen_rapids_countepisodeunlock_locmap_home,raw,weekend,0.9035862524595344,6713
screen__f_screen:phone_screen_rapids_sumdurationunlock_locmap_home:weekend,screen,f_screen:phone_screen_rapids_sumdurationunlock_locmap_home:weekend,f_screen,phone_screen_rapids_sumdurationunlock_locmap_home,raw,weekend,0.9035862524595344,6713
screen__f_screen:phone_screen_rapids_maxdurationunlock_locmap_home:weekend,screen,f_screen:phone_screen_rapids_maxdurationunlock_locmap_home:weekend,f_screen,phone_screen_rapids_maxdurationunlock_locmap_home,raw,weekend,0.9035862524595344,6713
screen__f_screen:phone_screen_rapids_mindurationunlock_locmap_home:weekend,screen,f_screen:phone_screen_rapids_mindurationunlock_locmap_home:weekend,f_screen,phone_screen_rapids_mindurationunlock_locmap_home,raw,weekend,0.9035862524595344,6713
screen__f_screen:phone_screen_rapids_avgdurationunlock_locmap_home:weekend,screen,f_screen:phone_screen_rapids_avgdurationunlock_locmap_home:weekend,f_screen,phone_screen_rapids_avgdurationunlock_locmap_home,raw,weekend,0.9035862524595344,6713
screen__f_screen:phone_screen_rapids_stddurationunlock_locmap_home:weekend,screen,f_screen:phone_screen_rapids_stddurationunlock_locmap_home:weekend,f_screen,phone_screen_rapids_stddurationunlock_locmap_home,raw,weekend,0.9044910738650236,6650
screen__f_screen:phone_screen_rapids_firstuseafter00unlock_locmap_home:weekend,screen,f_screen:phone_screen_rapids_firstuseafter00unlock_locmap_home:weekend,f_screen,phone_screen_rapids_firstuseafter00unlock_locmap_home,raw,weekend,0.9035862524595344,6713
screen__f_screen:phone_screen_rapids_countepisodeunlock_dis:weekend,screen,f_screen:phone_screen_rapids_countepisodeunlock_dis:weekend,f_screen,phone_screen_rapids_countepisodeunlock,dis,weekend,0.8932023496632053,7436
screen__f_screen:phone_screen_rapids_sumdurationunlock_dis:weekend,screen,f_screen:phone_screen_rapids_sumdurationunlock_dis:weekend,f_screen,phone_screen_rapids_sumdurationunlock,dis,weekend,0.8932023496632053,7436
screen__f_screen:phone_screen_rapids_maxdurationunlock_dis:weekend,screen,f_screen:phone_screen_rapids_maxdurationunlock_dis:weekend,f_screen,phone_screen_rapids_maxdurationunlock,dis,weekend,0.8932023496632053,7436
screen__f_screen:phone_screen_rapids_mindurationunlock_dis:weekend,screen,f_screen:phone_screen_rapids_mindurationunlock_dis:weekend,f_screen,phone_screen_rapids_mindurationunlock,dis,weekend,0.8932023496632053,7436
screen__f_screen:phone_screen_rapids_avgdurationunlock_dis:weekend,screen,f_screen:phone_screen_rapids_avgdurationunlock_dis:weekend,f_screen,phone_screen_rapids_avgdurationunlock,dis,weekend,0.8932023496632053,7436
screen__f_screen:phone_screen_rapids_stddurationunlock_dis:weekend,screen,f_screen:phone_screen_rapids_stddurationunlock_dis:weekend,f_screen,phone_screen_rapids_stddurationunlock,dis,weekend,0.8934608700647737,7418
screen__f_screen:phone_screen_rapids_firstuseafter00unlock_dis:weekend,screen,f_screen:phone_screen_rapids_firstuseafter00unlock_dis:weekend,f_screen,phone_screen_rapids_firstuseafter00unlock,dis,weekend,0.8932023496632053,7436
screen__f_screen:phone_screen_rapids_countepisodeunlock_locmap_exercise_dis:weekend,screen,f_screen:phone_screen_rapids_countepisodeunlock_locmap_exercise_dis:weekend,f_screen,phone_screen_rapids_countepisodeunlock_locmap_exercise,dis,weekend,0.9738463527080012,1821
screen__f_screen:phone_screen_rapids_sumdurationunlock_locmap_exercise_dis:weekend,screen,f_screen:phone_screen_rapids_sumdurationunlock_locmap_exercise_dis:weekend,f_screen,phone_screen_rapids_sumdurationunlock_locmap_exercise,dis,weekend,0.9738463527080012,1821
screen__f_screen:phone_screen_rapids_maxdurationunlock_locmap_exercise_dis:weekend,screen,f_screen:phone_screen_rapids_maxdurationunlock_locmap_exercise_dis:weekend,f_screen,phone_screen_rapids_maxdurationunlock_locmap_exercise,dis,weekend,0.9738463527080012,1821
screen__f_screen:phone_screen_rapids_mindurationunlock_locmap_exercise_dis:weekend,screen,f_screen:phone_screen_rapids_mindurationunlock_locmap_exercise_dis:weekend,f_screen,phone_screen_rapids_mindurationunlock_locmap_exercise,dis,weekend,0.9738463527080012,1821
screen__f_screen:phone_screen_rapids_avgdurationunlock_locmap_exercise_dis:weekend,screen,f_screen:phone_screen_rapids_avgdurationunlock_locmap_exercise_dis:weekend,f_screen,phone_screen_rapids_avgdurationunlock_locmap_exercise,dis,weekend,0.9738463527080012,1821
screen__f_screen:phone_screen_rapids_stddurationunlock_locmap_exercise_dis:weekend,screen,f_screen:phone_screen_rapids_stddurationunlock_locmap_exercise_dis:weekend,f_screen,phone_screen_rapids_stddurationunlock_locmap_exercise,dis,weekend,0.9805678831487785,1353
screen__f_screen:phone_screen_rapids_firstuseafter00unlock_locmap_exercise_dis:weekend,screen,f_screen:phone_screen_rapids_firstuseafter00unlock_locmap_exercise_dis:weekend,f_screen,phone_screen_rapids_firstuseafter00unlock_locmap_exercise,dis,weekend,0.9738463527080012,1821
screen__f_screen:phone_screen_rapids_countepisodeunlock_locmap_greens_dis:weekend,screen,f_screen:phone_screen_rapids_countepisodeunlock_locmap_greens_dis:weekend,f_screen,phone_screen_rapids_countepisodeunlock_locmap_greens,dis,weekend,0.964281097849972,2487
screen__f_screen:phone_screen_rapids_sumdurationunlock_locmap_greens_dis:weekend,screen,f_screen:phone_screen_rapids_sumdurationunlock_locmap_greens_dis:weekend,f_screen,phone_screen_rapids_sumdurationunlock_locmap_greens,dis,weekend,0.964281097849972,2487
screen__f_screen:phone_screen_rapids_maxdurationunlock_locmap_greens_dis:weekend,screen,f_screen:phone_screen_rapids_maxdurationunlock_locmap_greens_dis:weekend,f_screen,phone_screen_rapids_maxdurationunlock_locmap_greens,dis,weekend,0.964281097849972,2487
screen__f_screen:phone_screen_rapids_mindurationunlock_locmap_greens_dis:weekend,screen,f_screen:phone_screen_rapids_mindurationunlock_locmap_greens_dis:weekend,f_screen,phone_screen_rapids_mindurationunlock_locmap_greens,dis,weekend,0.964281097849972,2487
screen__f_screen:phone_screen_rapids_avgdurationunlock_locmap_greens_dis:weekend,screen,f_screen:phone_screen_rapids_avgdurationunlock_locmap_greens_dis:weekend,f_screen,phone_screen_rapids_avgdurationunlock_locmap_greens,dis,weekend,0.964281097849972,2487
screen__f_screen:phone_screen_rapids_stddurationunlock_locmap_greens_dis:weekend,screen,f_screen:phone_screen_rapids_stddurationunlock_locmap_greens_dis:weekend,f_screen,phone_screen_rapids_stddurationunlock_locmap_greens,dis,weekend,0.9701839803524495,2076
screen__f_screen:phone_screen_rapids_firstuseafter00unlock_locmap_greens_dis:weekend,screen,f_screen:phone_screen_rapids_firstuseafter00unlock_locmap_greens_dis:weekend,f_screen,phone_screen_rapids_firstuseafter00unlock_locmap_greens,dis,weekend,0.964281097849972,2487
screen__f_screen:phone_screen_rapids_countepisodeunlock_locmap_living_dis:weekend,screen,f_screen:phone_screen_rapids_countepisodeunlock_locmap_living_dis:weekend,f_screen,phone_screen_rapids_countepisodeunlock_locmap_living,dis,weekend,0.95304982262628,3269
screen__f_screen:phone_screen_rapids_sumdurationunlock_locmap_living_dis:weekend,screen,f_screen:phone_screen_rapids_sumdurationunlock_locmap_living_dis:weekend,f_screen,phone_screen_rapids_sumdurationunlock_locmap_living,dis,weekend,0.95304982262628,3269
screen__f_screen:phone_screen_rapids_maxdurationunlock_locmap_living_dis:weekend,screen,f_screen:phone_screen_rapids_maxdurationunlock_locmap_living_dis:weekend,f_screen,phone_screen_rapids_maxdurationunlock_locmap_living,dis,weekend,0.95304982262628,3269
screen__f_screen:phone_screen_rapids_mindurationunlock_locmap_living_dis:weekend,screen,f_screen:phone_screen_rapids_mindurationunlock_locmap_living_dis:weekend,f_screen,phone_screen_rapids_mindurationunlock_locmap_living,dis,weekend,0.95304982262628,3269
screen__f_screen:phone_screen_rapids_avgdurationunlock_locmap_living_dis:weekend,screen,f_screen:phone_screen_rapids_avgdurationunlock_locmap_living_dis:weekend,f_screen,phone_screen_rapids_avgdurationunlock_locmap_living,dis,weekend,0.95304982262628,3269
screen__f_screen:phone_screen_rapids_stddurationunlock_locmap_living_dis:weekend,screen,f_screen:phone_screen_rapids_stddurationunlock_locmap_living_dis:weekend,f_screen,phone_screen_rapids_stddurationunlock_locmap_living,dis,weekend,0.9549169144153848,3139
screen__f_screen:phone_screen_rapids_firstuseafter00unlock_locmap_living_dis:weekend,screen,f_screen:phone_screen_rapids_firstuseafter00unlock_locmap_living_dis:weekend,f_screen,phone_screen_rapids_firstuseafter00unlock_locmap_living,dis,weekend,0.95304982262628,3269
screen__f_screen:phone_screen_rapids_countepisodeunlock_locmap_study_dis:weekend,screen,f_screen:phone_screen_rapids_countepisodeunlock_locmap_study_dis:weekend,f_screen,phone_screen_rapids_countepisodeunlock_locmap_study,dis,weekend,0.9753543883838166,1716
screen__f_screen:phone_screen_rapids_sumdurationunlock_locmap_study_dis:weekend,screen,f_screen:phone_screen_rapids_sumdurationunlock_locmap_study_dis:weekend,f_screen,phone_screen_rapids_sumdurationunlock_locmap_study,dis,weekend,0.9753543883838166,1716
screen__f_screen:phone_screen_rapids_maxdurationunlock_locmap_study_dis:weekend,screen,f_screen:phone_screen_rapids_maxdurationunlock_locmap_study_dis:weekend,f_screen,phone_screen_rapids_maxdurationunlock_locmap_study,dis,weekend,0.9753543883838166,1716
screen__f_screen:phone_screen_rapids_mindurationunlock_locmap_study_dis:weekend,screen,f_screen:phone_screen_rapids_mindurationunlock_locmap_study_dis:weekend,f_screen,phone_screen_rapids_mindurationunlock_locmap_study,dis,weekend,0.9753543883838166,1716
screen__f_screen:phone_screen_rapids_avgdurationunlock_locmap_study_dis:weekend,screen,f_screen:phone_screen_rapids_avgdurationunlock_locmap_study_dis:weekend,f_screen,phone_screen_rapids_avgdurationunlock_locmap_study,dis,weekend,0.9753543883838166,1716
screen__f_screen:phone_screen_rapids_stddurationunlock_locmap_study_dis:weekend,screen,f_screen:phone_screen_rapids_stddurationunlock_locmap_study_dis:weekend,f_screen,phone_screen_rapids_stddurationunlock_locmap_study,dis,weekend,0.9804386229479943,1362
screen__f_screen:phone_screen_rapids_firstuseafter00unlock_locmap_study_dis:weekend,screen,f_screen:phone_screen_rapids_firstuseafter00unlock_locmap_study_dis:weekend,f_screen,phone_screen_rapids_firstuseafter00unlock_locmap_study,dis,weekend,0.9753543883838166,1716
screen__f_screen:phone_screen_rapids_countepisodeunlock_locmap_home_dis:weekend,screen,f_screen:phone_screen_rapids_countepisodeunlock_locmap_home_dis:weekend,f_screen,phone_screen_rapids_countepisodeunlock_locmap_home,dis,weekend,0.9035862524595344,6713
screen__f_screen:phone_screen_rapids_sumdurationunlock_locmap_home_dis:weekend,screen,f_screen:phone_screen_rapids_sumdurationunlock_locmap_home_dis:weekend,f_screen,phone_screen_rapids_sumdurationunlock_locmap_home,dis,weekend,0.9035862524595344,6713
screen__f_screen:phone_screen_rapids_maxdurationunlock_locmap_home_dis:weekend,screen,f_screen:phone_screen_rapids_maxdurationunlock_locmap_home_dis:weekend,f_screen,phone_screen_rapids_maxdurationunlock_locmap_home,dis,weekend,0.9035862524595344,6713
screen__f_screen:phone_screen_rapids_mindurationunlock_locmap_home_dis:weekend,screen,f_screen:phone_screen_rapids_mindurationunlock_locmap_home_dis:weekend,f_screen,phone_screen_rapids_mindurationunlock_locmap_home,dis,weekend,0.9035862524595344,6713
screen__f_screen:phone_screen_rapids_avgdurationunlock_locmap_home_dis:weekend,screen,f_screen:phone_screen_rapids_avgdurationunlock_locmap_home_dis:weekend,f_screen,phone_screen_rapids_avgdurationunlock_locmap_home,dis,weekend,0.9035862524595344,6713
screen__f_screen:phone_screen_rapids_stddurationunlock_locmap_home_dis:weekend,screen,f_screen:phone_screen_rapids_stddurationunlock_locmap_home_dis:weekend,f_screen,phone_screen_rapids_stddurationunlock_locmap_home,dis,weekend,0.9044910738650236,6650
screen__f_screen:phone_screen_rapids_firstuseafter00unlock_locmap_home_dis:weekend,screen,f_screen:phone_screen_rapids_firstuseafter00unlock_locmap_home_dis:weekend,f_screen,phone_screen_rapids_firstuseafter00unlock_locmap_home,dis,weekend,0.9035862524595344,6713
screen__f_screen:phone_screen_rapids_countepisodeunlock_norm:weekend,screen,f_screen:phone_screen_rapids_countepisodeunlock_norm:weekend,f_screen,phone_screen_rapids_countepisodeunlock,norm,weekend,0.8932023496632053,7436
screen__f_screen:phone_screen_rapids_sumdurationunlock_norm:weekend,screen,f_screen:phone_screen_rapids_sumdurationunlock_norm:weekend,f_screen,phone_screen_rapids_sumdurationunlock,norm,weekend,0.8932023496632053,7436
screen__f_screen:phone_screen_rapids_maxdurationunlock_norm:weekend,screen,f_screen:phone_screen_rapids_maxdurationunlock_norm:weekend,f_screen,phone_screen_rapids_maxdurationunlock,norm,weekend,0.8932023496632053,7436
screen__f_screen:phone_screen_rapids_mindurationunlock_norm:weekend,screen,f_screen:phone_screen_rapids_mindurationunlock_norm:weekend,f_screen,phone_screen_rapids_mindurationunlock,norm,weekend,0.8932023496632053,7436
screen__f_screen:phone_screen_rapids_avgdurationunlock_norm:weekend,screen,f_screen:phone_screen_rapids_avgdurationunlock_norm:weekend,f_screen,phone_screen_rapids_avgdurationunlock,norm,weekend,0.8932023496632053,7436
screen__f_screen:phone_screen_rapids_stddurationunlock_norm:weekend,screen,f_screen:phone_screen_rapids_stddurationunlock_norm:weekend,f_screen,phone_screen_rapids_stddurationunlock,norm,weekend,0.8934608700647737,7418
screen__f_screen:phone_screen_rapids_firstuseafter00unlock_norm:weekend,screen,f_screen:phone_screen_rapids_firstuseafter00unlock_norm:weekend,f_screen,phone_screen_rapids_firstuseafter00unlock,norm,weekend,0.8932023496632053,7436
screen__f_screen:phone_screen_rapids_countepisodeunlock_locmap_exercise_norm:weekend,screen,f_screen:phone_screen_rapids_countepisodeunlock_locmap_exercise_norm:weekend,f_screen,phone_screen_rapids_countepisodeunlock_locmap_exercise,norm,weekend,0.9738463527080012,1821
screen__f_screen:phone_screen_rapids_sumdurationunlock_locmap_exercise_norm:weekend,screen,f_screen:phone_screen_rapids_sumdurationunlock_locmap_exercise_norm:weekend,f_screen,phone_screen_rapids_sumdurationunlock_locmap_exercise,norm,weekend,0.9738463527080012,1821
screen__f_screen:phone_screen_rapids_maxdurationunlock_locmap_exercise_norm:weekend,screen,f_screen:phone_screen_rapids_maxdurationunlock_locmap_exercise_norm:weekend,f_screen,phone_screen_rapids_maxdurationunlock_locmap_exercise,norm,weekend,0.9738463527080012,1821
screen__f_screen:phone_screen_rapids_mindurationunlock_locmap_exercise_norm:weekend,screen,f_screen:phone_screen_rapids_mindurationunlock_locmap_exercise_norm:weekend,f_screen,phone_screen_rapids_mindurationunlock_locmap_exercise,norm,weekend,0.9738463527080012,1821
screen__f_screen:phone_screen_rapids_avgdurationunlock_locmap_exercise_norm:weekend,screen,f_screen:phone_screen_rapids_avgdurationunlock_locmap_exercise_norm:weekend,f_screen,phone_screen_rapids_avgdurationunlock_locmap_exercise,norm,weekend,0.9738463527080012,1821
screen__f_screen:phone_screen_rapids_stddurationunlock_locmap_exercise_norm:weekend,screen,f_screen:phone_screen_rapids_stddurationunlock_locmap_exercise_norm:weekend,f_screen,phone_screen_rapids_stddurationunlock_locmap_exercise,norm,weekend,0.9805678831487785,1353
screen__f_screen:phone_screen_rapids_firstuseafter00unlock_locmap_exercise_norm:weekend,screen,f_screen:phone_screen_rapids_firstuseafter00unlock_locmap_exercise_norm:weekend,f_screen,phone_screen_rapids_firstuseafter00unlock_locmap_exercise,norm,weekend,0.9738463527080012,1821
screen__f_screen:phone_screen_rapids_countepisodeunlock_locmap_greens_norm:weekend,screen,f_screen:phone_screen_rapids_countepisodeunlock_locmap_greens_norm:weekend,f_screen,phone_screen_rapids_countepisodeunlock_locmap_greens,norm,weekend,0.964281097849972,2487
screen__f_screen:phone_screen_rapids_sumdurationunlock_locmap_greens_norm:weekend,screen,f_screen:phone_screen_rapids_sumdurationunlock_locmap_greens_norm:weekend,f_screen,phone_screen_rapids_sumdurationunlock_locmap_greens,norm,weekend,0.964281097849972,2487
screen__f_screen:phone_screen_rapids_maxdurationunlock_locmap_greens_norm:weekend,screen,f_screen:phone_screen_rapids_maxdurationunlock_locmap_greens_norm:weekend,f_screen,phone_screen_rapids_maxdurationunlock_locmap_greens,norm,weekend,0.964281097849972,2487
screen__f_screen:phone_screen_rapids_mindurationunlock_locmap_greens_norm:weekend,screen,f_screen:phone_screen_rapids_mindurationunlock_locmap_greens_norm:weekend,f_screen,phone_screen_rapids_mindurationunlock_locmap_greens,norm,weekend,0.964281097849972,2487
screen__f_screen:phone_screen_rapids_avgdurationunlock_locmap_greens_norm:weekend,screen,f_screen:phone_screen_rapids_avgdurationunlock_locmap_greens_norm:weekend,f_screen,phone_screen_rapids_avgdurationunlock_locmap_greens,norm,weekend,0.964281097849972,2487
screen__f_screen:phone_screen_rapids_stddurationunlock_locmap_greens_norm:weekend,screen,f_screen:phone_screen_rapids_stddurationunlock_locmap_greens_norm:weekend,f_screen,phone_screen_rapids_stddurationunlock_locmap_greens,norm,weekend,0.9701839803524495,2076
screen__f_screen:phone_screen_rapids_firstuseafter00unlock_locmap_greens_norm:weekend,screen,f_screen:phone_screen_rapids_firstuseafter00unlock_locmap_greens_norm:weekend,f_screen,phone_screen_rapids_firstuseafter00unlock_locmap_greens,norm,weekend,0.964281097849972,2487
screen__f_screen:phone_screen_rapids_countepisodeunlock_locmap_living_norm:weekend,screen,f_screen:phone_screen_rapids_countepisodeunlock_locmap_living_norm:weekend,f_screen,phone_screen_rapids_countepisodeunlock_locmap_living,norm,weekend,0.95304982262628,3269
screen__f_screen:phone_screen_rapids_sumdurationunlock_locmap_living_norm:weekend,screen,f_screen:phone_screen_rapids_sumdurationunlock_locmap_living_norm:weekend,f_screen,phone_screen_rapids_sumdurationunlock_locmap_living,norm,weekend,0.95304982262628,3269
screen__f_screen:phone_screen_rapids_maxdurationunlock_locmap_living_norm:weekend,screen,f_screen:phone_screen_rapids_maxdurationunlock_locmap_living_norm:weekend,f_screen,phone_screen_rapids_maxdurationunlock_locmap_living,norm,weekend,0.95304982262628,3269
screen__f_screen:phone_screen_rapids_mindurationunlock_locmap_living_norm:weekend,screen,f_screen:phone_screen_rapids_mindurationunlock_locmap_living_norm:weekend,f_screen,phone_screen_rapids_mindurationunlock_locmap_living,norm,weekend,0.95304982262628,3269
screen__f_screen:phone_screen_rapids_avgdurationunlock_locmap_living_norm:weekend,screen,f_screen:phone_screen_rapids_avgdurationunlock_locmap_living_norm:weekend,f_screen,phone_screen_rapids_avgdurationunlock_locmap_living,norm,weekend,0.95304982262628,3269
screen__f_screen:phone_screen_rapids_stddurationunlock_locmap_living_norm:weekend,screen,f_screen:phone_screen_rapids_stddurationunlock_locmap_living_norm:weekend,f_screen,phone_screen_rapids_stddurationunlock_locmap_living,norm,weekend,0.9549169144153848,3139
screen__f_screen:phone_screen_rapids_firstuseafter00unlock_locmap_living_norm:weekend,screen,f_screen:phone_screen_rapids_firstuseafter00unlock_locmap_living_norm:weekend,f_screen,phone_screen_rapids_firstuseafter00unlock_locmap_living,norm,weekend,0.95304982262628,3269
screen__f_screen:phone_screen_rapids_countepisodeunlock_locmap_study_norm:weekend,screen,f_screen:phone_screen_rapids_countepisodeunlock_locmap_study_norm:weekend,f_screen,phone_screen_rapids_countepisodeunlock_locmap_study,norm,weekend,0.9753543883838166,1716
screen__f_screen:phone_screen_rapids_sumdurationunlock_locmap_study_norm:weekend,screen,f_screen:phone_screen_rapids_sumdurationunlock_locmap_study_norm:weekend,f_screen,phone_screen_rapids_sumdurationunlock_locmap_study,norm,weekend,0.9753543883838166,1716
screen__f_screen:phone_screen_rapids_maxdurationunlock_locmap_study_norm:weekend,screen,f_screen:phone_screen_rapids_maxdurationunlock_locmap_study_norm:weekend,f_screen,phone_screen_rapids_maxdurationunlock_locmap_study,norm,weekend,0.9753543883838166,1716
screen__f_screen:phone_screen_rapids_mindurationunlock_locmap_study_norm:weekend,screen,f_screen:phone_screen_rapids_mindurationunlock_locmap_study_norm:weekend,f_screen,phone_screen_rapids_mindurationunlock_locmap_study,norm,weekend,0.9753543883838166,1716
screen__f_screen:phone_screen_rapids_avgdurationunlock_locmap_study_norm:weekend,screen,f_screen:phone_screen_rapids_avgdurationunlock_locmap_study_norm:weekend,f_screen,phone_screen_rapids_avgdurationunlock_locmap_study,norm,weekend,0.9753543883838166,1716
screen__f_screen:phone_screen_rapids_stddurationunlock_locmap_study_norm:weekend,screen,f_screen:phone_screen_rapids_stddurationunlock_locmap_study_norm:weekend,f_screen,phone_screen_rapids_stddurationunlock_locmap_study,norm,weekend,0.9804386229479943,1362
screen__f_screen:phone_screen_rapids_firstuseafter00unlock_locmap_study_norm:weekend,screen,f_screen:phone_screen_rapids_firstuseafter00unlock_locmap_study_norm:weekend,f_screen,phone_screen_rapids_firstuseafter00unlock_locmap_study,norm,weekend,0.9753543883838166,1716
screen__f_screen:phone_screen_rapids_countepisodeunlock_locmap_home_norm:weekend,screen,f_screen:phone_screen_rapids_countepisodeunlock_locmap_home_norm:weekend,f_screen,phone_screen_rapids_countepisodeunlock_locmap_home,norm,weekend,0.9035862524595344,6713
screen__f_screen:phone_screen_rapids_sumdurationunlock_locmap_home_norm:weekend,screen,f_screen:phone_screen_rapids_sumdurationunlock_locmap_home_norm:weekend,f_screen,phone_screen_rapids_sumdurationunlock_locmap_home,norm,weekend,0.9035862524595344,6713
screen__f_screen:phone_screen_rapids_maxdurationunlock_locmap_home_norm:weekend,screen,f_screen:phone_screen_rapids_maxdurationunlock_locmap_home_norm:weekend,f_screen,phone_screen_rapids_maxdurationunlock_locmap_home,norm,weekend,0.9035862524595344,6713
screen__f_screen:phone_screen_rapids_mindurationunlock_locmap_home_norm:weekend,screen,f_screen:phone_screen_rapids_mindurationunlock_locmap_home_norm:weekend,f_screen,phone_screen_rapids_mindurationunlock_locmap_home,norm,weekend,0.9035862524595344,6713
screen__f_screen:phone_screen_rapids_avgdurationunlock_locmap_home_norm:weekend,screen,f_screen:phone_screen_rapids_avgdurationunlock_locmap_home_norm:weekend,f_screen,phone_screen_rapids_avgdurationunlock_locmap_home,norm,weekend,0.9035862524595344,6713
screen__f_screen:phone_screen_rapids_stddurationunlock_locmap_home_norm:weekend,screen,f_screen:phone_screen_rapids_stddurationunlock_locmap_home_norm:weekend,f_screen,phone_screen_rapids_stddurationunlock_locmap_home,norm,weekend,0.9044910738650236,6650
screen__f_screen:phone_screen_rapids_firstuseafter00unlock_locmap_home_norm:weekend,screen,f_screen:phone_screen_rapids_firstuseafter00unlock_locmap_home_norm:weekend,f_screen,phone_screen_rapids_firstuseafter00unlock_locmap_home,norm,weekend,0.9035862524595344,6713
steps__f_steps:fitbit_steps_summary_rapids_maxsumsteps:14dhist,steps,f_steps:fitbit_steps_summary_rapids_maxsumsteps:14dhist,f_steps,fitbit_steps_summary_rapids_maxsumsteps,raw,14dhist,0.3121202981601965,47895
steps__f_steps:fitbit_steps_summary_rapids_minsumsteps:14dhist,steps,f_steps:fitbit_steps_summary_rapids_minsumsteps:14dhist,f_steps,fitbit_steps_summary_rapids_minsumsteps,raw,14dhist,0.3121202981601965,47895
steps__f_steps:fitbit_steps_summary_rapids_avgsumsteps:14dhist,steps,f_steps:fitbit_steps_summary_rapids_avgsumsteps:14dhist,f_steps,fitbit_steps_summary_rapids_avgsumsteps,raw,14dhist,0.3121202981601965,47895
steps__f_steps:fitbit_steps_summary_rapids_mediansumsteps:14dhist,steps,f_steps:fitbit_steps_summary_rapids_mediansumsteps:14dhist,f_steps,fitbit_steps_summary_rapids_mediansumsteps,raw,14dhist,0.3121202981601965,47895
steps__f_steps:fitbit_steps_summary_rapids_stdsumsteps:14dhist,steps,f_steps:fitbit_steps_summary_rapids_stdsumsteps:14dhist,f_steps,fitbit_steps_summary_rapids_stdsumsteps,raw,14dhist,0.32724374165194536,46842
steps__f_steps:fitbit_steps_intraday_rapids_sumsteps:14dhist,steps,f_steps:fitbit_steps_intraday_rapids_sumsteps:14dhist,f_steps,fitbit_steps_intraday_rapids_sumsteps,raw,14dhist,0.31219210938285435,47890
steps__f_steps:fitbit_steps_intraday_rapids_maxsteps:14dhist,steps,f_steps:fitbit_steps_intraday_rapids_maxsteps:14dhist,f_steps,fitbit_steps_intraday_rapids_maxsteps,raw,14dhist,0.31219210938285435,47890
steps__f_steps:fitbit_steps_intraday_rapids_minsteps:14dhist,steps,f_steps:fitbit_steps_intraday_rapids_minsteps:14dhist,f_steps,fitbit_steps_intraday_rapids_minsteps,raw,14dhist,0.31219210938285435,47890
steps__f_steps:fitbit_steps_intraday_rapids_avgsteps:14dhist,steps,f_steps:fitbit_steps_intraday_rapids_avgsteps:14dhist,f_steps,fitbit_steps_intraday_rapids_avgsteps,raw,14dhist,0.31219210938285435,47890
steps__f_steps:fitbit_steps_intraday_rapids_stdsteps:14dhist,steps,f_steps:fitbit_steps_intraday_rapids_stdsteps:14dhist,f_steps,fitbit_steps_intraday_rapids_stdsteps,raw,14dhist,0.3122495583609807,47886
steps__f_steps:fitbit_steps_intraday_rapids_countepisodesedentarybout:14dhist,steps,f_steps:fitbit_steps_intraday_rapids_countepisodesedentarybout:14dhist,f_steps,fitbit_steps_intraday_rapids_countepisodesedentarybout,raw,14dhist,0.31223519611644907,47887
steps__f_steps:fitbit_steps_intraday_rapids_sumdurationsedentarybout:14dhist,steps,f_steps:fitbit_steps_intraday_rapids_sumdurationsedentarybout:14dhist,f_steps,fitbit_steps_intraday_rapids_sumdurationsedentarybout,raw,14dhist,0.31223519611644907,47887
steps__f_steps:fitbit_steps_intraday_rapids_maxdurationsedentarybout:14dhist,steps,f_steps:fitbit_steps_intraday_rapids_maxdurationsedentarybout:14dhist,f_steps,fitbit_steps_intraday_rapids_maxdurationsedentarybout,raw,14dhist,0.31223519611644907,47887
steps__f_steps:fitbit_steps_intraday_rapids_mindurationsedentarybout:14dhist,steps,f_steps:fitbit_steps_intraday_rapids_mindurationsedentarybout:14dhist,f_steps,fitbit_steps_intraday_rapids_mindurationsedentarybout,raw,14dhist,0.31223519611644907,47887
steps__f_steps:fitbit_steps_intraday_rapids_avgdurationsedentarybout:14dhist,steps,f_steps:fitbit_steps_intraday_rapids_avgdurationsedentarybout:14dhist,f_steps,fitbit_steps_intraday_rapids_avgdurationsedentarybout,raw,14dhist,0.31223519611644907,47887
steps__f_steps:fitbit_steps_intraday_rapids_stddurationsedentarybout:14dhist,steps,f_steps:fitbit_steps_intraday_rapids_stddurationsedentarybout:14dhist,f_steps,fitbit_steps_intraday_rapids_stddurationsedentarybout,raw,14dhist,0.31230700733910693,47882
steps__f_steps:fitbit_steps_intraday_rapids_countepisodeactivebout:14dhist,steps,f_steps:fitbit_steps_intraday_rapids_countepisodeactivebout:14dhist,f_steps,fitbit_steps_intraday_rapids_countepisodeactivebout,raw,14dhist,0.31223519611644907,47887
steps__f_steps:fitbit_steps_intraday_rapids_sumdurationactivebout:14dhist,steps,f_steps:fitbit_steps_intraday_rapids_sumdurationactivebout:14dhist,f_steps,fitbit_steps_intraday_rapids_sumdurationactivebout,raw,14dhist,0.31223519611644907,47887
steps__f_steps:fitbit_steps_intraday_rapids_maxdurationactivebout:14dhist,steps,f_steps:fitbit_steps_intraday_rapids_maxdurationactivebout:14dhist,f_steps,fitbit_steps_intraday_rapids_maxdurationactivebout,raw,14dhist,0.31223519611644907,47887
steps__f_steps:fitbit_steps_intraday_rapids_mindurationactivebout:14dhist,steps,f_steps:fitbit_steps_intraday_rapids_mindurationactivebout:14dhist,f_steps,fitbit_steps_intraday_rapids_mindurationactivebout,raw,14dhist,0.31223519611644907,47887
steps__f_steps:fitbit_steps_intraday_rapids_avgdurationactivebout:14dhist,steps,f_steps:fitbit_steps_intraday_rapids_avgdurationactivebout:14dhist,f_steps,fitbit_steps_intraday_rapids_avgdurationactivebout,raw,14dhist,0.31223519611644907,47887
steps__f_steps:fitbit_steps_intraday_rapids_stddurationactivebout:14dhist,steps,f_steps:fitbit_steps_intraday_rapids_stddurationactivebout:14dhist,f_steps,fitbit_steps_intraday_rapids_stddurationactivebout,raw,14dhist,0.3128240481422437,47846
steps__f_steps:fitbit_steps_summary_rapids_maxsumsteps_dis:14dhist,steps,f_steps:fitbit_steps_summary_rapids_maxsumsteps_dis:14dhist,f_steps,fitbit_steps_summary_rapids_maxsumsteps,dis,14dhist,0.3121202981601965,47895
steps__f_steps:fitbit_steps_summary_rapids_minsumsteps_dis:14dhist,steps,f_steps:fitbit_steps_summary_rapids_minsumsteps_dis:14dhist,f_steps,fitbit_steps_summary_rapids_minsumsteps,dis,14dhist,0.3121202981601965,47895
steps__f_steps:fitbit_steps_summary_rapids_avgsumsteps_dis:14dhist,steps,f_steps:fitbit_steps_summary_rapids_avgsumsteps_dis:14dhist,f_steps,fitbit_steps_summary_rapids_avgsumsteps,dis,14dhist,0.3121202981601965,47895
steps__f_steps:fitbit_steps_summary_rapids_mediansumsteps_dis:14dhist,steps,f_steps:fitbit_steps_summary_rapids_mediansumsteps_dis:14dhist,f_steps,fitbit_steps_summary_rapids_mediansumsteps,dis,14dhist,0.3121202981601965,47895
steps__f_steps:fitbit_steps_summary_rapids_stdsumsteps_dis:14dhist,steps,f_steps:fitbit_steps_summary_rapids_stdsumsteps_dis:14dhist,f_steps,fitbit_steps_summary_rapids_stdsumsteps,dis,14dhist,0.32724374165194536,46842
steps__f_steps:fitbit_steps_intraday_rapids_sumsteps_dis:14dhist,steps,f_steps:fitbit_steps_intraday_rapids_sumsteps_dis:14dhist,f_steps,fitbit_steps_intraday_rapids_sumsteps,dis,14dhist,0.31219210938285435,47890
steps__f_steps:fitbit_steps_intraday_rapids_maxsteps_dis:14dhist,steps,f_steps:fitbit_steps_intraday_rapids_maxsteps_dis:14dhist,f_steps,fitbit_steps_intraday_rapids_maxsteps,dis,14dhist,0.31219210938285435,47890
steps__f_steps:fitbit_steps_intraday_rapids_minsteps_dis:14dhist,steps,f_steps:fitbit_steps_intraday_rapids_minsteps_dis:14dhist,f_steps,fitbit_steps_intraday_rapids_minsteps,dis,14dhist,0.31219210938285435,47890
steps__f_steps:fitbit_steps_intraday_rapids_avgsteps_dis:14dhist,steps,f_steps:fitbit_steps_intraday_rapids_avgsteps_dis:14dhist,f_steps,fitbit_steps_intraday_rapids_avgsteps,dis,14dhist,0.31219210938285435,47890
steps__f_steps:fitbit_steps_intraday_rapids_stdsteps_dis:14dhist,steps,f_steps:fitbit_steps_intraday_rapids_stdsteps_dis:14dhist,f_steps,fitbit_steps_intraday_rapids_stdsteps,dis,14dhist,0.3122495583609807,47886
steps__f_steps:fitbit_steps_intraday_rapids_countepisodesedentarybout_dis:14dhist,steps,f_steps:fitbit_steps_intraday_rapids_countepisodesedentarybout_dis:14dhist,f_steps,fitbit_steps_intraday_rapids_countepisodesedentarybout,dis,14dhist,0.31223519611644907,47887
steps__f_steps:fitbit_steps_intraday_rapids_sumdurationsedentarybout_dis:14dhist,steps,f_steps:fitbit_steps_intraday_rapids_sumdurationsedentarybout_dis:14dhist,f_steps,fitbit_steps_intraday_rapids_sumdurationsedentarybout,dis,14dhist,0.31223519611644907,47887
steps__f_steps:fitbit_steps_intraday_rapids_maxdurationsedentarybout_dis:14dhist,steps,f_steps:fitbit_steps_intraday_rapids_maxdurationsedentarybout_dis:14dhist,f_steps,fitbit_steps_intraday_rapids_maxdurationsedentarybout,dis,14dhist,0.31223519611644907,47887
steps__f_steps:fitbit_steps_intraday_rapids_mindurationsedentarybout_dis:14dhist,steps,f_steps:fitbit_steps_intraday_rapids_mindurationsedentarybout_dis:14dhist,f_steps,fitbit_steps_intraday_rapids_mindurationsedentarybout,dis,14dhist,0.31223519611644907,47887
steps__f_steps:fitbit_steps_intraday_rapids_avgdurationsedentarybout_dis:14dhist,steps,f_steps:fitbit_steps_intraday_rapids_avgdurationsedentarybout_dis:14dhist,f_steps,fitbit_steps_intraday_rapids_avgdurationsedentarybout,dis,14dhist,0.31223519611644907,47887
steps__f_steps:fitbit_steps_intraday_rapids_stddurationsedentarybout_dis:14dhist,steps,f_steps:fitbit_steps_intraday_rapids_stddurationsedentarybout_dis:14dhist,f_steps,fitbit_steps_intraday_rapids_stddurationsedentarybout,dis,14dhist,0.31230700733910693,47882
steps__f_steps:fitbit_steps_intraday_rapids_countepisodeactivebout_dis:14dhist,steps,f_steps:fitbit_steps_intraday_rapids_countepisodeactivebout_dis:14dhist,f_steps,fitbit_steps_intraday_rapids_countepisodeactivebout,dis,14dhist,0.31223519611644907,47887
steps__f_steps:fitbit_steps_intraday_rapids_sumdurationactivebout_dis:14dhist,steps,f_steps:fitbit_steps_intraday_rapids_sumdurationactivebout_dis:14dhist,f_steps,fitbit_steps_intraday_rapids_sumdurationactivebout,dis,14dhist,0.31223519611644907,47887
steps__f_steps:fitbit_steps_intraday_rapids_maxdurationactivebout_dis:14dhist,steps,f_steps:fitbit_steps_intraday_rapids_maxdurationactivebout_dis:14dhist,f_steps,fitbit_steps_intraday_rapids_maxdurationactivebout,dis,14dhist,0.31223519611644907,47887
steps__f_steps:fitbit_steps_intraday_rapids_mindurationactivebout_dis:14dhist,steps,f_steps:fitbit_steps_intraday_rapids_mindurationactivebout_dis:14dhist,f_steps,fitbit_steps_intraday_rapids_mindurationactivebout,dis,14dhist,0.31223519611644907,47887
steps__f_steps:fitbit_steps_intraday_rapids_avgdurationactivebout_dis:14dhist,steps,f_steps:fitbit_steps_intraday_rapids_avgdurationactivebout_dis:14dhist,f_steps,fitbit_steps_intraday_rapids_avgdurationactivebout,dis,14dhist,0.31223519611644907,47887
steps__f_steps:fitbit_steps_intraday_rapids_stddurationactivebout_dis:14dhist,steps,f_steps:fitbit_steps_intraday_rapids_stddurationactivebout_dis:14dhist,f_steps,fitbit_steps_intraday_rapids_stddurationactivebout,dis,14dhist,0.3128240481422437,47846
steps__f_steps:fitbit_steps_summary_rapids_maxsumsteps_norm:14dhist,steps,f_steps:fitbit_steps_summary_rapids_maxsumsteps_norm:14dhist,f_steps,fitbit_steps_summary_rapids_maxsumsteps,norm,14dhist,0.3121202981601965,47895
steps__f_steps:fitbit_steps_summary_rapids_minsumsteps_norm:14dhist,steps,f_steps:fitbit_steps_summary_rapids_minsumsteps_norm:14dhist,f_steps,fitbit_steps_summary_rapids_minsumsteps,norm,14dhist,0.3121202981601965,47895
steps__f_steps:fitbit_steps_summary_rapids_avgsumsteps_norm:14dhist,steps,f_steps:fitbit_steps_summary_rapids_avgsumsteps_norm:14dhist,f_steps,fitbit_steps_summary_rapids_avgsumsteps,norm,14dhist,0.3121202981601965,47895
steps__f_steps:fitbit_steps_summary_rapids_mediansumsteps_norm:14dhist,steps,f_steps:fitbit_steps_summary_rapids_mediansumsteps_norm:14dhist,f_steps,fitbit_steps_summary_rapids_mediansumsteps,norm,14dhist,0.3121202981601965,47895
steps__f_steps:fitbit_steps_summary_rapids_stdsumsteps_norm:14dhist,steps,f_steps:fitbit_steps_summary_rapids_stdsumsteps_norm:14dhist,f_steps,fitbit_steps_summary_rapids_stdsumsteps,norm,14dhist,0.32724374165194536,46842
steps__f_steps:fitbit_steps_intraday_rapids_sumsteps_norm:14dhist,steps,f_steps:fitbit_steps_intraday_rapids_sumsteps_norm:14dhist,f_steps,fitbit_steps_intraday_rapids_sumsteps,norm,14dhist,0.31219210938285435,47890
steps__f_steps:fitbit_steps_intraday_rapids_maxsteps_norm:14dhist,steps,f_steps:fitbit_steps_intraday_rapids_maxsteps_norm:14dhist,f_steps,fitbit_steps_intraday_rapids_maxsteps,norm,14dhist,0.31219210938285435,47890
steps__f_steps:fitbit_steps_intraday_rapids_minsteps_norm:14dhist,steps,f_steps:fitbit_steps_intraday_rapids_minsteps_norm:14dhist,f_steps,fitbit_steps_intraday_rapids_minsteps,norm,14dhist,0.31219210938285435,47890
steps__f_steps:fitbit_steps_intraday_rapids_avgsteps_norm:14dhist,steps,f_steps:fitbit_steps_intraday_rapids_avgsteps_norm:14dhist,f_steps,fitbit_steps_intraday_rapids_avgsteps,norm,14dhist,0.31219210938285435,47890
steps__f_steps:fitbit_steps_intraday_rapids_stdsteps_norm:14dhist,steps,f_steps:fitbit_steps_intraday_rapids_stdsteps_norm:14dhist,f_steps,fitbit_steps_intraday_rapids_stdsteps,norm,14dhist,0.3122495583609807,47886
steps__f_steps:fitbit_steps_intraday_rapids_countepisodesedentarybout_norm:14dhist,steps,f_steps:fitbit_steps_intraday_rapids_countepisodesedentarybout_norm:14dhist,f_steps,fitbit_steps_intraday_rapids_countepisodesedentarybout,norm,14dhist,0.31223519611644907,47887
steps__f_steps:fitbit_steps_intraday_rapids_sumdurationsedentarybout_norm:14dhist,steps,f_steps:fitbit_steps_intraday_rapids_sumdurationsedentarybout_norm:14dhist,f_steps,fitbit_steps_intraday_rapids_sumdurationsedentarybout,norm,14dhist,0.31223519611644907,47887
steps__f_steps:fitbit_steps_intraday_rapids_maxdurationsedentarybout_norm:14dhist,steps,f_steps:fitbit_steps_intraday_rapids_maxdurationsedentarybout_norm:14dhist,f_steps,fitbit_steps_intraday_rapids_maxdurationsedentarybout,norm,14dhist,0.31223519611644907,47887
steps__f_steps:fitbit_steps_intraday_rapids_mindurationsedentarybout_norm:14dhist,steps,f_steps:fitbit_steps_intraday_rapids_mindurationsedentarybout_norm:14dhist,f_steps,fitbit_steps_intraday_rapids_mindurationsedentarybout,norm,14dhist,0.31223519611644907,47887
steps__f_steps:fitbit_steps_intraday_rapids_avgdurationsedentarybout_norm:14dhist,steps,f_steps:fitbit_steps_intraday_rapids_avgdurationsedentarybout_norm:14dhist,f_steps,fitbit_steps_intraday_rapids_avgdurationsedentarybout,norm,14dhist,0.31223519611644907,47887
steps__f_steps:fitbit_steps_intraday_rapids_stddurationsedentarybout_norm:14dhist,steps,f_steps:fitbit_steps_intraday_rapids_stddurationsedentarybout_norm:14dhist,f_steps,fitbit_steps_intraday_rapids_stddurationsedentarybout,norm,14dhist,0.31230700733910693,47882
steps__f_steps:fitbit_steps_intraday_rapids_countepisodeactivebout_norm:14dhist,steps,f_steps:fitbit_steps_intraday_rapids_countepisodeactivebout_norm:14dhist,f_steps,fitbit_steps_intraday_rapids_countepisodeactivebout,norm,14dhist,0.31223519611644907,47887
steps__f_steps:fitbit_steps_intraday_rapids_sumdurationactivebout_norm:14dhist,steps,f_steps:fitbit_steps_intraday_rapids_sumdurationactivebout_norm:14dhist,f_steps,fitbit_steps_intraday_rapids_sumdurationactivebout,norm,14dhist,0.31223519611644907,47887
steps__f_steps:fitbit_steps_intraday_rapids_maxdurationactivebout_norm:14dhist,steps,f_steps:fitbit_steps_intraday_rapids_maxdurationactivebout_norm:14dhist,f_steps,fitbit_steps_intraday_rapids_maxdurationactivebout,norm,14dhist,0.31223519611644907,47887
steps__f_steps:fitbit_steps_intraday_rapids_mindurationactivebout_norm:14dhist,steps,f_steps:fitbit_steps_intraday_rapids_mindurationactivebout_norm:14dhist,f_steps,fitbit_steps_intraday_rapids_mindurationactivebout,norm,14dhist,0.31223519611644907,47887
steps__f_steps:fitbit_steps_intraday_rapids_avgdurationactivebout_norm:14dhist,steps,f_steps:fitbit_steps_intraday_rapids_avgdurationactivebout_norm:14dhist,f_steps,fitbit_steps_intraday_rapids_avgdurationactivebout,norm,14dhist,0.31223519611644907,47887
steps__f_steps:fitbit_steps_intraday_rapids_stddurationactivebout_norm:14dhist,steps,f_steps:fitbit_steps_intraday_rapids_stddurationactivebout_norm:14dhist,f_steps,fitbit_steps_intraday_rapids_stddurationactivebout,norm,14dhist,0.3128240481422437,47846
steps__f_steps:fitbit_steps_summary_rapids_maxsumsteps:7dhist,steps,f_steps:fitbit_steps_summary_rapids_maxsumsteps:7dhist,f_steps,fitbit_steps_summary_rapids_maxsumsteps,raw,7dhist,0.3361483332615221,46222
steps__f_steps:fitbit_steps_summary_rapids_minsumsteps:7dhist,steps,f_steps:fitbit_steps_summary_rapids_minsumsteps:7dhist,f_steps,fitbit_steps_summary_rapids_minsumsteps,raw,7dhist,0.3361483332615221,46222
steps__f_steps:fitbit_steps_summary_rapids_avgsumsteps:7dhist,steps,f_steps:fitbit_steps_summary_rapids_avgsumsteps:7dhist,f_steps,fitbit_steps_summary_rapids_avgsumsteps,raw,7dhist,0.3361483332615221,46222
steps__f_steps:fitbit_steps_summary_rapids_mediansumsteps:7dhist,steps,f_steps:fitbit_steps_summary_rapids_mediansumsteps:7dhist,f_steps,fitbit_steps_summary_rapids_mediansumsteps,raw,7dhist,0.3361483332615221,46222
steps__f_steps:fitbit_steps_summary_rapids_stdsumsteps:7dhist,steps,f_steps:fitbit_steps_summary_rapids_stdsumsteps:7dhist,f_steps,fitbit_steps_summary_rapids_stdsumsteps,raw,7dhist,0.3549485113533543,44913
steps__f_steps:fitbit_steps_intraday_rapids_sumsteps:7dhist,steps,f_steps:fitbit_steps_intraday_rapids_sumsteps:7dhist,f_steps,fitbit_steps_intraday_rapids_sumsteps,raw,7dhist,0.33622014448418,46217
steps__f_steps:fitbit_steps_intraday_rapids_maxsteps:7dhist,steps,f_steps:fitbit_steps_intraday_rapids_maxsteps:7dhist,f_steps,fitbit_steps_intraday_rapids_maxsteps,raw,7dhist,0.33622014448418,46217
steps__f_steps:fitbit_steps_intraday_rapids_minsteps:7dhist,steps,f_steps:fitbit_steps_intraday_rapids_minsteps:7dhist,f_steps,fitbit_steps_intraday_rapids_minsteps,raw,7dhist,0.33622014448418,46217
steps__f_steps:fitbit_steps_intraday_rapids_avgsteps:7dhist,steps,f_steps:fitbit_steps_intraday_rapids_avgsteps:7dhist,f_steps,fitbit_steps_intraday_rapids_avgsteps,raw,7dhist,0.33622014448418,46217
steps__f_steps:fitbit_steps_intraday_rapids_stdsteps:7dhist,steps,f_steps:fitbit_steps_intraday_rapids_stdsteps:7dhist,f_steps,fitbit_steps_intraday_rapids_stdsteps,raw,7dhist,0.3362775934623063,46213
steps__f_steps:fitbit_steps_intraday_rapids_countepisodesedentarybout:7dhist,steps,f_steps:fitbit_steps_intraday_rapids_countepisodesedentarybout:7dhist,f_steps,fitbit_steps_intraday_rapids_countepisodesedentarybout,raw,7dhist,0.33626323121777474,46214
steps__f_steps:fitbit_steps_intraday_rapids_sumdurationsedentarybout:7dhist,steps,f_steps:fitbit_steps_intraday_rapids_sumdurationsedentarybout:7dhist,f_steps,fitbit_steps_intraday_rapids_sumdurationsedentarybout,raw,7dhist,0.33626323121777474,46214
steps__f_steps:fitbit_steps_intraday_rapids_maxdurationsedentarybout:7dhist,steps,f_steps:fitbit_steps_intraday_rapids_maxdurationsedentarybout:7dhist,f_steps,fitbit_steps_intraday_rapids_maxdurationsedentarybout,raw,7dhist,0.33626323121777474,46214
steps__f_steps:fitbit_steps_intraday_rapids_mindurationsedentarybout:7dhist,steps,f_steps:fitbit_steps_intraday_rapids_mindurationsedentarybout:7dhist,f_steps,fitbit_steps_intraday_rapids_mindurationsedentarybout,raw,7dhist,0.33626323121777474,46214
steps__f_steps:fitbit_steps_intraday_rapids_avgdurationsedentarybout:7dhist,steps,f_steps:fitbit_steps_intraday_rapids_avgdurationsedentarybout:7dhist,f_steps,fitbit_steps_intraday_rapids_avgdurationsedentarybout,raw,7dhist,0.33626323121777474,46214
steps__f_steps:fitbit_steps_intraday_rapids_stddurationsedentarybout:7dhist,steps,f_steps:fitbit_steps_intraday_rapids_stddurationsedentarybout:7dhist,f_steps,fitbit_steps_intraday_rapids_stddurationsedentarybout,raw,7dhist,0.3363350424404326,46209
steps__f_steps:fitbit_steps_intraday_rapids_countepisodeactivebout:7dhist,steps,f_steps:fitbit_steps_intraday_rapids_countepisodeactivebout:7dhist,f_steps,fitbit_steps_intraday_rapids_countepisodeactivebout,raw,7dhist,0.33626323121777474,46214
steps__f_steps:fitbit_steps_intraday_rapids_sumdurationactivebout:7dhist,steps,f_steps:fitbit_steps_intraday_rapids_sumdurationactivebout:7dhist,f_steps,fitbit_steps_intraday_rapids_sumdurationactivebout,raw,7dhist,0.33626323121777474,46214
steps__f_steps:fitbit_steps_intraday_rapids_maxdurationactivebout:7dhist,steps,f_steps:fitbit_steps_intraday_rapids_maxdurationactivebout:7dhist,f_steps,fitbit_steps_intraday_rapids_maxdurationactivebout,raw,7dhist,0.33626323121777474,46214
steps__f_steps:fitbit_steps_intraday_rapids_mindurationactivebout:7dhist,steps,f_steps:fitbit_steps_intraday_rapids_mindurationactivebout:7dhist,f_steps,fitbit_steps_intraday_rapids_mindurationactivebout,raw,7dhist,0.33626323121777474,46214
steps__f_steps:fitbit_steps_intraday_rapids_avgdurationactivebout:7dhist,steps,f_steps:fitbit_steps_intraday_rapids_avgdurationactivebout:7dhist,f_steps,fitbit_steps_intraday_rapids_avgdurationactivebout,raw,7dhist,0.33626323121777474,46214
steps__f_steps:fitbit_steps_intraday_rapids_stddurationactivebout:7dhist,steps,f_steps:fitbit_steps_intraday_rapids_stddurationactivebout:7dhist,f_steps,fitbit_steps_intraday_rapids_stddurationactivebout,raw,7dhist,0.3367659097763799,46179
steps__f_steps:fitbit_steps_summary_rapids_maxsumsteps_dis:7dhist,steps,f_steps:fitbit_steps_summary_rapids_maxsumsteps_dis:7dhist,f_steps,fitbit_steps_summary_rapids_maxsumsteps,dis,7dhist,0.3361483332615221,46222
steps__f_steps:fitbit_steps_summary_rapids_minsumsteps_dis:7dhist,steps,f_steps:fitbit_steps_summary_rapids_minsumsteps_dis:7dhist,f_steps,fitbit_steps_summary_rapids_minsumsteps,dis,7dhist,0.3361483332615221,46222
steps__f_steps:fitbit_steps_summary_rapids_avgsumsteps_dis:7dhist,steps,f_steps:fitbit_steps_summary_rapids_avgsumsteps_dis:7dhist,f_steps,fitbit_steps_summary_rapids_avgsumsteps,dis,7dhist,0.3361483332615221,46222
steps__f_steps:fitbit_steps_summary_rapids_mediansumsteps_dis:7dhist,steps,f_steps:fitbit_steps_summary_rapids_mediansumsteps_dis:7dhist,f_steps,fitbit_steps_summary_rapids_mediansumsteps,dis,7dhist,0.3361483332615221,46222
steps__f_steps:fitbit_steps_summary_rapids_stdsumsteps_dis:7dhist,steps,f_steps:fitbit_steps_summary_rapids_stdsumsteps_dis:7dhist,f_steps,fitbit_steps_summary_rapids_stdsumsteps,dis,7dhist,0.3549485113533543,44913
steps__f_steps:fitbit_steps_intraday_rapids_sumsteps_dis:7dhist,steps,f_steps:fitbit_steps_intraday_rapids_sumsteps_dis:7dhist,f_steps,fitbit_steps_intraday_rapids_sumsteps,dis,7dhist,0.33622014448418,46217
steps__f_steps:fitbit_steps_intraday_rapids_maxsteps_dis:7dhist,steps,f_steps:fitbit_steps_intraday_rapids_maxsteps_dis:7dhist,f_steps,fitbit_steps_intraday_rapids_maxsteps,dis,7dhist,0.33622014448418,46217
steps__f_steps:fitbit_steps_intraday_rapids_minsteps_dis:7dhist,steps,f_steps:fitbit_steps_intraday_rapids_minsteps_dis:7dhist,f_steps,fitbit_steps_intraday_rapids_minsteps,dis,7dhist,0.33622014448418,46217
steps__f_steps:fitbit_steps_intraday_rapids_avgsteps_dis:7dhist,steps,f_steps:fitbit_steps_intraday_rapids_avgsteps_dis:7dhist,f_steps,fitbit_steps_intraday_rapids_avgsteps,dis,7dhist,0.33622014448418,46217
steps__f_steps:fitbit_steps_intraday_rapids_stdsteps_dis:7dhist,steps,f_steps:fitbit_steps_intraday_rapids_stdsteps_dis:7dhist,f_steps,fitbit_steps_intraday_rapids_stdsteps,dis,7dhist,0.3362775934623063,46213
steps__f_steps:fitbit_steps_intraday_rapids_countepisodesedentarybout_dis:7dhist,steps,f_steps:fitbit_steps_intraday_rapids_countepisodesedentarybout_dis:7dhist,f_steps,fitbit_steps_intraday_rapids_countepisodesedentarybout,dis,7dhist,0.33626323121777474,46214
steps__f_steps:fitbit_steps_intraday_rapids_sumdurationsedentarybout_dis:7dhist,steps,f_steps:fitbit_steps_intraday_rapids_sumdurationsedentarybout_dis:7dhist,f_steps,fitbit_steps_intraday_rapids_sumdurationsedentarybout,dis,7dhist,0.33626323121777474,46214
steps__f_steps:fitbit_steps_intraday_rapids_maxdurationsedentarybout_dis:7dhist,steps,f_steps:fitbit_steps_intraday_rapids_maxdurationsedentarybout_dis:7dhist,f_steps,fitbit_steps_intraday_rapids_maxdurationsedentarybout,dis,7dhist,0.33626323121777474,46214
steps__f_steps:fitbit_steps_intraday_rapids_mindurationsedentarybout_dis:7dhist,steps,f_steps:fitbit_steps_intraday_rapids_mindurationsedentarybout_dis:7dhist,f_steps,fitbit_steps_intraday_rapids_mindurationsedentarybout,dis,7dhist,0.33626323121777474,46214
steps__f_steps:fitbit_steps_intraday_rapids_avgdurationsedentarybout_dis:7dhist,steps,f_steps:fitbit_steps_intraday_rapids_avgdurationsedentarybout_dis:7dhist,f_steps,fitbit_steps_intraday_rapids_avgdurationsedentarybout,dis,7dhist,0.33626323121777474,46214
steps__f_steps:fitbit_steps_intraday_rapids_stddurationsedentarybout_dis:7dhist,steps,f_steps:fitbit_steps_intraday_rapids_stddurationsedentarybout_dis:7dhist,f_steps,fitbit_steps_intraday_rapids_stddurationsedentarybout,dis,7dhist,0.3363350424404326,46209
steps__f_steps:fitbit_steps_intraday_rapids_countepisodeactivebout_dis:7dhist,steps,f_steps:fitbit_steps_intraday_rapids_countepisodeactivebout_dis:7dhist,f_steps,fitbit_steps_intraday_rapids_countepisodeactivebout,dis,7dhist,0.33626323121777474,46214
steps__f_steps:fitbit_steps_intraday_rapids_sumdurationactivebout_dis:7dhist,steps,f_steps:fitbit_steps_intraday_rapids_sumdurationactivebout_dis:7dhist,f_steps,fitbit_steps_intraday_rapids_sumdurationactivebout,dis,7dhist,0.33626323121777474,46214
steps__f_steps:fitbit_steps_intraday_rapids_maxdurationactivebout_dis:7dhist,steps,f_steps:fitbit_steps_intraday_rapids_maxdurationactivebout_dis:7dhist,f_steps,fitbit_steps_intraday_rapids_maxdurationactivebout,dis,7dhist,0.33626323121777474,46214
steps__f_steps:fitbit_steps_intraday_rapids_mindurationactivebout_dis:7dhist,steps,f_steps:fitbit_steps_intraday_rapids_mindurationactivebout_dis:7dhist,f_steps,fitbit_steps_intraday_rapids_mindurationactivebout,dis,7dhist,0.33626323121777474,46214
steps__f_steps:fitbit_steps_intraday_rapids_avgdurationactivebout_dis:7dhist,steps,f_steps:fitbit_steps_intraday_rapids_avgdurationactivebout_dis:7dhist,f_steps,fitbit_steps_intraday_rapids_avgdurationactivebout,dis,7dhist,0.33626323121777474,46214
steps__f_steps:fitbit_steps_intraday_rapids_stddurationactivebout_dis:7dhist,steps,f_steps:fitbit_steps_intraday_rapids_stddurationactivebout_dis:7dhist,f_steps,fitbit_steps_intraday_rapids_stddurationactivebout,dis,7dhist,0.3367659097763799,46179
steps__f_steps:fitbit_steps_summary_rapids_maxsumsteps_norm:7dhist,steps,f_steps:fitbit_steps_summary_rapids_maxsumsteps_norm:7dhist,f_steps,fitbit_steps_summary_rapids_maxsumsteps,norm,7dhist,0.3361483332615221,46222
steps__f_steps:fitbit_steps_summary_rapids_minsumsteps_norm:7dhist,steps,f_steps:fitbit_steps_summary_rapids_minsumsteps_norm:7dhist,f_steps,fitbit_steps_summary_rapids_minsumsteps,norm,7dhist,0.3361483332615221,46222
steps__f_steps:fitbit_steps_summary_rapids_avgsumsteps_norm:7dhist,steps,f_steps:fitbit_steps_summary_rapids_avgsumsteps_norm:7dhist,f_steps,fitbit_steps_summary_rapids_avgsumsteps,norm,7dhist,0.3361483332615221,46222
steps__f_steps:fitbit_steps_summary_rapids_mediansumsteps_norm:7dhist,steps,f_steps:fitbit_steps_summary_rapids_mediansumsteps_norm:7dhist,f_steps,fitbit_steps_summary_rapids_mediansumsteps,norm,7dhist,0.3361483332615221,46222
steps__f_steps:fitbit_steps_summary_rapids_stdsumsteps_norm:7dhist,steps,f_steps:fitbit_steps_summary_rapids_stdsumsteps_norm:7dhist,f_steps,fitbit_steps_summary_rapids_stdsumsteps,norm,7dhist,0.3549485113533543,44913
steps__f_steps:fitbit_steps_intraday_rapids_sumsteps_norm:7dhist,steps,f_steps:fitbit_steps_intraday_rapids_sumsteps_norm:7dhist,f_steps,fitbit_steps_intraday_rapids_sumsteps,norm,7dhist,0.33622014448418,46217
steps__f_steps:fitbit_steps_intraday_rapids_maxsteps_norm:7dhist,steps,f_steps:fitbit_steps_intraday_rapids_maxsteps_norm:7dhist,f_steps,fitbit_steps_intraday_rapids_maxsteps,norm,7dhist,0.33622014448418,46217
steps__f_steps:fitbit_steps_intraday_rapids_minsteps_norm:7dhist,steps,f_steps:fitbit_steps_intraday_rapids_minsteps_norm:7dhist,f_steps,fitbit_steps_intraday_rapids_minsteps,norm,7dhist,0.33622014448418,46217
steps__f_steps:fitbit_steps_intraday_rapids_avgsteps_norm:7dhist,steps,f_steps:fitbit_steps_intraday_rapids_avgsteps_norm:7dhist,f_steps,fitbit_steps_intraday_rapids_avgsteps,norm,7dhist,0.33622014448418,46217
steps__f_steps:fitbit_steps_intraday_rapids_stdsteps_norm:7dhist,steps,f_steps:fitbit_steps_intraday_rapids_stdsteps_norm:7dhist,f_steps,fitbit_steps_intraday_rapids_stdsteps,norm,7dhist,0.3362775934623063,46213
steps__f_steps:fitbit_steps_intraday_rapids_countepisodesedentarybout_norm:7dhist,steps,f_steps:fitbit_steps_intraday_rapids_countepisodesedentarybout_norm:7dhist,f_steps,fitbit_steps_intraday_rapids_countepisodesedentarybout,norm,7dhist,0.33626323121777474,46214
steps__f_steps:fitbit_steps_intraday_rapids_sumdurationsedentarybout_norm:7dhist,steps,f_steps:fitbit_steps_intraday_rapids_sumdurationsedentarybout_norm:7dhist,f_steps,fitbit_steps_intraday_rapids_sumdurationsedentarybout,norm,7dhist,0.33626323121777474,46214
steps__f_steps:fitbit_steps_intraday_rapids_maxdurationsedentarybout_norm:7dhist,steps,f_steps:fitbit_steps_intraday_rapids_maxdurationsedentarybout_norm:7dhist,f_steps,fitbit_steps_intraday_rapids_maxdurationsedentarybout,norm,7dhist,0.33626323121777474,46214
steps__f_steps:fitbit_steps_intraday_rapids_mindurationsedentarybout_norm:7dhist,steps,f_steps:fitbit_steps_intraday_rapids_mindurationsedentarybout_norm:7dhist,f_steps,fitbit_steps_intraday_rapids_mindurationsedentarybout,norm,7dhist,0.33626323121777474,46214
steps__f_steps:fitbit_steps_intraday_rapids_avgdurationsedentarybout_norm:7dhist,steps,f_steps:fitbit_steps_intraday_rapids_avgdurationsedentarybout_norm:7dhist,f_steps,fitbit_steps_intraday_rapids_avgdurationsedentarybout,norm,7dhist,0.33626323121777474,46214
steps__f_steps:fitbit_steps_intraday_rapids_stddurationsedentarybout_norm:7dhist,steps,f_steps:fitbit_steps_intraday_rapids_stddurationsedentarybout_norm:7dhist,f_steps,fitbit_steps_intraday_rapids_stddurationsedentarybout,norm,7dhist,0.3363350424404326,46209
steps__f_steps:fitbit_steps_intraday_rapids_countepisodeactivebout_norm:7dhist,steps,f_steps:fitbit_steps_intraday_rapids_countepisodeactivebout_norm:7dhist,f_steps,fitbit_steps_intraday_rapids_countepisodeactivebout,norm,7dhist,0.33626323121777474,46214
steps__f_steps:fitbit_steps_intraday_rapids_sumdurationactivebout_norm:7dhist,steps,f_steps:fitbit_steps_intraday_rapids_sumdurationactivebout_norm:7dhist,f_steps,fitbit_steps_intraday_rapids_sumdurationactivebout,norm,7dhist,0.33626323121777474,46214
steps__f_steps:fitbit_steps_intraday_rapids_maxdurationactivebout_norm:7dhist,steps,f_steps:fitbit_steps_intraday_rapids_maxdurationactivebout_norm:7dhist,f_steps,fitbit_steps_intraday_rapids_maxdurationactivebout,norm,7dhist,0.33626323121777474,46214
steps__f_steps:fitbit_steps_intraday_rapids_mindurationactivebout_norm:7dhist,steps,f_steps:fitbit_steps_intraday_rapids_mindurationactivebout_norm:7dhist,f_steps,fitbit_steps_intraday_rapids_mindurationactivebout,norm,7dhist,0.33626323121777474,46214
steps__f_steps:fitbit_steps_intraday_rapids_avgdurationactivebout_norm:7dhist,steps,f_steps:fitbit_steps_intraday_rapids_avgdurationactivebout_norm:7dhist,f_steps,fitbit_steps_intraday_rapids_avgdurationactivebout,norm,7dhist,0.33626323121777474,46214
steps__f_steps:fitbit_steps_intraday_rapids_stddurationactivebout_norm:7dhist,steps,f_steps:fitbit_steps_intraday_rapids_stddurationactivebout_norm:7dhist,f_steps,fitbit_steps_intraday_rapids_stddurationactivebout,norm,7dhist,0.3367659097763799,46179
steps__f_steps:fitbit_steps_summary_rapids_maxsumsteps:afternoon,steps,f_steps:fitbit_steps_summary_rapids_maxsumsteps:afternoon,f_steps,fitbit_steps_summary_rapids_maxsumsteps,raw,afternoon,1.0,0
steps__f_steps:fitbit_steps_summary_rapids_minsumsteps:afternoon,steps,f_steps:fitbit_steps_summary_rapids_minsumsteps:afternoon,f_steps,fitbit_steps_summary_rapids_minsumsteps,raw,afternoon,1.0,0
steps__f_steps:fitbit_steps_summary_rapids_avgsumsteps:afternoon,steps,f_steps:fitbit_steps_summary_rapids_avgsumsteps:afternoon,f_steps,fitbit_steps_summary_rapids_avgsumsteps,raw,afternoon,1.0,0
steps__f_steps:fitbit_steps_summary_rapids_mediansumsteps:afternoon,steps,f_steps:fitbit_steps_summary_rapids_mediansumsteps:afternoon,f_steps,fitbit_steps_summary_rapids_mediansumsteps,raw,afternoon,1.0,0
steps__f_steps:fitbit_steps_summary_rapids_stdsumsteps:afternoon,steps,f_steps:fitbit_steps_summary_rapids_stdsumsteps:afternoon,f_steps,fitbit_steps_summary_rapids_stdsumsteps,raw,afternoon,1.0,0
steps__f_steps:fitbit_steps_intraday_rapids_sumsteps:afternoon,steps,f_steps:fitbit_steps_intraday_rapids_sumsteps:afternoon,f_steps,fitbit_steps_intraday_rapids_sumsteps,raw,afternoon,0.38487942895715743,42829
steps__f_steps:fitbit_steps_intraday_rapids_maxsteps:afternoon,steps,f_steps:fitbit_steps_intraday_rapids_maxsteps:afternoon,f_steps,fitbit_steps_intraday_rapids_maxsteps,raw,afternoon,0.38487942895715743,42829
steps__f_steps:fitbit_steps_intraday_rapids_minsteps:afternoon,steps,f_steps:fitbit_steps_intraday_rapids_minsteps:afternoon,f_steps,fitbit_steps_intraday_rapids_minsteps,raw,afternoon,0.38487942895715743,42829
steps__f_steps:fitbit_steps_intraday_rapids_avgsteps:afternoon,steps,f_steps:fitbit_steps_intraday_rapids_avgsteps:afternoon,f_steps,fitbit_steps_intraday_rapids_avgsteps,raw,afternoon,0.38487942895715743,42829
steps__f_steps:fitbit_steps_intraday_rapids_stdsteps:afternoon,steps,f_steps:fitbit_steps_intraday_rapids_stdsteps:afternoon,f_steps,fitbit_steps_intraday_rapids_stdsteps,raw,afternoon,0.38487942895715743,42829
steps__f_steps:fitbit_steps_intraday_rapids_countepisodesedentarybout:afternoon,steps,f_steps:fitbit_steps_intraday_rapids_countepisodesedentarybout:afternoon,f_steps,fitbit_steps_intraday_rapids_countepisodesedentarybout,raw,afternoon,0.38487942895715743,42829
steps__f_steps:fitbit_steps_intraday_rapids_sumdurationsedentarybout:afternoon,steps,f_steps:fitbit_steps_intraday_rapids_sumdurationsedentarybout:afternoon,f_steps,fitbit_steps_intraday_rapids_sumdurationsedentarybout,raw,afternoon,0.38487942895715743,42829
steps__f_steps:fitbit_steps_intraday_rapids_maxdurationsedentarybout:afternoon,steps,f_steps:fitbit_steps_intraday_rapids_maxdurationsedentarybout:afternoon,f_steps,fitbit_steps_intraday_rapids_maxdurationsedentarybout,raw,afternoon,0.38487942895715743,42829
steps__f_steps:fitbit_steps_intraday_rapids_mindurationsedentarybout:afternoon,steps,f_steps:fitbit_steps_intraday_rapids_mindurationsedentarybout:afternoon,f_steps,fitbit_steps_intraday_rapids_mindurationsedentarybout,raw,afternoon,0.38487942895715743,42829
steps__f_steps:fitbit_steps_intraday_rapids_avgdurationsedentarybout:afternoon,steps,f_steps:fitbit_steps_intraday_rapids_avgdurationsedentarybout:afternoon,f_steps,fitbit_steps_intraday_rapids_avgdurationsedentarybout,raw,afternoon,0.38487942895715743,42829
steps__f_steps:fitbit_steps_intraday_rapids_stddurationsedentarybout:afternoon,steps,f_steps:fitbit_steps_intraday_rapids_stddurationsedentarybout:afternoon,f_steps,fitbit_steps_intraday_rapids_stddurationsedentarybout,raw,afternoon,0.40737070389360447,41263
steps__f_steps:fitbit_steps_intraday_rapids_countepisodeactivebout:afternoon,steps,f_steps:fitbit_steps_intraday_rapids_countepisodeactivebout:afternoon,f_steps,fitbit_steps_intraday_rapids_countepisodeactivebout,raw,afternoon,0.40686802533499933,41298
steps__f_steps:fitbit_steps_intraday_rapids_sumdurationactivebout:afternoon,steps,f_steps:fitbit_steps_intraday_rapids_sumdurationactivebout:afternoon,f_steps,fitbit_steps_intraday_rapids_sumdurationactivebout,raw,afternoon,0.40686802533499933,41298
steps__f_steps:fitbit_steps_intraday_rapids_maxdurationactivebout:afternoon,steps,f_steps:fitbit_steps_intraday_rapids_maxdurationactivebout:afternoon,f_steps,fitbit_steps_intraday_rapids_maxdurationactivebout,raw,afternoon,0.40686802533499933,41298
steps__f_steps:fitbit_steps_intraday_rapids_mindurationactivebout:afternoon,steps,f_steps:fitbit_steps_intraday_rapids_mindurationactivebout:afternoon,f_steps,fitbit_steps_intraday_rapids_mindurationactivebout,raw,afternoon,0.40686802533499933,41298
steps__f_steps:fitbit_steps_intraday_rapids_avgdurationactivebout:afternoon,steps,f_steps:fitbit_steps_intraday_rapids_avgdurationactivebout:afternoon,f_steps,fitbit_steps_intraday_rapids_avgdurationactivebout,raw,afternoon,0.40686802533499933,41298
steps__f_steps:fitbit_steps_intraday_rapids_stddurationactivebout:afternoon,steps,f_steps:fitbit_steps_intraday_rapids_stddurationactivebout:afternoon,f_steps,fitbit_steps_intraday_rapids_stddurationactivebout,raw,afternoon,0.41084636707024574,41021
steps__f_steps:fitbit_steps_summary_rapids_maxsumsteps_dis:afternoon,steps,f_steps:fitbit_steps_summary_rapids_maxsumsteps_dis:afternoon,f_steps,fitbit_steps_summary_rapids_maxsumsteps,dis,afternoon,1.0,0
steps__f_steps:fitbit_steps_summary_rapids_minsumsteps_dis:afternoon,steps,f_steps:fitbit_steps_summary_rapids_minsumsteps_dis:afternoon,f_steps,fitbit_steps_summary_rapids_minsumsteps,dis,afternoon,1.0,0
steps__f_steps:fitbit_steps_summary_rapids_avgsumsteps_dis:afternoon,steps,f_steps:fitbit_steps_summary_rapids_avgsumsteps_dis:afternoon,f_steps,fitbit_steps_summary_rapids_avgsumsteps,dis,afternoon,1.0,0
steps__f_steps:fitbit_steps_summary_rapids_mediansumsteps_dis:afternoon,steps,f_steps:fitbit_steps_summary_rapids_mediansumsteps_dis:afternoon,f_steps,fitbit_steps_summary_rapids_mediansumsteps,dis,afternoon,1.0,0
steps__f_steps:fitbit_steps_summary_rapids_stdsumsteps_dis:afternoon,steps,f_steps:fitbit_steps_summary_rapids_stdsumsteps_dis:afternoon,f_steps,fitbit_steps_summary_rapids_stdsumsteps,dis,afternoon,1.0,0
steps__f_steps:fitbit_steps_intraday_rapids_sumsteps_dis:afternoon,steps,f_steps:fitbit_steps_intraday_rapids_sumsteps_dis:afternoon,f_steps,fitbit_steps_intraday_rapids_sumsteps,dis,afternoon,0.38487942895715743,42829
steps__f_steps:fitbit_steps_intraday_rapids_maxsteps_dis:afternoon,steps,f_steps:fitbit_steps_intraday_rapids_maxsteps_dis:afternoon,f_steps,fitbit_steps_intraday_rapids_maxsteps,dis,afternoon,0.38487942895715743,42829
steps__f_steps:fitbit_steps_intraday_rapids_minsteps_dis:afternoon,steps,f_steps:fitbit_steps_intraday_rapids_minsteps_dis:afternoon,f_steps,fitbit_steps_intraday_rapids_minsteps,dis,afternoon,0.38487942895715743,42829
steps__f_steps:fitbit_steps_intraday_rapids_avgsteps_dis:afternoon,steps,f_steps:fitbit_steps_intraday_rapids_avgsteps_dis:afternoon,f_steps,fitbit_steps_intraday_rapids_avgsteps,dis,afternoon,0.38487942895715743,42829
steps__f_steps:fitbit_steps_intraday_rapids_stdsteps_dis:afternoon,steps,f_steps:fitbit_steps_intraday_rapids_stdsteps_dis:afternoon,f_steps,fitbit_steps_intraday_rapids_stdsteps,dis,afternoon,0.38487942895715743,42829
steps__f_steps:fitbit_steps_intraday_rapids_countepisodesedentarybout_dis:afternoon,steps,f_steps:fitbit_steps_intraday_rapids_countepisodesedentarybout_dis:afternoon,f_steps,fitbit_steps_intraday_rapids_countepisodesedentarybout,dis,afternoon,0.38487942895715743,42829
steps__f_steps:fitbit_steps_intraday_rapids_sumdurationsedentarybout_dis:afternoon,steps,f_steps:fitbit_steps_intraday_rapids_sumdurationsedentarybout_dis:afternoon,f_steps,fitbit_steps_intraday_rapids_sumdurationsedentarybout,dis,afternoon,0.38487942895715743,42829
steps__f_steps:fitbit_steps_intraday_rapids_maxdurationsedentarybout_dis:afternoon,steps,f_steps:fitbit_steps_intraday_rapids_maxdurationsedentarybout_dis:afternoon,f_steps,fitbit_steps_intraday_rapids_maxdurationsedentarybout,dis,afternoon,0.38487942895715743,42829
steps__f_steps:fitbit_steps_intraday_rapids_mindurationsedentarybout_dis:afternoon,steps,f_steps:fitbit_steps_intraday_rapids_mindurationsedentarybout_dis:afternoon,f_steps,fitbit_steps_intraday_rapids_mindurationsedentarybout,dis,afternoon,0.38487942895715743,42829
steps__f_steps:fitbit_steps_intraday_rapids_avgdurationsedentarybout_dis:afternoon,steps,f_steps:fitbit_steps_intraday_rapids_avgdurationsedentarybout_dis:afternoon,f_steps,fitbit_steps_intraday_rapids_avgdurationsedentarybout,dis,afternoon,0.38487942895715743,42829
steps__f_steps:fitbit_steps_intraday_rapids_stddurationsedentarybout_dis:afternoon,steps,f_steps:fitbit_steps_intraday_rapids_stddurationsedentarybout_dis:afternoon,f_steps,fitbit_steps_intraday_rapids_stddurationsedentarybout,dis,afternoon,0.40737070389360447,41263
steps__f_steps:fitbit_steps_intraday_rapids_countepisodeactivebout_dis:afternoon,steps,f_steps:fitbit_steps_intraday_rapids_countepisodeactivebout_dis:afternoon,f_steps,fitbit_steps_intraday_rapids_countepisodeactivebout,dis,afternoon,0.40686802533499933,41298
steps__f_steps:fitbit_steps_intraday_rapids_sumdurationactivebout_dis:afternoon,steps,f_steps:fitbit_steps_intraday_rapids_sumdurationactivebout_dis:afternoon,f_steps,fitbit_steps_intraday_rapids_sumdurationactivebout,dis,afternoon,0.40686802533499933,41298
steps__f_steps:fitbit_steps_intraday_rapids_maxdurationactivebout_dis:afternoon,steps,f_steps:fitbit_steps_intraday_rapids_maxdurationactivebout_dis:afternoon,f_steps,fitbit_steps_intraday_rapids_maxdurationactivebout,dis,afternoon,0.40686802533499933,41298
steps__f_steps:fitbit_steps_intraday_rapids_mindurationactivebout_dis:afternoon,steps,f_steps:fitbit_steps_intraday_rapids_mindurationactivebout_dis:afternoon,f_steps,fitbit_steps_intraday_rapids_mindurationactivebout,dis,afternoon,0.40686802533499933,41298
steps__f_steps:fitbit_steps_intraday_rapids_avgdurationactivebout_dis:afternoon,steps,f_steps:fitbit_steps_intraday_rapids_avgdurationactivebout_dis:afternoon,f_steps,fitbit_steps_intraday_rapids_avgdurationactivebout,dis,afternoon,0.40686802533499933,41298
steps__f_steps:fitbit_steps_intraday_rapids_stddurationactivebout_dis:afternoon,steps,f_steps:fitbit_steps_intraday_rapids_stddurationactivebout_dis:afternoon,f_steps,fitbit_steps_intraday_rapids_stddurationactivebout,dis,afternoon,0.41084636707024574,41021
steps__f_steps:fitbit_steps_summary_rapids_maxsumsteps_norm:afternoon,steps,f_steps:fitbit_steps_summary_rapids_maxsumsteps_norm:afternoon,f_steps,fitbit_steps_summary_rapids_maxsumsteps,norm,afternoon,1.0,0
steps__f_steps:fitbit_steps_summary_rapids_minsumsteps_norm:afternoon,steps,f_steps:fitbit_steps_summary_rapids_minsumsteps_norm:afternoon,f_steps,fitbit_steps_summary_rapids_minsumsteps,norm,afternoon,1.0,0
steps__f_steps:fitbit_steps_summary_rapids_avgsumsteps_norm:afternoon,steps,f_steps:fitbit_steps_summary_rapids_avgsumsteps_norm:afternoon,f_steps,fitbit_steps_summary_rapids_avgsumsteps,norm,afternoon,1.0,0
steps__f_steps:fitbit_steps_summary_rapids_mediansumsteps_norm:afternoon,steps,f_steps:fitbit_steps_summary_rapids_mediansumsteps_norm:afternoon,f_steps,fitbit_steps_summary_rapids_mediansumsteps,norm,afternoon,1.0,0
steps__f_steps:fitbit_steps_summary_rapids_stdsumsteps_norm:afternoon,steps,f_steps:fitbit_steps_summary_rapids_stdsumsteps_norm:afternoon,f_steps,fitbit_steps_summary_rapids_stdsumsteps,norm,afternoon,1.0,0
steps__f_steps:fitbit_steps_intraday_rapids_sumsteps_norm:afternoon,steps,f_steps:fitbit_steps_intraday_rapids_sumsteps_norm:afternoon,f_steps,fitbit_steps_intraday_rapids_sumsteps,norm,afternoon,0.38487942895715743,42829
steps__f_steps:fitbit_steps_intraday_rapids_maxsteps_norm:afternoon,steps,f_steps:fitbit_steps_intraday_rapids_maxsteps_norm:afternoon,f_steps,fitbit_steps_intraday_rapids_maxsteps,norm,afternoon,0.38487942895715743,42829
steps__f_steps:fitbit_steps_intraday_rapids_minsteps_norm:afternoon,steps,f_steps:fitbit_steps_intraday_rapids_minsteps_norm:afternoon,f_steps,fitbit_steps_intraday_rapids_minsteps,norm,afternoon,0.38487942895715743,42829
steps__f_steps:fitbit_steps_intraday_rapids_avgsteps_norm:afternoon,steps,f_steps:fitbit_steps_intraday_rapids_avgsteps_norm:afternoon,f_steps,fitbit_steps_intraday_rapids_avgsteps,norm,afternoon,0.38487942895715743,42829
steps__f_steps:fitbit_steps_intraday_rapids_stdsteps_norm:afternoon,steps,f_steps:fitbit_steps_intraday_rapids_stdsteps_norm:afternoon,f_steps,fitbit_steps_intraday_rapids_stdsteps,norm,afternoon,0.38487942895715743,42829
steps__f_steps:fitbit_steps_intraday_rapids_countepisodesedentarybout_norm:afternoon,steps,f_steps:fitbit_steps_intraday_rapids_countepisodesedentarybout_norm:afternoon,f_steps,fitbit_steps_intraday_rapids_countepisodesedentarybout,norm,afternoon,0.38487942895715743,42829
steps__f_steps:fitbit_steps_intraday_rapids_sumdurationsedentarybout_norm:afternoon,steps,f_steps:fitbit_steps_intraday_rapids_sumdurationsedentarybout_norm:afternoon,f_steps,fitbit_steps_intraday_rapids_sumdurationsedentarybout,norm,afternoon,0.38487942895715743,42829
steps__f_steps:fitbit_steps_intraday_rapids_maxdurationsedentarybout_norm:afternoon,steps,f_steps:fitbit_steps_intraday_rapids_maxdurationsedentarybout_norm:afternoon,f_steps,fitbit_steps_intraday_rapids_maxdurationsedentarybout,norm,afternoon,0.38487942895715743,42829
steps__f_steps:fitbit_steps_intraday_rapids_mindurationsedentarybout_norm:afternoon,steps,f_steps:fitbit_steps_intraday_rapids_mindurationsedentarybout_norm:afternoon,f_steps,fitbit_steps_intraday_rapids_mindurationsedentarybout,norm,afternoon,0.38487942895715743,42829
steps__f_steps:fitbit_steps_intraday_rapids_avgdurationsedentarybout_norm:afternoon,steps,f_steps:fitbit_steps_intraday_rapids_avgdurationsedentarybout_norm:afternoon,f_steps,fitbit_steps_intraday_rapids_avgdurationsedentarybout,norm,afternoon,0.38487942895715743,42829
steps__f_steps:fitbit_steps_intraday_rapids_stddurationsedentarybout_norm:afternoon,steps,f_steps:fitbit_steps_intraday_rapids_stddurationsedentarybout_norm:afternoon,f_steps,fitbit_steps_intraday_rapids_stddurationsedentarybout,norm,afternoon,0.40737070389360447,41263
steps__f_steps:fitbit_steps_intraday_rapids_countepisodeactivebout_norm:afternoon,steps,f_steps:fitbit_steps_intraday_rapids_countepisodeactivebout_norm:afternoon,f_steps,fitbit_steps_intraday_rapids_countepisodeactivebout,norm,afternoon,0.40686802533499933,41298
steps__f_steps:fitbit_steps_intraday_rapids_sumdurationactivebout_norm:afternoon,steps,f_steps:fitbit_steps_intraday_rapids_sumdurationactivebout_norm:afternoon,f_steps,fitbit_steps_intraday_rapids_sumdurationactivebout,norm,afternoon,0.40686802533499933,41298
steps__f_steps:fitbit_steps_intraday_rapids_maxdurationactivebout_norm:afternoon,steps,f_steps:fitbit_steps_intraday_rapids_maxdurationactivebout_norm:afternoon,f_steps,fitbit_steps_intraday_rapids_maxdurationactivebout,norm,afternoon,0.40686802533499933,41298
steps__f_steps:fitbit_steps_intraday_rapids_mindurationactivebout_norm:afternoon,steps,f_steps:fitbit_steps_intraday_rapids_mindurationactivebout_norm:afternoon,f_steps,fitbit_steps_intraday_rapids_mindurationactivebout,norm,afternoon,0.40686802533499933,41298
steps__f_steps:fitbit_steps_intraday_rapids_avgdurationactivebout_norm:afternoon,steps,f_steps:fitbit_steps_intraday_rapids_avgdurationactivebout_norm:afternoon,f_steps,fitbit_steps_intraday_rapids_avgdurationactivebout,norm,afternoon,0.40686802533499933,41298
steps__f_steps:fitbit_steps_intraday_rapids_stddurationactivebout_norm:afternoon,steps,f_steps:fitbit_steps_intraday_rapids_stddurationactivebout_norm:afternoon,f_steps,fitbit_steps_intraday_rapids_stddurationactivebout,norm,afternoon,0.41084636707024574,41021
steps__f_steps:fitbit_steps_summary_rapids_maxsumsteps:allday,steps,f_steps:fitbit_steps_summary_rapids_maxsumsteps:allday,f_steps,fitbit_steps_summary_rapids_maxsumsteps,raw,allday,0.3845921840665259,42849
steps__f_steps:fitbit_steps_summary_rapids_minsumsteps:allday,steps,f_steps:fitbit_steps_summary_rapids_minsumsteps:allday,f_steps,fitbit_steps_summary_rapids_minsumsteps,raw,allday,0.3845921840665259,42849
steps__f_steps:fitbit_steps_summary_rapids_avgsumsteps:allday,steps,f_steps:fitbit_steps_summary_rapids_avgsumsteps:allday,f_steps,fitbit_steps_summary_rapids_avgsumsteps,raw,allday,0.3845921840665259,42849
steps__f_steps:fitbit_steps_summary_rapids_mediansumsteps:allday,steps,f_steps:fitbit_steps_summary_rapids_mediansumsteps:allday,f_steps,fitbit_steps_summary_rapids_mediansumsteps,raw,allday,0.3845921840665259,42849
steps__f_steps:fitbit_steps_summary_rapids_stdsumsteps:allday,steps,f_steps:fitbit_steps_summary_rapids_stdsumsteps:allday,f_steps,fitbit_steps_summary_rapids_stdsumsteps,raw,allday,1.0,0
steps__f_steps:fitbit_steps_intraday_rapids_sumsteps:allday,steps,f_steps:fitbit_steps_intraday_rapids_sumsteps:allday,f_steps,fitbit_steps_intraday_rapids_sumsteps,raw,allday,0.38480761773449956,42834
steps__f_steps:fitbit_steps_intraday_rapids_maxsteps:allday,steps,f_steps:fitbit_steps_intraday_rapids_maxsteps:allday,f_steps,fitbit_steps_intraday_rapids_maxsteps,raw,allday,0.38480761773449956,42834
steps__f_steps:fitbit_steps_intraday_rapids_minsteps:allday,steps,f_steps:fitbit_steps_intraday_rapids_minsteps:allday,f_steps,fitbit_steps_intraday_rapids_minsteps,raw,allday,0.38480761773449956,42834
steps__f_steps:fitbit_steps_intraday_rapids_avgsteps:allday,steps,f_steps:fitbit_steps_intraday_rapids_avgsteps:allday,f_steps,fitbit_steps_intraday_rapids_avgsteps,raw,allday,0.38480761773449956,42834
steps__f_steps:fitbit_steps_intraday_rapids_stdsteps:allday,steps,f_steps:fitbit_steps_intraday_rapids_stdsteps:allday,f_steps,fitbit_steps_intraday_rapids_stdsteps,raw,allday,0.3848650667126258,42830
steps__f_steps:fitbit_steps_intraday_rapids_countepisodesedentarybout:allday,steps,f_steps:fitbit_steps_intraday_rapids_countepisodesedentarybout:allday,f_steps,fitbit_steps_intraday_rapids_countepisodesedentarybout,raw,allday,0.3848507044680943,42831
steps__f_steps:fitbit_steps_intraday_rapids_sumdurationsedentarybout:allday,steps,f_steps:fitbit_steps_intraday_rapids_sumdurationsedentarybout:allday,f_steps,fitbit_steps_intraday_rapids_sumdurationsedentarybout,raw,allday,0.3848507044680943,42831
steps__f_steps:fitbit_steps_intraday_rapids_maxdurationsedentarybout:allday,steps,f_steps:fitbit_steps_intraday_rapids_maxdurationsedentarybout:allday,f_steps,fitbit_steps_intraday_rapids_maxdurationsedentarybout,raw,allday,0.3848507044680943,42831
steps__f_steps:fitbit_steps_intraday_rapids_mindurationsedentarybout:allday,steps,f_steps:fitbit_steps_intraday_rapids_mindurationsedentarybout:allday,f_steps,fitbit_steps_intraday_rapids_mindurationsedentarybout,raw,allday,0.3848507044680943,42831
steps__f_steps:fitbit_steps_intraday_rapids_avgdurationsedentarybout:allday,steps,f_steps:fitbit_steps_intraday_rapids_avgdurationsedentarybout:allday,f_steps,fitbit_steps_intraday_rapids_avgdurationsedentarybout,raw,allday,0.3848507044680943,42831
steps__f_steps:fitbit_steps_intraday_rapids_stddurationsedentarybout:allday,steps,f_steps:fitbit_steps_intraday_rapids_stddurationsedentarybout:allday,f_steps,fitbit_steps_intraday_rapids_stddurationsedentarybout,raw,allday,0.38496560242434685,42823
steps__f_steps:fitbit_steps_intraday_rapids_countepisodeactivebout:allday,steps,f_steps:fitbit_steps_intraday_rapids_countepisodeactivebout:allday,f_steps,fitbit_steps_intraday_rapids_countepisodeactivebout,raw,allday,0.38487942895715743,42829
steps__f_steps:fitbit_steps_intraday_rapids_sumdurationactivebout:allday,steps,f_steps:fitbit_steps_intraday_rapids_sumdurationactivebout:allday,f_steps,fitbit_steps_intraday_rapids_sumdurationactivebout,raw,allday,0.38487942895715743,42829
steps__f_steps:fitbit_steps_intraday_rapids_maxdurationactivebout:allday,steps,f_steps:fitbit_steps_intraday_rapids_maxdurationactivebout:allday,f_steps,fitbit_steps_intraday_rapids_maxdurationactivebout,raw,allday,0.38487942895715743,42829
steps__f_steps:fitbit_steps_intraday_rapids_mindurationactivebout:allday,steps,f_steps:fitbit_steps_intraday_rapids_mindurationactivebout:allday,f_steps,fitbit_steps_intraday_rapids_mindurationactivebout,raw,allday,0.38487942895715743,42829
steps__f_steps:fitbit_steps_intraday_rapids_avgdurationactivebout:allday,steps,f_steps:fitbit_steps_intraday_rapids_avgdurationactivebout:allday,f_steps,fitbit_steps_intraday_rapids_avgdurationactivebout,raw,allday,0.38487942895715743,42829
steps__f_steps:fitbit_steps_intraday_rapids_stddurationactivebout:allday,steps,f_steps:fitbit_steps_intraday_rapids_stddurationactivebout:allday,f_steps,fitbit_steps_intraday_rapids_stddurationactivebout,raw,allday,0.3855400922056099,42783
steps__f_steps:fitbit_steps_summary_rapids_maxsumsteps_dis:allday,steps,f_steps:fitbit_steps_summary_rapids_maxsumsteps_dis:allday,f_steps,fitbit_steps_summary_rapids_maxsumsteps,dis,allday,0.3845921840665259,42849
steps__f_steps:fitbit_steps_summary_rapids_minsumsteps_dis:allday,steps,f_steps:fitbit_steps_summary_rapids_minsumsteps_dis:allday,f_steps,fitbit_steps_summary_rapids_minsumsteps,dis,allday,0.3845921840665259,42849
steps__f_steps:fitbit_steps_summary_rapids_avgsumsteps_dis:allday,steps,f_steps:fitbit_steps_summary_rapids_avgsumsteps_dis:allday,f_steps,fitbit_steps_summary_rapids_avgsumsteps,dis,allday,0.3845921840665259,42849
steps__f_steps:fitbit_steps_summary_rapids_mediansumsteps_dis:allday,steps,f_steps:fitbit_steps_summary_rapids_mediansumsteps_dis:allday,f_steps,fitbit_steps_summary_rapids_mediansumsteps,dis,allday,0.3845921840665259,42849
steps__f_steps:fitbit_steps_summary_rapids_stdsumsteps_dis:allday,steps,f_steps:fitbit_steps_summary_rapids_stdsumsteps_dis:allday,f_steps,fitbit_steps_summary_rapids_stdsumsteps,dis,allday,1.0,0
steps__f_steps:fitbit_steps_intraday_rapids_sumsteps_dis:allday,steps,f_steps:fitbit_steps_intraday_rapids_sumsteps_dis:allday,f_steps,fitbit_steps_intraday_rapids_sumsteps,dis,allday,0.38480761773449956,42834
steps__f_steps:fitbit_steps_intraday_rapids_maxsteps_dis:allday,steps,f_steps:fitbit_steps_intraday_rapids_maxsteps_dis:allday,f_steps,fitbit_steps_intraday_rapids_maxsteps,dis,allday,0.38480761773449956,42834
steps__f_steps:fitbit_steps_intraday_rapids_minsteps_dis:allday,steps,f_steps:fitbit_steps_intraday_rapids_minsteps_dis:allday,f_steps,fitbit_steps_intraday_rapids_minsteps,dis,allday,0.38480761773449956,42834
steps__f_steps:fitbit_steps_intraday_rapids_avgsteps_dis:allday,steps,f_steps:fitbit_steps_intraday_rapids_avgsteps_dis:allday,f_steps,fitbit_steps_intraday_rapids_avgsteps,dis,allday,0.38480761773449956,42834
steps__f_steps:fitbit_steps_intraday_rapids_stdsteps_dis:allday,steps,f_steps:fitbit_steps_intraday_rapids_stdsteps_dis:allday,f_steps,fitbit_steps_intraday_rapids_stdsteps,dis,allday,0.3848650667126258,42830
steps__f_steps:fitbit_steps_intraday_rapids_countepisodesedentarybout_dis:allday,steps,f_steps:fitbit_steps_intraday_rapids_countepisodesedentarybout_dis:allday,f_steps,fitbit_steps_intraday_rapids_countepisodesedentarybout,dis,allday,0.3848507044680943,42831
steps__f_steps:fitbit_steps_intraday_rapids_sumdurationsedentarybout_dis:allday,steps,f_steps:fitbit_steps_intraday_rapids_sumdurationsedentarybout_dis:allday,f_steps,fitbit_steps_intraday_rapids_sumdurationsedentarybout,dis,allday,0.3848507044680943,42831
steps__f_steps:fitbit_steps_intraday_rapids_maxdurationsedentarybout_dis:allday,steps,f_steps:fitbit_steps_intraday_rapids_maxdurationsedentarybout_dis:allday,f_steps,fitbit_steps_intraday_rapids_maxdurationsedentarybout,dis,allday,0.3848507044680943,42831
steps__f_steps:fitbit_steps_intraday_rapids_mindurationsedentarybout_dis:allday,steps,f_steps:fitbit_steps_intraday_rapids_mindurationsedentarybout_dis:allday,f_steps,fitbit_steps_intraday_rapids_mindurationsedentarybout,dis,allday,0.3848507044680943,42831
steps__f_steps:fitbit_steps_intraday_rapids_avgdurationsedentarybout_dis:allday,steps,f_steps:fitbit_steps_intraday_rapids_avgdurationsedentarybout_dis:allday,f_steps,fitbit_steps_intraday_rapids_avgdurationsedentarybout,dis,allday,0.3848507044680943,42831
steps__f_steps:fitbit_steps_intraday_rapids_stddurationsedentarybout_dis:allday,steps,f_steps:fitbit_steps_intraday_rapids_stddurationsedentarybout_dis:allday,f_steps,fitbit_steps_intraday_rapids_stddurationsedentarybout,dis,allday,0.38496560242434685,42823
steps__f_steps:fitbit_steps_intraday_rapids_countepisodeactivebout_dis:allday,steps,f_steps:fitbit_steps_intraday_rapids_countepisodeactivebout_dis:allday,f_steps,fitbit_steps_intraday_rapids_countepisodeactivebout,dis,allday,0.38487942895715743,42829
steps__f_steps:fitbit_steps_intraday_rapids_sumdurationactivebout_dis:allday,steps,f_steps:fitbit_steps_intraday_rapids_sumdurationactivebout_dis:allday,f_steps,fitbit_steps_intraday_rapids_sumdurationactivebout,dis,allday,0.38487942895715743,42829
steps__f_steps:fitbit_steps_intraday_rapids_maxdurationactivebout_dis:allday,steps,f_steps:fitbit_steps_intraday_rapids_maxdurationactivebout_dis:allday,f_steps,fitbit_steps_intraday_rapids_maxdurationactivebout,dis,allday,0.38487942895715743,42829
steps__f_steps:fitbit_steps_intraday_rapids_mindurationactivebout_dis:allday,steps,f_steps:fitbit_steps_intraday_rapids_mindurationactivebout_dis:allday,f_steps,fitbit_steps_intraday_rapids_mindurationactivebout,dis,allday,0.38487942895715743,42829
steps__f_steps:fitbit_steps_intraday_rapids_avgdurationactivebout_dis:allday,steps,f_steps:fitbit_steps_intraday_rapids_avgdurationactivebout_dis:allday,f_steps,fitbit_steps_intraday_rapids_avgdurationactivebout,dis,allday,0.38487942895715743,42829
steps__f_steps:fitbit_steps_intraday_rapids_stddurationactivebout_dis:allday,steps,f_steps:fitbit_steps_intraday_rapids_stddurationactivebout_dis:allday,f_steps,fitbit_steps_intraday_rapids_stddurationactivebout,dis,allday,0.3855400922056099,42783
steps__f_steps:fitbit_steps_summary_rapids_maxsumsteps_norm:allday,steps,f_steps:fitbit_steps_summary_rapids_maxsumsteps_norm:allday,f_steps,fitbit_steps_summary_rapids_maxsumsteps,norm,allday,0.3845921840665259,42849
steps__f_steps:fitbit_steps_summary_rapids_minsumsteps_norm:allday,steps,f_steps:fitbit_steps_summary_rapids_minsumsteps_norm:allday,f_steps,fitbit_steps_summary_rapids_minsumsteps,norm,allday,0.3845921840665259,42849
steps__f_steps:fitbit_steps_summary_rapids_avgsumsteps_norm:allday,steps,f_steps:fitbit_steps_summary_rapids_avgsumsteps_norm:allday,f_steps,fitbit_steps_summary_rapids_avgsumsteps,norm,allday,0.3845921840665259,42849
steps__f_steps:fitbit_steps_summary_rapids_mediansumsteps_norm:allday,steps,f_steps:fitbit_steps_summary_rapids_mediansumsteps_norm:allday,f_steps,fitbit_steps_summary_rapids_mediansumsteps,norm,allday,0.3845921840665259,42849
steps__f_steps:fitbit_steps_summary_rapids_stdsumsteps_norm:allday,steps,f_steps:fitbit_steps_summary_rapids_stdsumsteps_norm:allday,f_steps,fitbit_steps_summary_rapids_stdsumsteps,norm,allday,1.0,0
steps__f_steps:fitbit_steps_intraday_rapids_sumsteps_norm:allday,steps,f_steps:fitbit_steps_intraday_rapids_sumsteps_norm:allday,f_steps,fitbit_steps_intraday_rapids_sumsteps,norm,allday,0.38480761773449956,42834
steps__f_steps:fitbit_steps_intraday_rapids_maxsteps_norm:allday,steps,f_steps:fitbit_steps_intraday_rapids_maxsteps_norm:allday,f_steps,fitbit_steps_intraday_rapids_maxsteps,norm,allday,0.38480761773449956,42834
steps__f_steps:fitbit_steps_intraday_rapids_minsteps_norm:allday,steps,f_steps:fitbit_steps_intraday_rapids_minsteps_norm:allday,f_steps,fitbit_steps_intraday_rapids_minsteps,norm,allday,0.38480761773449956,42834
steps__f_steps:fitbit_steps_intraday_rapids_avgsteps_norm:allday,steps,f_steps:fitbit_steps_intraday_rapids_avgsteps_norm:allday,f_steps,fitbit_steps_intraday_rapids_avgsteps,norm,allday,0.38480761773449956,42834
steps__f_steps:fitbit_steps_intraday_rapids_stdsteps_norm:allday,steps,f_steps:fitbit_steps_intraday_rapids_stdsteps_norm:allday,f_steps,fitbit_steps_intraday_rapids_stdsteps,norm,allday,0.3848650667126258,42830
steps__f_steps:fitbit_steps_intraday_rapids_countepisodesedentarybout_norm:allday,steps,f_steps:fitbit_steps_intraday_rapids_countepisodesedentarybout_norm:allday,f_steps,fitbit_steps_intraday_rapids_countepisodesedentarybout,norm,allday,0.3848507044680943,42831
steps__f_steps:fitbit_steps_intraday_rapids_sumdurationsedentarybout_norm:allday,steps,f_steps:fitbit_steps_intraday_rapids_sumdurationsedentarybout_norm:allday,f_steps,fitbit_steps_intraday_rapids_sumdurationsedentarybout,norm,allday,0.3848507044680943,42831
steps__f_steps:fitbit_steps_intraday_rapids_maxdurationsedentarybout_norm:allday,steps,f_steps:fitbit_steps_intraday_rapids_maxdurationsedentarybout_norm:allday,f_steps,fitbit_steps_intraday_rapids_maxdurationsedentarybout,norm,allday,0.3848507044680943,42831
steps__f_steps:fitbit_steps_intraday_rapids_mindurationsedentarybout_norm:allday,steps,f_steps:fitbit_steps_intraday_rapids_mindurationsedentarybout_norm:allday,f_steps,fitbit_steps_intraday_rapids_mindurationsedentarybout,norm,allday,0.3848507044680943,42831
steps__f_steps:fitbit_steps_intraday_rapids_avgdurationsedentarybout_norm:allday,steps,f_steps:fitbit_steps_intraday_rapids_avgdurationsedentarybout_norm:allday,f_steps,fitbit_steps_intraday_rapids_avgdurationsedentarybout,norm,allday,0.3848507044680943,42831
steps__f_steps:fitbit_steps_intraday_rapids_stddurationsedentarybout_norm:allday,steps,f_steps:fitbit_steps_intraday_rapids_stddurationsedentarybout_norm:allday,f_steps,fitbit_steps_intraday_rapids_stddurationsedentarybout,norm,allday,0.38496560242434685,42823
steps__f_steps:fitbit_steps_intraday_rapids_countepisodeactivebout_norm:allday,steps,f_steps:fitbit_steps_intraday_rapids_countepisodeactivebout_norm:allday,f_steps,fitbit_steps_intraday_rapids_countepisodeactivebout,norm,allday,0.38487942895715743,42829
steps__f_steps:fitbit_steps_intraday_rapids_sumdurationactivebout_norm:allday,steps,f_steps:fitbit_steps_intraday_rapids_sumdurationactivebout_norm:allday,f_steps,fitbit_steps_intraday_rapids_sumdurationactivebout,norm,allday,0.38487942895715743,42829
steps__f_steps:fitbit_steps_intraday_rapids_maxdurationactivebout_norm:allday,steps,f_steps:fitbit_steps_intraday_rapids_maxdurationactivebout_norm:allday,f_steps,fitbit_steps_intraday_rapids_maxdurationactivebout,norm,allday,0.38487942895715743,42829
steps__f_steps:fitbit_steps_intraday_rapids_mindurationactivebout_norm:allday,steps,f_steps:fitbit_steps_intraday_rapids_mindurationactivebout_norm:allday,f_steps,fitbit_steps_intraday_rapids_mindurationactivebout,norm,allday,0.38487942895715743,42829
steps__f_steps:fitbit_steps_intraday_rapids_avgdurationactivebout_norm:allday,steps,f_steps:fitbit_steps_intraday_rapids_avgdurationactivebout_norm:allday,f_steps,fitbit_steps_intraday_rapids_avgdurationactivebout,norm,allday,0.38487942895715743,42829
steps__f_steps:fitbit_steps_intraday_rapids_stddurationactivebout_norm:allday,steps,f_steps:fitbit_steps_intraday_rapids_stddurationactivebout_norm:allday,f_steps,fitbit_steps_intraday_rapids_stddurationactivebout,norm,allday,0.3855400922056099,42783
steps__f_steps:fitbit_steps_summary_rapids_maxsumsteps:evening,steps,f_steps:fitbit_steps_summary_rapids_maxsumsteps:evening,f_steps,fitbit_steps_summary_rapids_maxsumsteps,raw,evening,1.0,0
steps__f_steps:fitbit_steps_summary_rapids_minsumsteps:evening,steps,f_steps:fitbit_steps_summary_rapids_minsumsteps:evening,f_steps,fitbit_steps_summary_rapids_minsumsteps,raw,evening,1.0,0
steps__f_steps:fitbit_steps_summary_rapids_avgsumsteps:evening,steps,f_steps:fitbit_steps_summary_rapids_avgsumsteps:evening,f_steps,fitbit_steps_summary_rapids_avgsumsteps,raw,evening,1.0,0
steps__f_steps:fitbit_steps_summary_rapids_mediansumsteps:evening,steps,f_steps:fitbit_steps_summary_rapids_mediansumsteps:evening,f_steps,fitbit_steps_summary_rapids_mediansumsteps,raw,evening,1.0,0
steps__f_steps:fitbit_steps_summary_rapids_stdsumsteps:evening,steps,f_steps:fitbit_steps_summary_rapids_stdsumsteps:evening,f_steps,fitbit_steps_summary_rapids_stdsumsteps,raw,evening,1.0,0
steps__f_steps:fitbit_steps_intraday_rapids_sumsteps:evening,steps,f_steps:fitbit_steps_intraday_rapids_sumsteps:evening,f_steps,fitbit_steps_intraday_rapids_sumsteps,raw,evening,0.3848650667126258,42830
steps__f_steps:fitbit_steps_intraday_rapids_maxsteps:evening,steps,f_steps:fitbit_steps_intraday_rapids_maxsteps:evening,f_steps,fitbit_steps_intraday_rapids_maxsteps,raw,evening,0.3848650667126258,42830
steps__f_steps:fitbit_steps_intraday_rapids_minsteps:evening,steps,f_steps:fitbit_steps_intraday_rapids_minsteps:evening,f_steps,fitbit_steps_intraday_rapids_minsteps,raw,evening,0.3848650667126258,42830
steps__f_steps:fitbit_steps_intraday_rapids_avgsteps:evening,steps,f_steps:fitbit_steps_intraday_rapids_avgsteps:evening,f_steps,fitbit_steps_intraday_rapids_avgsteps,raw,evening,0.3848650667126258,42830
steps__f_steps:fitbit_steps_intraday_rapids_stdsteps:evening,steps,f_steps:fitbit_steps_intraday_rapids_stdsteps:evening,f_steps,fitbit_steps_intraday_rapids_stdsteps,raw,evening,0.3848650667126258,42830
steps__f_steps:fitbit_steps_intraday_rapids_countepisodesedentarybout:evening,steps,f_steps:fitbit_steps_intraday_rapids_countepisodesedentarybout:evening,f_steps,fitbit_steps_intraday_rapids_countepisodesedentarybout,raw,evening,0.3848650667126258,42830
steps__f_steps:fitbit_steps_intraday_rapids_sumdurationsedentarybout:evening,steps,f_steps:fitbit_steps_intraday_rapids_sumdurationsedentarybout:evening,f_steps,fitbit_steps_intraday_rapids_sumdurationsedentarybout,raw,evening,0.3848650667126258,42830
steps__f_steps:fitbit_steps_intraday_rapids_maxdurationsedentarybout:evening,steps,f_steps:fitbit_steps_intraday_rapids_maxdurationsedentarybout:evening,f_steps,fitbit_steps_intraday_rapids_maxdurationsedentarybout,raw,evening,0.3848650667126258,42830
steps__f_steps:fitbit_steps_intraday_rapids_mindurationsedentarybout:evening,steps,f_steps:fitbit_steps_intraday_rapids_mindurationsedentarybout:evening,f_steps,fitbit_steps_intraday_rapids_mindurationsedentarybout,raw,evening,0.3848650667126258,42830
steps__f_steps:fitbit_steps_intraday_rapids_avgdurationsedentarybout:evening,steps,f_steps:fitbit_steps_intraday_rapids_avgdurationsedentarybout:evening,f_steps,fitbit_steps_intraday_rapids_avgdurationsedentarybout,raw,evening,0.3848650667126258,42830
steps__f_steps:fitbit_steps_intraday_rapids_stddurationsedentarybout:evening,steps,f_steps:fitbit_steps_intraday_rapids_stddurationsedentarybout:evening,f_steps,fitbit_steps_intraday_rapids_stddurationsedentarybout,raw,evening,0.41044422422336163,41049
steps__f_steps:fitbit_steps_intraday_rapids_countepisodeactivebout:evening,steps,f_steps:fitbit_steps_intraday_rapids_countepisodeactivebout:evening,f_steps,fitbit_steps_intraday_rapids_countepisodeactivebout,raw,evening,0.41009953035460384,41073
steps__f_steps:fitbit_steps_intraday_rapids_sumdurationactivebout:evening,steps,f_steps:fitbit_steps_intraday_rapids_sumdurationactivebout:evening,f_steps,fitbit_steps_intraday_rapids_sumdurationactivebout,raw,evening,0.41009953035460384,41073
steps__f_steps:fitbit_steps_intraday_rapids_maxdurationactivebout:evening,steps,f_steps:fitbit_steps_intraday_rapids_maxdurationactivebout:evening,f_steps,fitbit_steps_intraday_rapids_maxdurationactivebout,raw,evening,0.41009953035460384,41073
steps__f_steps:fitbit_steps_intraday_rapids_mindurationactivebout:evening,steps,f_steps:fitbit_steps_intraday_rapids_mindurationactivebout:evening,f_steps,fitbit_steps_intraday_rapids_mindurationactivebout,raw,evening,0.41009953035460384,41073
steps__f_steps:fitbit_steps_intraday_rapids_avgdurationactivebout:evening,steps,f_steps:fitbit_steps_intraday_rapids_avgdurationactivebout:evening,f_steps,fitbit_steps_intraday_rapids_avgdurationactivebout,raw,evening,0.41009953035460384,41073
steps__f_steps:fitbit_steps_intraday_rapids_stddurationactivebout:evening,steps,f_steps:fitbit_steps_intraday_rapids_stddurationactivebout:evening,f_steps,fitbit_steps_intraday_rapids_stddurationactivebout,raw,evening,0.4150688669625289,40727
steps__f_steps:fitbit_steps_summary_rapids_maxsumsteps_dis:evening,steps,f_steps:fitbit_steps_summary_rapids_maxsumsteps_dis:evening,f_steps,fitbit_steps_summary_rapids_maxsumsteps,dis,evening,1.0,0
steps__f_steps:fitbit_steps_summary_rapids_minsumsteps_dis:evening,steps,f_steps:fitbit_steps_summary_rapids_minsumsteps_dis:evening,f_steps,fitbit_steps_summary_rapids_minsumsteps,dis,evening,1.0,0
steps__f_steps:fitbit_steps_summary_rapids_avgsumsteps_dis:evening,steps,f_steps:fitbit_steps_summary_rapids_avgsumsteps_dis:evening,f_steps,fitbit_steps_summary_rapids_avgsumsteps,dis,evening,1.0,0
steps__f_steps:fitbit_steps_summary_rapids_mediansumsteps_dis:evening,steps,f_steps:fitbit_steps_summary_rapids_mediansumsteps_dis:evening,f_steps,fitbit_steps_summary_rapids_mediansumsteps,dis,evening,1.0,0
steps__f_steps:fitbit_steps_summary_rapids_stdsumsteps_dis:evening,steps,f_steps:fitbit_steps_summary_rapids_stdsumsteps_dis:evening,f_steps,fitbit_steps_summary_rapids_stdsumsteps,dis,evening,1.0,0
steps__f_steps:fitbit_steps_intraday_rapids_sumsteps_dis:evening,steps,f_steps:fitbit_steps_intraday_rapids_sumsteps_dis:evening,f_steps,fitbit_steps_intraday_rapids_sumsteps,dis,evening,0.3848650667126258,42830
steps__f_steps:fitbit_steps_intraday_rapids_maxsteps_dis:evening,steps,f_steps:fitbit_steps_intraday_rapids_maxsteps_dis:evening,f_steps,fitbit_steps_intraday_rapids_maxsteps,dis,evening,0.3848650667126258,42830
steps__f_steps:fitbit_steps_intraday_rapids_minsteps_dis:evening,steps,f_steps:fitbit_steps_intraday_rapids_minsteps_dis:evening,f_steps,fitbit_steps_intraday_rapids_minsteps,dis,evening,0.3848650667126258,42830
steps__f_steps:fitbit_steps_intraday_rapids_avgsteps_dis:evening,steps,f_steps:fitbit_steps_intraday_rapids_avgsteps_dis:evening,f_steps,fitbit_steps_intraday_rapids_avgsteps,dis,evening,0.3848650667126258,42830
steps__f_steps:fitbit_steps_intraday_rapids_stdsteps_dis:evening,steps,f_steps:fitbit_steps_intraday_rapids_stdsteps_dis:evening,f_steps,fitbit_steps_intraday_rapids_stdsteps,dis,evening,0.3848650667126258,42830
steps__f_steps:fitbit_steps_intraday_rapids_countepisodesedentarybout_dis:evening,steps,f_steps:fitbit_steps_intraday_rapids_countepisodesedentarybout_dis:evening,f_steps,fitbit_steps_intraday_rapids_countepisodesedentarybout,dis,evening,0.3848650667126258,42830
steps__f_steps:fitbit_steps_intraday_rapids_sumdurationsedentarybout_dis:evening,steps,f_steps:fitbit_steps_intraday_rapids_sumdurationsedentarybout_dis:evening,f_steps,fitbit_steps_intraday_rapids_sumdurationsedentarybout,dis,evening,0.3848650667126258,42830
steps__f_steps:fitbit_steps_intraday_rapids_maxdurationsedentarybout_dis:evening,steps,f_steps:fitbit_steps_intraday_rapids_maxdurationsedentarybout_dis:evening,f_steps,fitbit_steps_intraday_rapids_maxdurationsedentarybout,dis,evening,0.3848650667126258,42830
steps__f_steps:fitbit_steps_intraday_rapids_mindurationsedentarybout_dis:evening,steps,f_steps:fitbit_steps_intraday_rapids_mindurationsedentarybout_dis:evening,f_steps,fitbit_steps_intraday_rapids_mindurationsedentarybout,dis,evening,0.3848650667126258,42830
steps__f_steps:fitbit_steps_intraday_rapids_avgdurationsedentarybout_dis:evening,steps,f_steps:fitbit_steps_intraday_rapids_avgdurationsedentarybout_dis:evening,f_steps,fitbit_steps_intraday_rapids_avgdurationsedentarybout,dis,evening,0.3848650667126258,42830
steps__f_steps:fitbit_steps_intraday_rapids_stddurationsedentarybout_dis:evening,steps,f_steps:fitbit_steps_intraday_rapids_stddurationsedentarybout_dis:evening,f_steps,fitbit_steps_intraday_rapids_stddurationsedentarybout,dis,evening,0.41044422422336163,41049
steps__f_steps:fitbit_steps_intraday_rapids_countepisodeactivebout_dis:evening,steps,f_steps:fitbit_steps_intraday_rapids_countepisodeactivebout_dis:evening,f_steps,fitbit_steps_intraday_rapids_countepisodeactivebout,dis,evening,0.41009953035460384,41073
steps__f_steps:fitbit_steps_intraday_rapids_sumdurationactivebout_dis:evening,steps,f_steps:fitbit_steps_intraday_rapids_sumdurationactivebout_dis:evening,f_steps,fitbit_steps_intraday_rapids_sumdurationactivebout,dis,evening,0.41009953035460384,41073
steps__f_steps:fitbit_steps_intraday_rapids_maxdurationactivebout_dis:evening,steps,f_steps:fitbit_steps_intraday_rapids_maxdurationactivebout_dis:evening,f_steps,fitbit_steps_intraday_rapids_maxdurationactivebout,dis,evening,0.41009953035460384,41073
steps__f_steps:fitbit_steps_intraday_rapids_mindurationactivebout_dis:evening,steps,f_steps:fitbit_steps_intraday_rapids_mindurationactivebout_dis:evening,f_steps,fitbit_steps_intraday_rapids_mindurationactivebout,dis,evening,0.41009953035460384,41073
steps__f_steps:fitbit_steps_intraday_rapids_avgdurationactivebout_dis:evening,steps,f_steps:fitbit_steps_intraday_rapids_avgdurationactivebout_dis:evening,f_steps,fitbit_steps_intraday_rapids_avgdurationactivebout,dis,evening,0.41009953035460384,41073
steps__f_steps:fitbit_steps_intraday_rapids_stddurationactivebout_dis:evening,steps,f_steps:fitbit_steps_intraday_rapids_stddurationactivebout_dis:evening,f_steps,fitbit_steps_intraday_rapids_stddurationactivebout,dis,evening,0.4150688669625289,40727
steps__f_steps:fitbit_steps_summary_rapids_maxsumsteps_norm:evening,steps,f_steps:fitbit_steps_summary_rapids_maxsumsteps_norm:evening,f_steps,fitbit_steps_summary_rapids_maxsumsteps,norm,evening,1.0,0
steps__f_steps:fitbit_steps_summary_rapids_minsumsteps_norm:evening,steps,f_steps:fitbit_steps_summary_rapids_minsumsteps_norm:evening,f_steps,fitbit_steps_summary_rapids_minsumsteps,norm,evening,1.0,0
steps__f_steps:fitbit_steps_summary_rapids_avgsumsteps_norm:evening,steps,f_steps:fitbit_steps_summary_rapids_avgsumsteps_norm:evening,f_steps,fitbit_steps_summary_rapids_avgsumsteps,norm,evening,1.0,0
steps__f_steps:fitbit_steps_summary_rapids_mediansumsteps_norm:evening,steps,f_steps:fitbit_steps_summary_rapids_mediansumsteps_norm:evening,f_steps,fitbit_steps_summary_rapids_mediansumsteps,norm,evening,1.0,0
steps__f_steps:fitbit_steps_summary_rapids_stdsumsteps_norm:evening,steps,f_steps:fitbit_steps_summary_rapids_stdsumsteps_norm:evening,f_steps,fitbit_steps_summary_rapids_stdsumsteps,norm,evening,1.0,0
steps__f_steps:fitbit_steps_intraday_rapids_sumsteps_norm:evening,steps,f_steps:fitbit_steps_intraday_rapids_sumsteps_norm:evening,f_steps,fitbit_steps_intraday_rapids_sumsteps,norm,evening,0.3848650667126258,42830
steps__f_steps:fitbit_steps_intraday_rapids_maxsteps_norm:evening,steps,f_steps:fitbit_steps_intraday_rapids_maxsteps_norm:evening,f_steps,fitbit_steps_intraday_rapids_maxsteps,norm,evening,0.3848650667126258,42830
steps__f_steps:fitbit_steps_intraday_rapids_minsteps_norm:evening,steps,f_steps:fitbit_steps_intraday_rapids_minsteps_norm:evening,f_steps,fitbit_steps_intraday_rapids_minsteps,norm,evening,0.3848650667126258,42830
steps__f_steps:fitbit_steps_intraday_rapids_avgsteps_norm:evening,steps,f_steps:fitbit_steps_intraday_rapids_avgsteps_norm:evening,f_steps,fitbit_steps_intraday_rapids_avgsteps,norm,evening,0.3848650667126258,42830
steps__f_steps:fitbit_steps_intraday_rapids_stdsteps_norm:evening,steps,f_steps:fitbit_steps_intraday_rapids_stdsteps_norm:evening,f_steps,fitbit_steps_intraday_rapids_stdsteps,norm,evening,0.3848650667126258,42830
steps__f_steps:fitbit_steps_intraday_rapids_countepisodesedentarybout_norm:evening,steps,f_steps:fitbit_steps_intraday_rapids_countepisodesedentarybout_norm:evening,f_steps,fitbit_steps_intraday_rapids_countepisodesedentarybout,norm,evening,0.3848650667126258,42830
steps__f_steps:fitbit_steps_intraday_rapids_sumdurationsedentarybout_norm:evening,steps,f_steps:fitbit_steps_intraday_rapids_sumdurationsedentarybout_norm:evening,f_steps,fitbit_steps_intraday_rapids_sumdurationsedentarybout,norm,evening,0.3848650667126258,42830
steps__f_steps:fitbit_steps_intraday_rapids_maxdurationsedentarybout_norm:evening,steps,f_steps:fitbit_steps_intraday_rapids_maxdurationsedentarybout_norm:evening,f_steps,fitbit_steps_intraday_rapids_maxdurationsedentarybout,norm,evening,0.3848650667126258,42830
steps__f_steps:fitbit_steps_intraday_rapids_mindurationsedentarybout_norm:evening,steps,f_steps:fitbit_steps_intraday_rapids_mindurationsedentarybout_norm:evening,f_steps,fitbit_steps_intraday_rapids_mindurationsedentarybout,norm,evening,0.3848650667126258,42830
steps__f_steps:fitbit_steps_intraday_rapids_avgdurationsedentarybout_norm:evening,steps,f_steps:fitbit_steps_intraday_rapids_avgdurationsedentarybout_norm:evening,f_steps,fitbit_steps_intraday_rapids_avgdurationsedentarybout,norm,evening,0.3848650667126258,42830
steps__f_steps:fitbit_steps_intraday_rapids_stddurationsedentarybout_norm:evening,steps,f_steps:fitbit_steps_intraday_rapids_stddurationsedentarybout_norm:evening,f_steps,fitbit_steps_intraday_rapids_stddurationsedentarybout,norm,evening,0.41044422422336163,41049
steps__f_steps:fitbit_steps_intraday_rapids_countepisodeactivebout_norm:evening,steps,f_steps:fitbit_steps_intraday_rapids_countepisodeactivebout_norm:evening,f_steps,fitbit_steps_intraday_rapids_countepisodeactivebout,norm,evening,0.41009953035460384,41073
steps__f_steps:fitbit_steps_intraday_rapids_sumdurationactivebout_norm:evening,steps,f_steps:fitbit_steps_intraday_rapids_sumdurationactivebout_norm:evening,f_steps,fitbit_steps_intraday_rapids_sumdurationactivebout,norm,evening,0.41009953035460384,41073
steps__f_steps:fitbit_steps_intraday_rapids_maxdurationactivebout_norm:evening,steps,f_steps:fitbit_steps_intraday_rapids_maxdurationactivebout_norm:evening,f_steps,fitbit_steps_intraday_rapids_maxdurationactivebout,norm,evening,0.41009953035460384,41073
steps__f_steps:fitbit_steps_intraday_rapids_mindurationactivebout_norm:evening,steps,f_steps:fitbit_steps_intraday_rapids_mindurationactivebout_norm:evening,f_steps,fitbit_steps_intraday_rapids_mindurationactivebout,norm,evening,0.41009953035460384,41073
steps__f_steps:fitbit_steps_intraday_rapids_avgdurationactivebout_norm:evening,steps,f_steps:fitbit_steps_intraday_rapids_avgdurationactivebout_norm:evening,f_steps,fitbit_steps_intraday_rapids_avgdurationactivebout,norm,evening,0.41009953035460384,41073
steps__f_steps:fitbit_steps_intraday_rapids_stddurationactivebout_norm:evening,steps,f_steps:fitbit_steps_intraday_rapids_stddurationactivebout_norm:evening,f_steps,fitbit_steps_intraday_rapids_stddurationactivebout,norm,evening,0.4150688669625289,40727
steps__f_steps:fitbit_steps_summary_rapids_maxsumsteps:morning,steps,f_steps:fitbit_steps_summary_rapids_maxsumsteps:morning,f_steps,fitbit_steps_summary_rapids_maxsumsteps,raw,morning,1.0,0
steps__f_steps:fitbit_steps_summary_rapids_minsumsteps:morning,steps,f_steps:fitbit_steps_summary_rapids_minsumsteps:morning,f_steps,fitbit_steps_summary_rapids_minsumsteps,raw,morning,1.0,0
steps__f_steps:fitbit_steps_summary_rapids_avgsumsteps:morning,steps,f_steps:fitbit_steps_summary_rapids_avgsumsteps:morning,f_steps,fitbit_steps_summary_rapids_avgsumsteps,raw,morning,1.0,0
steps__f_steps:fitbit_steps_summary_rapids_mediansumsteps:morning,steps,f_steps:fitbit_steps_summary_rapids_mediansumsteps:morning,f_steps,fitbit_steps_summary_rapids_mediansumsteps,raw,morning,1.0,0
steps__f_steps:fitbit_steps_summary_rapids_stdsumsteps:morning,steps,f_steps:fitbit_steps_summary_rapids_stdsumsteps:morning,f_steps,fitbit_steps_summary_rapids_stdsumsteps,raw,morning,1.0,0
steps__f_steps:fitbit_steps_intraday_rapids_sumsteps:morning,steps,f_steps:fitbit_steps_intraday_rapids_sumsteps:morning,f_steps,fitbit_steps_intraday_rapids_sumsteps,raw,morning,0.384893791201689,42828
steps__f_steps:fitbit_steps_intraday_rapids_maxsteps:morning,steps,f_steps:fitbit_steps_intraday_rapids_maxsteps:morning,f_steps,fitbit_steps_intraday_rapids_maxsteps,raw,morning,0.384893791201689,42828
steps__f_steps:fitbit_steps_intraday_rapids_minsteps:morning,steps,f_steps:fitbit_steps_intraday_rapids_minsteps:morning,f_steps,fitbit_steps_intraday_rapids_minsteps,raw,morning,0.384893791201689,42828
steps__f_steps:fitbit_steps_intraday_rapids_avgsteps:morning,steps,f_steps:fitbit_steps_intraday_rapids_avgsteps:morning,f_steps,fitbit_steps_intraday_rapids_avgsteps,raw,morning,0.384893791201689,42828
steps__f_steps:fitbit_steps_intraday_rapids_stdsteps:morning,steps,f_steps:fitbit_steps_intraday_rapids_stdsteps:morning,f_steps,fitbit_steps_intraday_rapids_stdsteps,raw,morning,0.384893791201689,42828
steps__f_steps:fitbit_steps_intraday_rapids_countepisodesedentarybout:morning,steps,f_steps:fitbit_steps_intraday_rapids_countepisodesedentarybout:morning,f_steps,fitbit_steps_intraday_rapids_countepisodesedentarybout,raw,morning,0.384893791201689,42828
steps__f_steps:fitbit_steps_intraday_rapids_sumdurationsedentarybout:morning,steps,f_steps:fitbit_steps_intraday_rapids_sumdurationsedentarybout:morning,f_steps,fitbit_steps_intraday_rapids_sumdurationsedentarybout,raw,morning,0.384893791201689,42828
steps__f_steps:fitbit_steps_intraday_rapids_maxdurationsedentarybout:morning,steps,f_steps:fitbit_steps_intraday_rapids_maxdurationsedentarybout:morning,f_steps,fitbit_steps_intraday_rapids_maxdurationsedentarybout,raw,morning,0.384893791201689,42828
steps__f_steps:fitbit_steps_intraday_rapids_mindurationsedentarybout:morning,steps,f_steps:fitbit_steps_intraday_rapids_mindurationsedentarybout:morning,f_steps,fitbit_steps_intraday_rapids_mindurationsedentarybout,raw,morning,0.384893791201689,42828
steps__f_steps:fitbit_steps_intraday_rapids_avgdurationsedentarybout:morning,steps,f_steps:fitbit_steps_intraday_rapids_avgdurationsedentarybout:morning,f_steps,fitbit_steps_intraday_rapids_avgdurationsedentarybout,raw,morning,0.384893791201689,42828
steps__f_steps:fitbit_steps_intraday_rapids_stddurationsedentarybout:morning,steps,f_steps:fitbit_steps_intraday_rapids_stddurationsedentarybout:morning,f_steps,fitbit_steps_intraday_rapids_stddurationsedentarybout,raw,morning,0.44527266721243197,38624
steps__f_steps:fitbit_steps_intraday_rapids_countepisodeactivebout:morning,steps,f_steps:fitbit_steps_intraday_rapids_countepisodeactivebout:morning,f_steps,fitbit_steps_intraday_rapids_countepisodeactivebout,raw,morning,0.44415241213896905,38702
steps__f_steps:fitbit_steps_intraday_rapids_sumdurationactivebout:morning,steps,f_steps:fitbit_steps_intraday_rapids_sumdurationactivebout:morning,f_steps,fitbit_steps_intraday_rapids_sumdurationactivebout,raw,morning,0.44415241213896905,38702
steps__f_steps:fitbit_steps_intraday_rapids_maxdurationactivebout:morning,steps,f_steps:fitbit_steps_intraday_rapids_maxdurationactivebout:morning,f_steps,fitbit_steps_intraday_rapids_maxdurationactivebout,raw,morning,0.44415241213896905,38702
steps__f_steps:fitbit_steps_intraday_rapids_mindurationactivebout:morning,steps,f_steps:fitbit_steps_intraday_rapids_mindurationactivebout:morning,f_steps,fitbit_steps_intraday_rapids_mindurationactivebout,raw,morning,0.44415241213896905,38702
steps__f_steps:fitbit_steps_intraday_rapids_avgdurationactivebout:morning,steps,f_steps:fitbit_steps_intraday_rapids_avgdurationactivebout:morning,f_steps,fitbit_steps_intraday_rapids_avgdurationactivebout,raw,morning,0.44415241213896905,38702
steps__f_steps:fitbit_steps_intraday_rapids_stddurationactivebout:morning,steps,f_steps:fitbit_steps_intraday_rapids_stddurationactivebout:morning,f_steps,fitbit_steps_intraday_rapids_stddurationactivebout,raw,morning,0.4719146308185043,36769
steps__f_steps:fitbit_steps_summary_rapids_maxsumsteps_dis:morning,steps,f_steps:fitbit_steps_summary_rapids_maxsumsteps_dis:morning,f_steps,fitbit_steps_summary_rapids_maxsumsteps,dis,morning,1.0,0
steps__f_steps:fitbit_steps_summary_rapids_minsumsteps_dis:morning,steps,f_steps:fitbit_steps_summary_rapids_minsumsteps_dis:morning,f_steps,fitbit_steps_summary_rapids_minsumsteps,dis,morning,1.0,0
steps__f_steps:fitbit_steps_summary_rapids_avgsumsteps_dis:morning,steps,f_steps:fitbit_steps_summary_rapids_avgsumsteps_dis:morning,f_steps,fitbit_steps_summary_rapids_avgsumsteps,dis,morning,1.0,0
steps__f_steps:fitbit_steps_summary_rapids_mediansumsteps_dis:morning,steps,f_steps:fitbit_steps_summary_rapids_mediansumsteps_dis:morning,f_steps,fitbit_steps_summary_rapids_mediansumsteps,dis,morning,1.0,0
steps__f_steps:fitbit_steps_summary_rapids_stdsumsteps_dis:morning,steps,f_steps:fitbit_steps_summary_rapids_stdsumsteps_dis:morning,f_steps,fitbit_steps_summary_rapids_stdsumsteps,dis,morning,1.0,0
steps__f_steps:fitbit_steps_intraday_rapids_sumsteps_dis:morning,steps,f_steps:fitbit_steps_intraday_rapids_sumsteps_dis:morning,f_steps,fitbit_steps_intraday_rapids_sumsteps,dis,morning,0.384893791201689,42828
steps__f_steps:fitbit_steps_intraday_rapids_maxsteps_dis:morning,steps,f_steps:fitbit_steps_intraday_rapids_maxsteps_dis:morning,f_steps,fitbit_steps_intraday_rapids_maxsteps,dis,morning,0.384893791201689,42828
steps__f_steps:fitbit_steps_intraday_rapids_minsteps_dis:morning,steps,f_steps:fitbit_steps_intraday_rapids_minsteps_dis:morning,f_steps,fitbit_steps_intraday_rapids_minsteps,dis,morning,0.384893791201689,42828
steps__f_steps:fitbit_steps_intraday_rapids_avgsteps_dis:morning,steps,f_steps:fitbit_steps_intraday_rapids_avgsteps_dis:morning,f_steps,fitbit_steps_intraday_rapids_avgsteps,dis,morning,0.384893791201689,42828
steps__f_steps:fitbit_steps_intraday_rapids_stdsteps_dis:morning,steps,f_steps:fitbit_steps_intraday_rapids_stdsteps_dis:morning,f_steps,fitbit_steps_intraday_rapids_stdsteps,dis,morning,0.384893791201689,42828
steps__f_steps:fitbit_steps_intraday_rapids_countepisodesedentarybout_dis:morning,steps,f_steps:fitbit_steps_intraday_rapids_countepisodesedentarybout_dis:morning,f_steps,fitbit_steps_intraday_rapids_countepisodesedentarybout,dis,morning,0.384893791201689,42828
steps__f_steps:fitbit_steps_intraday_rapids_sumdurationsedentarybout_dis:morning,steps,f_steps:fitbit_steps_intraday_rapids_sumdurationsedentarybout_dis:morning,f_steps,fitbit_steps_intraday_rapids_sumdurationsedentarybout,dis,morning,0.384893791201689,42828
steps__f_steps:fitbit_steps_intraday_rapids_maxdurationsedentarybout_dis:morning,steps,f_steps:fitbit_steps_intraday_rapids_maxdurationsedentarybout_dis:morning,f_steps,fitbit_steps_intraday_rapids_maxdurationsedentarybout,dis,morning,0.384893791201689,42828
steps__f_steps:fitbit_steps_intraday_rapids_mindurationsedentarybout_dis:morning,steps,f_steps:fitbit_steps_intraday_rapids_mindurationsedentarybout_dis:morning,f_steps,fitbit_steps_intraday_rapids_mindurationsedentarybout,dis,morning,0.384893791201689,42828
steps__f_steps:fitbit_steps_intraday_rapids_avgdurationsedentarybout_dis:morning,steps,f_steps:fitbit_steps_intraday_rapids_avgdurationsedentarybout_dis:morning,f_steps,fitbit_steps_intraday_rapids_avgdurationsedentarybout,dis,morning,0.384893791201689,42828
steps__f_steps:fitbit_steps_intraday_rapids_stddurationsedentarybout_dis:morning,steps,f_steps:fitbit_steps_intraday_rapids_stddurationsedentarybout_dis:morning,f_steps,fitbit_steps_intraday_rapids_stddurationsedentarybout,dis,morning,0.44527266721243197,38624
steps__f_steps:fitbit_steps_intraday_rapids_countepisodeactivebout_dis:morning,steps,f_steps:fitbit_steps_intraday_rapids_countepisodeactivebout_dis:morning,f_steps,fitbit_steps_intraday_rapids_countepisodeactivebout,dis,morning,0.44415241213896905,38702
steps__f_steps:fitbit_steps_intraday_rapids_sumdurationactivebout_dis:morning,steps,f_steps:fitbit_steps_intraday_rapids_sumdurationactivebout_dis:morning,f_steps,fitbit_steps_intraday_rapids_sumdurationactivebout,dis,morning,0.44415241213896905,38702
steps__f_steps:fitbit_steps_intraday_rapids_maxdurationactivebout_dis:morning,steps,f_steps:fitbit_steps_intraday_rapids_maxdurationactivebout_dis:morning,f_steps,fitbit_steps_intraday_rapids_maxdurationactivebout,dis,morning,0.44415241213896905,38702
steps__f_steps:fitbit_steps_intraday_rapids_mindurationactivebout_dis:morning,steps,f_steps:fitbit_steps_intraday_rapids_mindurationactivebout_dis:morning,f_steps,fitbit_steps_intraday_rapids_mindurationactivebout,dis,morning,0.44415241213896905,38702
steps__f_steps:fitbit_steps_intraday_rapids_avgdurationactivebout_dis:morning,steps,f_steps:fitbit_steps_intraday_rapids_avgdurationactivebout_dis:morning,f_steps,fitbit_steps_intraday_rapids_avgdurationactivebout,dis,morning,0.44415241213896905,38702
steps__f_steps:fitbit_steps_intraday_rapids_stddurationactivebout_dis:morning,steps,f_steps:fitbit_steps_intraday_rapids_stddurationactivebout_dis:morning,f_steps,fitbit_steps_intraday_rapids_stddurationactivebout,dis,morning,0.4719146308185043,36769
steps__f_steps:fitbit_steps_summary_rapids_maxsumsteps_norm:morning,steps,f_steps:fitbit_steps_summary_rapids_maxsumsteps_norm:morning,f_steps,fitbit_steps_summary_rapids_maxsumsteps,norm,morning,1.0,0
steps__f_steps:fitbit_steps_summary_rapids_minsumsteps_norm:morning,steps,f_steps:fitbit_steps_summary_rapids_minsumsteps_norm:morning,f_steps,fitbit_steps_summary_rapids_minsumsteps,norm,morning,1.0,0
steps__f_steps:fitbit_steps_summary_rapids_avgsumsteps_norm:morning,steps,f_steps:fitbit_steps_summary_rapids_avgsumsteps_norm:morning,f_steps,fitbit_steps_summary_rapids_avgsumsteps,norm,morning,1.0,0
steps__f_steps:fitbit_steps_summary_rapids_mediansumsteps_norm:morning,steps,f_steps:fitbit_steps_summary_rapids_mediansumsteps_norm:morning,f_steps,fitbit_steps_summary_rapids_mediansumsteps,norm,morning,1.0,0
steps__f_steps:fitbit_steps_summary_rapids_stdsumsteps_norm:morning,steps,f_steps:fitbit_steps_summary_rapids_stdsumsteps_norm:morning,f_steps,fitbit_steps_summary_rapids_stdsumsteps,norm,morning,1.0,0
steps__f_steps:fitbit_steps_intraday_rapids_sumsteps_norm:morning,steps,f_steps:fitbit_steps_intraday_rapids_sumsteps_norm:morning,f_steps,fitbit_steps_intraday_rapids_sumsteps,norm,morning,0.384893791201689,42828
steps__f_steps:fitbit_steps_intraday_rapids_maxsteps_norm:morning,steps,f_steps:fitbit_steps_intraday_rapids_maxsteps_norm:morning,f_steps,fitbit_steps_intraday_rapids_maxsteps,norm,morning,0.384893791201689,42828
steps__f_steps:fitbit_steps_intraday_rapids_minsteps_norm:morning,steps,f_steps:fitbit_steps_intraday_rapids_minsteps_norm:morning,f_steps,fitbit_steps_intraday_rapids_minsteps,norm,morning,0.384893791201689,42828
steps__f_steps:fitbit_steps_intraday_rapids_avgsteps_norm:morning,steps,f_steps:fitbit_steps_intraday_rapids_avgsteps_norm:morning,f_steps,fitbit_steps_intraday_rapids_avgsteps,norm,morning,0.384893791201689,42828
steps__f_steps:fitbit_steps_intraday_rapids_stdsteps_norm:morning,steps,f_steps:fitbit_steps_intraday_rapids_stdsteps_norm:morning,f_steps,fitbit_steps_intraday_rapids_stdsteps,norm,morning,0.384893791201689,42828
steps__f_steps:fitbit_steps_intraday_rapids_countepisodesedentarybout_norm:morning,steps,f_steps:fitbit_steps_intraday_rapids_countepisodesedentarybout_norm:morning,f_steps,fitbit_steps_intraday_rapids_countepisodesedentarybout,norm,morning,0.384893791201689,42828
steps__f_steps:fitbit_steps_intraday_rapids_sumdurationsedentarybout_norm:morning,steps,f_steps:fitbit_steps_intraday_rapids_sumdurationsedentarybout_norm:morning,f_steps,fitbit_steps_intraday_rapids_sumdurationsedentarybout,norm,morning,0.384893791201689,42828
steps__f_steps:fitbit_steps_intraday_rapids_maxdurationsedentarybout_norm:morning,steps,f_steps:fitbit_steps_intraday_rapids_maxdurationsedentarybout_norm:morning,f_steps,fitbit_steps_intraday_rapids_maxdurationsedentarybout,norm,morning,0.384893791201689,42828
steps__f_steps:fitbit_steps_intraday_rapids_mindurationsedentarybout_norm:morning,steps,f_steps:fitbit_steps_intraday_rapids_mindurationsedentarybout_norm:morning,f_steps,fitbit_steps_intraday_rapids_mindurationsedentarybout,norm,morning,0.384893791201689,42828
steps__f_steps:fitbit_steps_intraday_rapids_avgdurationsedentarybout_norm:morning,steps,f_steps:fitbit_steps_intraday_rapids_avgdurationsedentarybout_norm:morning,f_steps,fitbit_steps_intraday_rapids_avgdurationsedentarybout,norm,morning,0.384893791201689,42828
steps__f_steps:fitbit_steps_intraday_rapids_stddurationsedentarybout_norm:morning,steps,f_steps:fitbit_steps_intraday_rapids_stddurationsedentarybout_norm:morning,f_steps,fitbit_steps_intraday_rapids_stddurationsedentarybout,norm,morning,0.44527266721243197,38624
steps__f_steps:fitbit_steps_intraday_rapids_countepisodeactivebout_norm:morning,steps,f_steps:fitbit_steps_intraday_rapids_countepisodeactivebout_norm:morning,f_steps,fitbit_steps_intraday_rapids_countepisodeactivebout,norm,morning,0.44415241213896905,38702
steps__f_steps:fitbit_steps_intraday_rapids_sumdurationactivebout_norm:morning,steps,f_steps:fitbit_steps_intraday_rapids_sumdurationactivebout_norm:morning,f_steps,fitbit_steps_intraday_rapids_sumdurationactivebout,norm,morning,0.44415241213896905,38702
steps__f_steps:fitbit_steps_intraday_rapids_maxdurationactivebout_norm:morning,steps,f_steps:fitbit_steps_intraday_rapids_maxdurationactivebout_norm:morning,f_steps,fitbit_steps_intraday_rapids_maxdurationactivebout,norm,morning,0.44415241213896905,38702
steps__f_steps:fitbit_steps_intraday_rapids_mindurationactivebout_norm:morning,steps,f_steps:fitbit_steps_intraday_rapids_mindurationactivebout_norm:morning,f_steps,fitbit_steps_intraday_rapids_mindurationactivebout,norm,morning,0.44415241213896905,38702
steps__f_steps:fitbit_steps_intraday_rapids_avgdurationactivebout_norm:morning,steps,f_steps:fitbit_steps_intraday_rapids_avgdurationactivebout_norm:morning,f_steps,fitbit_steps_intraday_rapids_avgdurationactivebout,norm,morning,0.44415241213896905,38702
steps__f_steps:fitbit_steps_intraday_rapids_stddurationactivebout_norm:morning,steps,f_steps:fitbit_steps_intraday_rapids_stddurationactivebout_norm:morning,f_steps,fitbit_steps_intraday_rapids_stddurationactivebout,norm,morning,0.4719146308185043,36769
steps__f_steps:fitbit_steps_summary_rapids_maxsumsteps:night,steps,f_steps:fitbit_steps_summary_rapids_maxsumsteps:night,f_steps,fitbit_steps_summary_rapids_maxsumsteps,raw,night,1.0,0
steps__f_steps:fitbit_steps_summary_rapids_minsumsteps:night,steps,f_steps:fitbit_steps_summary_rapids_minsumsteps:night,f_steps,fitbit_steps_summary_rapids_minsumsteps,raw,night,1.0,0
steps__f_steps:fitbit_steps_summary_rapids_avgsumsteps:night,steps,f_steps:fitbit_steps_summary_rapids_avgsumsteps:night,f_steps,fitbit_steps_summary_rapids_avgsumsteps,raw,night,1.0,0
steps__f_steps:fitbit_steps_summary_rapids_mediansumsteps:night,steps,f_steps:fitbit_steps_summary_rapids_mediansumsteps:night,f_steps,fitbit_steps_summary_rapids_mediansumsteps,raw,night,1.0,0
steps__f_steps:fitbit_steps_summary_rapids_stdsumsteps:night,steps,f_steps:fitbit_steps_summary_rapids_stdsumsteps:night,f_steps,fitbit_steps_summary_rapids_stdsumsteps,raw,night,1.0,0
steps__f_steps:fitbit_steps_intraday_rapids_sumsteps:night,steps,f_steps:fitbit_steps_intraday_rapids_sumsteps:night,f_steps,fitbit_steps_intraday_rapids_sumsteps,raw,night,0.3848363422235627,42832
steps__f_steps:fitbit_steps_intraday_rapids_maxsteps:night,steps,f_steps:fitbit_steps_intraday_rapids_maxsteps:night,f_steps,fitbit_steps_intraday_rapids_maxsteps,raw,night,0.3848363422235627,42832
steps__f_steps:fitbit_steps_intraday_rapids_minsteps:night,steps,f_steps:fitbit_steps_intraday_rapids_minsteps:night,f_steps,fitbit_steps_intraday_rapids_minsteps,raw,night,0.3848363422235627,42832
steps__f_steps:fitbit_steps_intraday_rapids_avgsteps:night,steps,f_steps:fitbit_steps_intraday_rapids_avgsteps:night,f_steps,fitbit_steps_intraday_rapids_avgsteps,raw,night,0.3848363422235627,42832
steps__f_steps:fitbit_steps_intraday_rapids_stdsteps:night,steps,f_steps:fitbit_steps_intraday_rapids_stdsteps:night,f_steps,fitbit_steps_intraday_rapids_stdsteps,raw,night,0.384893791201689,42828
steps__f_steps:fitbit_steps_intraday_rapids_countepisodesedentarybout:night,steps,f_steps:fitbit_steps_intraday_rapids_countepisodesedentarybout:night,f_steps,fitbit_steps_intraday_rapids_countepisodesedentarybout,raw,night,0.38487942895715743,42829
steps__f_steps:fitbit_steps_intraday_rapids_sumdurationsedentarybout:night,steps,f_steps:fitbit_steps_intraday_rapids_sumdurationsedentarybout:night,f_steps,fitbit_steps_intraday_rapids_sumdurationsedentarybout,raw,night,0.38487942895715743,42829
steps__f_steps:fitbit_steps_intraday_rapids_maxdurationsedentarybout:night,steps,f_steps:fitbit_steps_intraday_rapids_maxdurationsedentarybout:night,f_steps,fitbit_steps_intraday_rapids_maxdurationsedentarybout,raw,night,0.38487942895715743,42829
steps__f_steps:fitbit_steps_intraday_rapids_mindurationsedentarybout:night,steps,f_steps:fitbit_steps_intraday_rapids_mindurationsedentarybout:night,f_steps,fitbit_steps_intraday_rapids_mindurationsedentarybout,raw,night,0.38487942895715743,42829
steps__f_steps:fitbit_steps_intraday_rapids_avgdurationsedentarybout:night,steps,f_steps:fitbit_steps_intraday_rapids_avgdurationsedentarybout:night,f_steps,fitbit_steps_intraday_rapids_avgdurationsedentarybout,raw,night,0.38487942895715743,42829
steps__f_steps:fitbit_steps_intraday_rapids_stddurationsedentarybout:night,steps,f_steps:fitbit_steps_intraday_rapids_stddurationsedentarybout:night,f_steps,fitbit_steps_intraday_rapids_stddurationsedentarybout,raw,night,0.5324084047854999,32557
steps__f_steps:fitbit_steps_intraday_rapids_countepisodeactivebout:night,steps,f_steps:fitbit_steps_intraday_rapids_countepisodeactivebout:night,f_steps,fitbit_steps_intraday_rapids_countepisodeactivebout,raw,night,0.5291338130323007,32785
steps__f_steps:fitbit_steps_intraday_rapids_sumdurationactivebout:night,steps,f_steps:fitbit_steps_intraday_rapids_sumdurationactivebout:night,f_steps,fitbit_steps_intraday_rapids_sumdurationactivebout,raw,night,0.5291338130323007,32785
steps__f_steps:fitbit_steps_intraday_rapids_maxdurationactivebout:night,steps,f_steps:fitbit_steps_intraday_rapids_maxdurationactivebout:night,f_steps,fitbit_steps_intraday_rapids_maxdurationactivebout,raw,night,0.5291338130323007,32785
steps__f_steps:fitbit_steps_intraday_rapids_mindurationactivebout:night,steps,f_steps:fitbit_steps_intraday_rapids_mindurationactivebout:night,f_steps,fitbit_steps_intraday_rapids_mindurationactivebout,raw,night,0.5291338130323007,32785
steps__f_steps:fitbit_steps_intraday_rapids_avgdurationactivebout:night,steps,f_steps:fitbit_steps_intraday_rapids_avgdurationactivebout:night,f_steps,fitbit_steps_intraday_rapids_avgdurationactivebout,raw,night,0.5291338130323007,32785
steps__f_steps:fitbit_steps_intraday_rapids_stddurationactivebout:night,steps,f_steps:fitbit_steps_intraday_rapids_stddurationactivebout:night,f_steps,fitbit_steps_intraday_rapids_stddurationactivebout,raw,night,0.6023381734097405,27688
steps__f_steps:fitbit_steps_summary_rapids_maxsumsteps_dis:night,steps,f_steps:fitbit_steps_summary_rapids_maxsumsteps_dis:night,f_steps,fitbit_steps_summary_rapids_maxsumsteps,dis,night,1.0,0
steps__f_steps:fitbit_steps_summary_rapids_minsumsteps_dis:night,steps,f_steps:fitbit_steps_summary_rapids_minsumsteps_dis:night,f_steps,fitbit_steps_summary_rapids_minsumsteps,dis,night,1.0,0
steps__f_steps:fitbit_steps_summary_rapids_avgsumsteps_dis:night,steps,f_steps:fitbit_steps_summary_rapids_avgsumsteps_dis:night,f_steps,fitbit_steps_summary_rapids_avgsumsteps,dis,night,1.0,0
steps__f_steps:fitbit_steps_summary_rapids_mediansumsteps_dis:night,steps,f_steps:fitbit_steps_summary_rapids_mediansumsteps_dis:night,f_steps,fitbit_steps_summary_rapids_mediansumsteps,dis,night,1.0,0
steps__f_steps:fitbit_steps_summary_rapids_stdsumsteps_dis:night,steps,f_steps:fitbit_steps_summary_rapids_stdsumsteps_dis:night,f_steps,fitbit_steps_summary_rapids_stdsumsteps,dis,night,1.0,0
steps__f_steps:fitbit_steps_intraday_rapids_sumsteps_dis:night,steps,f_steps:fitbit_steps_intraday_rapids_sumsteps_dis:night,f_steps,fitbit_steps_intraday_rapids_sumsteps,dis,night,0.3848363422235627,42832
steps__f_steps:fitbit_steps_intraday_rapids_maxsteps_dis:night,steps,f_steps:fitbit_steps_intraday_rapids_maxsteps_dis:night,f_steps,fitbit_steps_intraday_rapids_maxsteps,dis,night,0.3848363422235627,42832
steps__f_steps:fitbit_steps_intraday_rapids_minsteps_dis:night,steps,f_steps:fitbit_steps_intraday_rapids_minsteps_dis:night,f_steps,fitbit_steps_intraday_rapids_minsteps,dis,night,0.3848363422235627,42832
steps__f_steps:fitbit_steps_intraday_rapids_avgsteps_dis:night,steps,f_steps:fitbit_steps_intraday_rapids_avgsteps_dis:night,f_steps,fitbit_steps_intraday_rapids_avgsteps,dis,night,0.3848363422235627,42832
steps__f_steps:fitbit_steps_intraday_rapids_stdsteps_dis:night,steps,f_steps:fitbit_steps_intraday_rapids_stdsteps_dis:night,f_steps,fitbit_steps_intraday_rapids_stdsteps,dis,night,0.384893791201689,42828
steps__f_steps:fitbit_steps_intraday_rapids_countepisodesedentarybout_dis:night,steps,f_steps:fitbit_steps_intraday_rapids_countepisodesedentarybout_dis:night,f_steps,fitbit_steps_intraday_rapids_countepisodesedentarybout,dis,night,0.38487942895715743,42829
steps__f_steps:fitbit_steps_intraday_rapids_sumdurationsedentarybout_dis:night,steps,f_steps:fitbit_steps_intraday_rapids_sumdurationsedentarybout_dis:night,f_steps,fitbit_steps_intraday_rapids_sumdurationsedentarybout,dis,night,0.38487942895715743,42829
steps__f_steps:fitbit_steps_intraday_rapids_maxdurationsedentarybout_dis:night,steps,f_steps:fitbit_steps_intraday_rapids_maxdurationsedentarybout_dis:night,f_steps,fitbit_steps_intraday_rapids_maxdurationsedentarybout,dis,night,0.38487942895715743,42829
steps__f_steps:fitbit_steps_intraday_rapids_mindurationsedentarybout_dis:night,steps,f_steps:fitbit_steps_intraday_rapids_mindurationsedentarybout_dis:night,f_steps,fitbit_steps_intraday_rapids_mindurationsedentarybout,dis,night,0.38487942895715743,42829
steps__f_steps:fitbit_steps_intraday_rapids_avgdurationsedentarybout_dis:night,steps,f_steps:fitbit_steps_intraday_rapids_avgdurationsedentarybout_dis:night,f_steps,fitbit_steps_intraday_rapids_avgdurationsedentarybout,dis,night,0.38487942895715743,42829
steps__f_steps:fitbit_steps_intraday_rapids_stddurationsedentarybout_dis:night,steps,f_steps:fitbit_steps_intraday_rapids_stddurationsedentarybout_dis:night,f_steps,fitbit_steps_intraday_rapids_stddurationsedentarybout,dis,night,0.5324084047854999,32557
steps__f_steps:fitbit_steps_intraday_rapids_countepisodeactivebout_dis:night,steps,f_steps:fitbit_steps_intraday_rapids_countepisodeactivebout_dis:night,f_steps,fitbit_steps_intraday_rapids_countepisodeactivebout,dis,night,0.5291338130323007,32785
steps__f_steps:fitbit_steps_intraday_rapids_sumdurationactivebout_dis:night,steps,f_steps:fitbit_steps_intraday_rapids_sumdurationactivebout_dis:night,f_steps,fitbit_steps_intraday_rapids_sumdurationactivebout,dis,night,0.5291338130323007,32785
steps__f_steps:fitbit_steps_intraday_rapids_maxdurationactivebout_dis:night,steps,f_steps:fitbit_steps_intraday_rapids_maxdurationactivebout_dis:night,f_steps,fitbit_steps_intraday_rapids_maxdurationactivebout,dis,night,0.5291338130323007,32785
steps__f_steps:fitbit_steps_intraday_rapids_mindurationactivebout_dis:night,steps,f_steps:fitbit_steps_intraday_rapids_mindurationactivebout_dis:night,f_steps,fitbit_steps_intraday_rapids_mindurationactivebout,dis,night,0.5291338130323007,32785
steps__f_steps:fitbit_steps_intraday_rapids_avgdurationactivebout_dis:night,steps,f_steps:fitbit_steps_intraday_rapids_avgdurationactivebout_dis:night,f_steps,fitbit_steps_intraday_rapids_avgdurationactivebout,dis,night,0.5291338130323007,32785
steps__f_steps:fitbit_steps_intraday_rapids_stddurationactivebout_dis:night,steps,f_steps:fitbit_steps_intraday_rapids_stddurationactivebout_dis:night,f_steps,fitbit_steps_intraday_rapids_stddurationactivebout,dis,night,0.6023381734097405,27688
steps__f_steps:fitbit_steps_summary_rapids_maxsumsteps_norm:night,steps,f_steps:fitbit_steps_summary_rapids_maxsumsteps_norm:night,f_steps,fitbit_steps_summary_rapids_maxsumsteps,norm,night,1.0,0
steps__f_steps:fitbit_steps_summary_rapids_minsumsteps_norm:night,steps,f_steps:fitbit_steps_summary_rapids_minsumsteps_norm:night,f_steps,fitbit_steps_summary_rapids_minsumsteps,norm,night,1.0,0
steps__f_steps:fitbit_steps_summary_rapids_avgsumsteps_norm:night,steps,f_steps:fitbit_steps_summary_rapids_avgsumsteps_norm:night,f_steps,fitbit_steps_summary_rapids_avgsumsteps,norm,night,1.0,0
steps__f_steps:fitbit_steps_summary_rapids_mediansumsteps_norm:night,steps,f_steps:fitbit_steps_summary_rapids_mediansumsteps_norm:night,f_steps,fitbit_steps_summary_rapids_mediansumsteps,norm,night,1.0,0
steps__f_steps:fitbit_steps_summary_rapids_stdsumsteps_norm:night,steps,f_steps:fitbit_steps_summary_rapids_stdsumsteps_norm:night,f_steps,fitbit_steps_summary_rapids_stdsumsteps,norm,night,1.0,0
steps__f_steps:fitbit_steps_intraday_rapids_sumsteps_norm:night,steps,f_steps:fitbit_steps_intraday_rapids_sumsteps_norm:night,f_steps,fitbit_steps_intraday_rapids_sumsteps,norm,night,0.3848363422235627,42832
steps__f_steps:fitbit_steps_intraday_rapids_maxsteps_norm:night,steps,f_steps:fitbit_steps_intraday_rapids_maxsteps_norm:night,f_steps,fitbit_steps_intraday_rapids_maxsteps,norm,night,0.3848363422235627,42832
steps__f_steps:fitbit_steps_intraday_rapids_minsteps_norm:night,steps,f_steps:fitbit_steps_intraday_rapids_minsteps_norm:night,f_steps,fitbit_steps_intraday_rapids_minsteps,norm,night,0.3848363422235627,42832
steps__f_steps:fitbit_steps_intraday_rapids_avgsteps_norm:night,steps,f_steps:fitbit_steps_intraday_rapids_avgsteps_norm:night,f_steps,fitbit_steps_intraday_rapids_avgsteps,norm,night,0.3848363422235627,42832
steps__f_steps:fitbit_steps_intraday_rapids_stdsteps_norm:night,steps,f_steps:fitbit_steps_intraday_rapids_stdsteps_norm:night,f_steps,fitbit_steps_intraday_rapids_stdsteps,norm,night,0.384893791201689,42828
steps__f_steps:fitbit_steps_intraday_rapids_countepisodesedentarybout_norm:night,steps,f_steps:fitbit_steps_intraday_rapids_countepisodesedentarybout_norm:night,f_steps,fitbit_steps_intraday_rapids_countepisodesedentarybout,norm,night,0.38487942895715743,42829
steps__f_steps:fitbit_steps_intraday_rapids_sumdurationsedentarybout_norm:night,steps,f_steps:fitbit_steps_intraday_rapids_sumdurationsedentarybout_norm:night,f_steps,fitbit_steps_intraday_rapids_sumdurationsedentarybout,norm,night,0.38487942895715743,42829
steps__f_steps:fitbit_steps_intraday_rapids_maxdurationsedentarybout_norm:night,steps,f_steps:fitbit_steps_intraday_rapids_maxdurationsedentarybout_norm:night,f_steps,fitbit_steps_intraday_rapids_maxdurationsedentarybout,norm,night,0.38487942895715743,42829
steps__f_steps:fitbit_steps_intraday_rapids_mindurationsedentarybout_norm:night,steps,f_steps:fitbit_steps_intraday_rapids_mindurationsedentarybout_norm:night,f_steps,fitbit_steps_intraday_rapids_mindurationsedentarybout,norm,night,0.38487942895715743,42829
steps__f_steps:fitbit_steps_intraday_rapids_avgdurationsedentarybout_norm:night,steps,f_steps:fitbit_steps_intraday_rapids_avgdurationsedentarybout_norm:night,f_steps,fitbit_steps_intraday_rapids_avgdurationsedentarybout,norm,night,0.38487942895715743,42829
steps__f_steps:fitbit_steps_intraday_rapids_stddurationsedentarybout_norm:night,steps,f_steps:fitbit_steps_intraday_rapids_stddurationsedentarybout_norm:night,f_steps,fitbit_steps_intraday_rapids_stddurationsedentarybout,norm,night,0.5324084047854999,32557
steps__f_steps:fitbit_steps_intraday_rapids_countepisodeactivebout_norm:night,steps,f_steps:fitbit_steps_intraday_rapids_countepisodeactivebout_norm:night,f_steps,fitbit_steps_intraday_rapids_countepisodeactivebout,norm,night,0.5291338130323007,32785
steps__f_steps:fitbit_steps_intraday_rapids_sumdurationactivebout_norm:night,steps,f_steps:fitbit_steps_intraday_rapids_sumdurationactivebout_norm:night,f_steps,fitbit_steps_intraday_rapids_sumdurationactivebout,norm,night,0.5291338130323007,32785
steps__f_steps:fitbit_steps_intraday_rapids_maxdurationactivebout_norm:night,steps,f_steps:fitbit_steps_intraday_rapids_maxdurationactivebout_norm:night,f_steps,fitbit_steps_intraday_rapids_maxdurationactivebout,norm,night,0.5291338130323007,32785
steps__f_steps:fitbit_steps_intraday_rapids_mindurationactivebout_norm:night,steps,f_steps:fitbit_steps_intraday_rapids_mindurationactivebout_norm:night,f_steps,fitbit_steps_intraday_rapids_mindurationactivebout,norm,night,0.5291338130323007,32785
steps__f_steps:fitbit_steps_intraday_rapids_avgdurationactivebout_norm:night,steps,f_steps:fitbit_steps_intraday_rapids_avgdurationactivebout_norm:night,f_steps,fitbit_steps_intraday_rapids_avgdurationactivebout,norm,night,0.5291338130323007,32785
steps__f_steps:fitbit_steps_intraday_rapids_stddurationactivebout_norm:night,steps,f_steps:fitbit_steps_intraday_rapids_stddurationactivebout_norm:night,f_steps,fitbit_steps_intraday_rapids_stddurationactivebout,norm,night,0.6023381734097405,27688
steps__f_steps:fitbit_steps_summary_rapids_maxsumsteps:weekday,steps,f_steps:fitbit_steps_summary_rapids_maxsumsteps:weekday,f_steps,fitbit_steps_summary_rapids_maxsumsteps,raw,weekday,0.9070188289025809,6474
steps__f_steps:fitbit_steps_summary_rapids_minsumsteps:weekday,steps,f_steps:fitbit_steps_summary_rapids_minsumsteps:weekday,f_steps,fitbit_steps_summary_rapids_minsumsteps,raw,weekday,0.9070188289025809,6474
steps__f_steps:fitbit_steps_summary_rapids_avgsumsteps:weekday,steps,f_steps:fitbit_steps_summary_rapids_avgsumsteps:weekday,f_steps,fitbit_steps_summary_rapids_avgsumsteps,raw,weekday,0.9070188289025809,6474
steps__f_steps:fitbit_steps_summary_rapids_mediansumsteps:weekday,steps,f_steps:fitbit_steps_summary_rapids_mediansumsteps:weekday,f_steps,fitbit_steps_summary_rapids_mediansumsteps,raw,weekday,0.9070188289025809,6474
steps__f_steps:fitbit_steps_summary_rapids_stdsumsteps:weekday,steps,f_steps:fitbit_steps_summary_rapids_stdsumsteps:weekday,f_steps,fitbit_steps_summary_rapids_stdsumsteps,raw,weekday,0.9088715584471542,6345
steps__f_steps:fitbit_steps_intraday_rapids_sumsteps:weekday,steps,f_steps:fitbit_steps_intraday_rapids_sumsteps:weekday,f_steps,fitbit_steps_intraday_rapids_sumsteps,raw,weekday,0.9070044666580493,6475
steps__f_steps:fitbit_steps_intraday_rapids_maxsteps:weekday,steps,f_steps:fitbit_steps_intraday_rapids_maxsteps:weekday,f_steps,fitbit_steps_intraday_rapids_maxsteps,raw,weekday,0.9070044666580493,6475
steps__f_steps:fitbit_steps_intraday_rapids_minsteps:weekday,steps,f_steps:fitbit_steps_intraday_rapids_minsteps:weekday,f_steps,fitbit_steps_intraday_rapids_minsteps,raw,weekday,0.9070044666580493,6475
steps__f_steps:fitbit_steps_intraday_rapids_avgsteps:weekday,steps,f_steps:fitbit_steps_intraday_rapids_avgsteps:weekday,f_steps,fitbit_steps_intraday_rapids_avgsteps,raw,weekday,0.9070044666580493,6475
steps__f_steps:fitbit_steps_intraday_rapids_stdsteps:weekday,steps,f_steps:fitbit_steps_intraday_rapids_stdsteps:weekday,f_steps,fitbit_steps_intraday_rapids_stdsteps,raw,weekday,0.9070044666580493,6475
steps__f_steps:fitbit_steps_intraday_rapids_countepisodesedentarybout:weekday,steps,f_steps:fitbit_steps_intraday_rapids_countepisodesedentarybout:weekday,f_steps,fitbit_steps_intraday_rapids_countepisodesedentarybout,raw,weekday,0.9070044666580493,6475
steps__f_steps:fitbit_steps_intraday_rapids_sumdurationsedentarybout:weekday,steps,f_steps:fitbit_steps_intraday_rapids_sumdurationsedentarybout:weekday,f_steps,fitbit_steps_intraday_rapids_sumdurationsedentarybout,raw,weekday,0.9070044666580493,6475
steps__f_steps:fitbit_steps_intraday_rapids_maxdurationsedentarybout:weekday,steps,f_steps:fitbit_steps_intraday_rapids_maxdurationsedentarybout:weekday,f_steps,fitbit_steps_intraday_rapids_maxdurationsedentarybout,raw,weekday,0.9070044666580493,6475
steps__f_steps:fitbit_steps_intraday_rapids_mindurationsedentarybout:weekday,steps,f_steps:fitbit_steps_intraday_rapids_mindurationsedentarybout:weekday,f_steps,fitbit_steps_intraday_rapids_mindurationsedentarybout,raw,weekday,0.9070044666580493,6475
steps__f_steps:fitbit_steps_intraday_rapids_avgdurationsedentarybout:weekday,steps,f_steps:fitbit_steps_intraday_rapids_avgdurationsedentarybout:weekday,f_steps,fitbit_steps_intraday_rapids_avgdurationsedentarybout,raw,weekday,0.9070044666580493,6475
steps__f_steps:fitbit_steps_intraday_rapids_stddurationsedentarybout:weekday,steps,f_steps:fitbit_steps_intraday_rapids_stddurationsedentarybout:weekday,f_steps,fitbit_steps_intraday_rapids_stddurationsedentarybout,raw,weekday,0.9070188289025809,6474
steps__f_steps:fitbit_steps_intraday_rapids_countepisodeactivebout:weekday,steps,f_steps:fitbit_steps_intraday_rapids_countepisodeactivebout:weekday,f_steps,fitbit_steps_intraday_rapids_countepisodeactivebout,raw,weekday,0.9070044666580493,6475
steps__f_steps:fitbit_steps_intraday_rapids_sumdurationactivebout:weekday,steps,f_steps:fitbit_steps_intraday_rapids_sumdurationactivebout:weekday,f_steps,fitbit_steps_intraday_rapids_sumdurationactivebout,raw,weekday,0.9070044666580493,6475
steps__f_steps:fitbit_steps_intraday_rapids_maxdurationactivebout:weekday,steps,f_steps:fitbit_steps_intraday_rapids_maxdurationactivebout:weekday,f_steps,fitbit_steps_intraday_rapids_maxdurationactivebout,raw,weekday,0.9070044666580493,6475
steps__f_steps:fitbit_steps_intraday_rapids_mindurationactivebout:weekday,steps,f_steps:fitbit_steps_intraday_rapids_mindurationactivebout:weekday,f_steps,fitbit_steps_intraday_rapids_mindurationactivebout,raw,weekday,0.9070044666580493,6475
steps__f_steps:fitbit_steps_intraday_rapids_avgdurationactivebout:weekday,steps,f_steps:fitbit_steps_intraday_rapids_avgdurationactivebout:weekday,f_steps,fitbit_steps_intraday_rapids_avgdurationactivebout,raw,weekday,0.9070044666580493,6475
steps__f_steps:fitbit_steps_intraday_rapids_stddurationactivebout:weekday,steps,f_steps:fitbit_steps_intraday_rapids_stddurationactivebout:weekday,f_steps,fitbit_steps_intraday_rapids_stddurationactivebout,raw,weekday,0.9070619156361757,6471
steps__f_steps:fitbit_steps_summary_rapids_maxsumsteps_dis:weekday,steps,f_steps:fitbit_steps_summary_rapids_maxsumsteps_dis:weekday,f_steps,fitbit_steps_summary_rapids_maxsumsteps,dis,weekday,0.9070188289025809,6474
steps__f_steps:fitbit_steps_summary_rapids_minsumsteps_dis:weekday,steps,f_steps:fitbit_steps_summary_rapids_minsumsteps_dis:weekday,f_steps,fitbit_steps_summary_rapids_minsumsteps,dis,weekday,0.9070188289025809,6474
steps__f_steps:fitbit_steps_summary_rapids_avgsumsteps_dis:weekday,steps,f_steps:fitbit_steps_summary_rapids_avgsumsteps_dis:weekday,f_steps,fitbit_steps_summary_rapids_avgsumsteps,dis,weekday,0.9070188289025809,6474
steps__f_steps:fitbit_steps_summary_rapids_mediansumsteps_dis:weekday,steps,f_steps:fitbit_steps_summary_rapids_mediansumsteps_dis:weekday,f_steps,fitbit_steps_summary_rapids_mediansumsteps,dis,weekday,0.9070188289025809,6474
steps__f_steps:fitbit_steps_summary_rapids_stdsumsteps_dis:weekday,steps,f_steps:fitbit_steps_summary_rapids_stdsumsteps_dis:weekday,f_steps,fitbit_steps_summary_rapids_stdsumsteps,dis,weekday,0.9088715584471542,6345
steps__f_steps:fitbit_steps_intraday_rapids_sumsteps_dis:weekday,steps,f_steps:fitbit_steps_intraday_rapids_sumsteps_dis:weekday,f_steps,fitbit_steps_intraday_rapids_sumsteps,dis,weekday,0.9070044666580493,6475
steps__f_steps:fitbit_steps_intraday_rapids_maxsteps_dis:weekday,steps,f_steps:fitbit_steps_intraday_rapids_maxsteps_dis:weekday,f_steps,fitbit_steps_intraday_rapids_maxsteps,dis,weekday,0.9070044666580493,6475
steps__f_steps:fitbit_steps_intraday_rapids_minsteps_dis:weekday,steps,f_steps:fitbit_steps_intraday_rapids_minsteps_dis:weekday,f_steps,fitbit_steps_intraday_rapids_minsteps,dis,weekday,0.9070044666580493,6475
steps__f_steps:fitbit_steps_intraday_rapids_avgsteps_dis:weekday,steps,f_steps:fitbit_steps_intraday_rapids_avgsteps_dis:weekday,f_steps,fitbit_steps_intraday_rapids_avgsteps,dis,weekday,0.9070044666580493,6475
steps__f_steps:fitbit_steps_intraday_rapids_stdsteps_dis:weekday,steps,f_steps:fitbit_steps_intraday_rapids_stdsteps_dis:weekday,f_steps,fitbit_steps_intraday_rapids_stdsteps,dis,weekday,0.9070044666580493,6475
steps__f_steps:fitbit_steps_intraday_rapids_countepisodesedentarybout_dis:weekday,steps,f_steps:fitbit_steps_intraday_rapids_countepisodesedentarybout_dis:weekday,f_steps,fitbit_steps_intraday_rapids_countepisodesedentarybout,dis,weekday,0.9070044666580493,6475
steps__f_steps:fitbit_steps_intraday_rapids_sumdurationsedentarybout_dis:weekday,steps,f_steps:fitbit_steps_intraday_rapids_sumdurationsedentarybout_dis:weekday,f_steps,fitbit_steps_intraday_rapids_sumdurationsedentarybout,dis,weekday,0.9070044666580493,6475
steps__f_steps:fitbit_steps_intraday_rapids_maxdurationsedentarybout_dis:weekday,steps,f_steps:fitbit_steps_intraday_rapids_maxdurationsedentarybout_dis:weekday,f_steps,fitbit_steps_intraday_rapids_maxdurationsedentarybout,dis,weekday,0.9070044666580493,6475
steps__f_steps:fitbit_steps_intraday_rapids_mindurationsedentarybout_dis:weekday,steps,f_steps:fitbit_steps_intraday_rapids_mindurationsedentarybout_dis:weekday,f_steps,fitbit_steps_intraday_rapids_mindurationsedentarybout,dis,weekday,0.9070044666580493,6475
steps__f_steps:fitbit_steps_intraday_rapids_avgdurationsedentarybout_dis:weekday,steps,f_steps:fitbit_steps_intraday_rapids_avgdurationsedentarybout_dis:weekday,f_steps,fitbit_steps_intraday_rapids_avgdurationsedentarybout,dis,weekday,0.9070044666580493,6475
steps__f_steps:fitbit_steps_intraday_rapids_stddurationsedentarybout_dis:weekday,steps,f_steps:fitbit_steps_intraday_rapids_stddurationsedentarybout_dis:weekday,f_steps,fitbit_steps_intraday_rapids_stddurationsedentarybout,dis,weekday,0.9070188289025809,6474
steps__f_steps:fitbit_steps_intraday_rapids_countepisodeactivebout_dis:weekday,steps,f_steps:fitbit_steps_intraday_rapids_countepisodeactivebout_dis:weekday,f_steps,fitbit_steps_intraday_rapids_countepisodeactivebout,dis,weekday,0.9070044666580493,6475
steps__f_steps:fitbit_steps_intraday_rapids_sumdurationactivebout_dis:weekday,steps,f_steps:fitbit_steps_intraday_rapids_sumdurationactivebout_dis:weekday,f_steps,fitbit_steps_intraday_rapids_sumdurationactivebout,dis,weekday,0.9070044666580493,6475
steps__f_steps:fitbit_steps_intraday_rapids_maxdurationactivebout_dis:weekday,steps,f_steps:fitbit_steps_intraday_rapids_maxdurationactivebout_dis:weekday,f_steps,fitbit_steps_intraday_rapids_maxdurationactivebout,dis,weekday,0.9070044666580493,6475
steps__f_steps:fitbit_steps_intraday_rapids_mindurationactivebout_dis:weekday,steps,f_steps:fitbit_steps_intraday_rapids_mindurationactivebout_dis:weekday,f_steps,fitbit_steps_intraday_rapids_mindurationactivebout,dis,weekday,0.9070044666580493,6475
steps__f_steps:fitbit_steps_intraday_rapids_avgdurationactivebout_dis:weekday,steps,f_steps:fitbit_steps_intraday_rapids_avgdurationactivebout_dis:weekday,f_steps,fitbit_steps_intraday_rapids_avgdurationactivebout,dis,weekday,0.9070044666580493,6475
steps__f_steps:fitbit_steps_intraday_rapids_stddurationactivebout_dis:weekday,steps,f_steps:fitbit_steps_intraday_rapids_stddurationactivebout_dis:weekday,f_steps,fitbit_steps_intraday_rapids_stddurationactivebout,dis,weekday,0.9070619156361757,6471
steps__f_steps:fitbit_steps_summary_rapids_maxsumsteps_norm:weekday,steps,f_steps:fitbit_steps_summary_rapids_maxsumsteps_norm:weekday,f_steps,fitbit_steps_summary_rapids_maxsumsteps,norm,weekday,0.9070188289025809,6474
steps__f_steps:fitbit_steps_summary_rapids_minsumsteps_norm:weekday,steps,f_steps:fitbit_steps_summary_rapids_minsumsteps_norm:weekday,f_steps,fitbit_steps_summary_rapids_minsumsteps,norm,weekday,0.9070188289025809,6474
steps__f_steps:fitbit_steps_summary_rapids_avgsumsteps_norm:weekday,steps,f_steps:fitbit_steps_summary_rapids_avgsumsteps_norm:weekday,f_steps,fitbit_steps_summary_rapids_avgsumsteps,norm,weekday,0.9070188289025809,6474
steps__f_steps:fitbit_steps_summary_rapids_mediansumsteps_norm:weekday,steps,f_steps:fitbit_steps_summary_rapids_mediansumsteps_norm:weekday,f_steps,fitbit_steps_summary_rapids_mediansumsteps,norm,weekday,0.9070188289025809,6474
steps__f_steps:fitbit_steps_summary_rapids_stdsumsteps_norm:weekday,steps,f_steps:fitbit_steps_summary_rapids_stdsumsteps_norm:weekday,f_steps,fitbit_steps_summary_rapids_stdsumsteps,norm,weekday,0.9088715584471542,6345
steps__f_steps:fitbit_steps_intraday_rapids_sumsteps_norm:weekday,steps,f_steps:fitbit_steps_intraday_rapids_sumsteps_norm:weekday,f_steps,fitbit_steps_intraday_rapids_sumsteps,norm,weekday,0.9070044666580493,6475
steps__f_steps:fitbit_steps_intraday_rapids_maxsteps_norm:weekday,steps,f_steps:fitbit_steps_intraday_rapids_maxsteps_norm:weekday,f_steps,fitbit_steps_intraday_rapids_maxsteps,norm,weekday,0.9070044666580493,6475
steps__f_steps:fitbit_steps_intraday_rapids_minsteps_norm:weekday,steps,f_steps:fitbit_steps_intraday_rapids_minsteps_norm:weekday,f_steps,fitbit_steps_intraday_rapids_minsteps,norm,weekday,0.9070044666580493,6475
steps__f_steps:fitbit_steps_intraday_rapids_avgsteps_norm:weekday,steps,f_steps:fitbit_steps_intraday_rapids_avgsteps_norm:weekday,f_steps,fitbit_steps_intraday_rapids_avgsteps,norm,weekday,0.9070044666580493,6475
steps__f_steps:fitbit_steps_intraday_rapids_stdsteps_norm:weekday,steps,f_steps:fitbit_steps_intraday_rapids_stdsteps_norm:weekday,f_steps,fitbit_steps_intraday_rapids_stdsteps,norm,weekday,0.9070044666580493,6475
steps__f_steps:fitbit_steps_intraday_rapids_countepisodesedentarybout_norm:weekday,steps,f_steps:fitbit_steps_intraday_rapids_countepisodesedentarybout_norm:weekday,f_steps,fitbit_steps_intraday_rapids_countepisodesedentarybout,norm,weekday,0.9070044666580493,6475
steps__f_steps:fitbit_steps_intraday_rapids_sumdurationsedentarybout_norm:weekday,steps,f_steps:fitbit_steps_intraday_rapids_sumdurationsedentarybout_norm:weekday,f_steps,fitbit_steps_intraday_rapids_sumdurationsedentarybout,norm,weekday,0.9070044666580493,6475
steps__f_steps:fitbit_steps_intraday_rapids_maxdurationsedentarybout_norm:weekday,steps,f_steps:fitbit_steps_intraday_rapids_maxdurationsedentarybout_norm:weekday,f_steps,fitbit_steps_intraday_rapids_maxdurationsedentarybout,norm,weekday,0.9070044666580493,6475
steps__f_steps:fitbit_steps_intraday_rapids_mindurationsedentarybout_norm:weekday,steps,f_steps:fitbit_steps_intraday_rapids_mindurationsedentarybout_norm:weekday,f_steps,fitbit_steps_intraday_rapids_mindurationsedentarybout,norm,weekday,0.9070044666580493,6475
steps__f_steps:fitbit_steps_intraday_rapids_avgdurationsedentarybout_norm:weekday,steps,f_steps:fitbit_steps_intraday_rapids_avgdurationsedentarybout_norm:weekday,f_steps,fitbit_steps_intraday_rapids_avgdurationsedentarybout,norm,weekday,0.9070044666580493,6475
steps__f_steps:fitbit_steps_intraday_rapids_stddurationsedentarybout_norm:weekday,steps,f_steps:fitbit_steps_intraday_rapids_stddurationsedentarybout_norm:weekday,f_steps,fitbit_steps_intraday_rapids_stddurationsedentarybout,norm,weekday,0.9070188289025809,6474
steps__f_steps:fitbit_steps_intraday_rapids_countepisodeactivebout_norm:weekday,steps,f_steps:fitbit_steps_intraday_rapids_countepisodeactivebout_norm:weekday,f_steps,fitbit_steps_intraday_rapids_countepisodeactivebout,norm,weekday,0.9070044666580493,6475
steps__f_steps:fitbit_steps_intraday_rapids_sumdurationactivebout_norm:weekday,steps,f_steps:fitbit_steps_intraday_rapids_sumdurationactivebout_norm:weekday,f_steps,fitbit_steps_intraday_rapids_sumdurationactivebout,norm,weekday,0.9070044666580493,6475
steps__f_steps:fitbit_steps_intraday_rapids_maxdurationactivebout_norm:weekday,steps,f_steps:fitbit_steps_intraday_rapids_maxdurationactivebout_norm:weekday,f_steps,fitbit_steps_intraday_rapids_maxdurationactivebout,norm,weekday,0.9070044666580493,6475
steps__f_steps:fitbit_steps_intraday_rapids_mindurationactivebout_norm:weekday,steps,f_steps:fitbit_steps_intraday_rapids_mindurationactivebout_norm:weekday,f_steps,fitbit_steps_intraday_rapids_mindurationactivebout,norm,weekday,0.9070044666580493,6475
steps__f_steps:fitbit_steps_intraday_rapids_avgdurationactivebout_norm:weekday,steps,f_steps:fitbit_steps_intraday_rapids_avgdurationactivebout_norm:weekday,f_steps,fitbit_steps_intraday_rapids_avgdurationactivebout,norm,weekday,0.9070044666580493,6475
steps__f_steps:fitbit_steps_intraday_rapids_stddurationactivebout_norm:weekday,steps,f_steps:fitbit_steps_intraday_rapids_stddurationactivebout_norm:weekday,f_steps,fitbit_steps_intraday_rapids_stddurationactivebout,norm,weekday,0.9070619156361757,6471
steps__f_steps:fitbit_steps_summary_rapids_maxsumsteps:weekend,steps,f_steps:fitbit_steps_summary_rapids_maxsumsteps:weekend,f_steps,fitbit_steps_summary_rapids_maxsumsteps,raw,weekend,0.9104226808565643,6237
steps__f_steps:fitbit_steps_summary_rapids_minsumsteps:weekend,steps,f_steps:fitbit_steps_summary_rapids_minsumsteps:weekend,f_steps,fitbit_steps_summary_rapids_minsumsteps,raw,weekend,0.9104226808565643,6237
steps__f_steps:fitbit_steps_summary_rapids_avgsumsteps:weekend,steps,f_steps:fitbit_steps_summary_rapids_avgsumsteps:weekend,f_steps,fitbit_steps_summary_rapids_avgsumsteps,raw,weekend,0.9104226808565643,6237
steps__f_steps:fitbit_steps_summary_rapids_mediansumsteps:weekend,steps,f_steps:fitbit_steps_summary_rapids_mediansumsteps:weekend,f_steps,fitbit_steps_summary_rapids_mediansumsteps,raw,weekend,0.9104226808565643,6237
steps__f_steps:fitbit_steps_summary_rapids_stdsumsteps:weekend,steps,f_steps:fitbit_steps_summary_rapids_stdsumsteps:weekend,f_steps,fitbit_steps_summary_rapids_stdsumsteps,raw,weekend,0.9149755123730736,5920
steps__f_steps:fitbit_steps_intraday_rapids_sumsteps:weekend,steps,f_steps:fitbit_steps_intraday_rapids_sumsteps:weekend,f_steps,fitbit_steps_intraday_rapids_sumsteps,raw,weekend,0.910666839013601,6220
steps__f_steps:fitbit_steps_intraday_rapids_maxsteps:weekend,steps,f_steps:fitbit_steps_intraday_rapids_maxsteps:weekend,f_steps,fitbit_steps_intraday_rapids_maxsteps,raw,weekend,0.910666839013601,6220
steps__f_steps:fitbit_steps_intraday_rapids_minsteps:weekend,steps,f_steps:fitbit_steps_intraday_rapids_minsteps:weekend,f_steps,fitbit_steps_intraday_rapids_minsteps,raw,weekend,0.910666839013601,6220
steps__f_steps:fitbit_steps_intraday_rapids_avgsteps:weekend,steps,f_steps:fitbit_steps_intraday_rapids_avgsteps:weekend,f_steps,fitbit_steps_intraday_rapids_avgsteps,raw,weekend,0.910666839013601,6220
steps__f_steps:fitbit_steps_intraday_rapids_stdsteps:weekend,steps,f_steps:fitbit_steps_intraday_rapids_stdsteps:weekend,f_steps,fitbit_steps_intraday_rapids_stdsteps,raw,weekend,0.9107242879917273,6216
steps__f_steps:fitbit_steps_intraday_rapids_countepisodesedentarybout:weekend,steps,f_steps:fitbit_steps_intraday_rapids_countepisodesedentarybout:weekend,f_steps,fitbit_steps_intraday_rapids_countepisodesedentarybout,raw,weekend,0.9107099257471958,6217
steps__f_steps:fitbit_steps_intraday_rapids_sumdurationsedentarybout:weekend,steps,f_steps:fitbit_steps_intraday_rapids_sumdurationsedentarybout:weekend,f_steps,fitbit_steps_intraday_rapids_sumdurationsedentarybout,raw,weekend,0.9107099257471958,6217
steps__f_steps:fitbit_steps_intraday_rapids_maxdurationsedentarybout:weekend,steps,f_steps:fitbit_steps_intraday_rapids_maxdurationsedentarybout:weekend,f_steps,fitbit_steps_intraday_rapids_maxdurationsedentarybout,raw,weekend,0.9107099257471958,6217
steps__f_steps:fitbit_steps_intraday_rapids_mindurationsedentarybout:weekend,steps,f_steps:fitbit_steps_intraday_rapids_mindurationsedentarybout:weekend,f_steps,fitbit_steps_intraday_rapids_mindurationsedentarybout,raw,weekend,0.9107099257471958,6217
steps__f_steps:fitbit_steps_intraday_rapids_avgdurationsedentarybout:weekend,steps,f_steps:fitbit_steps_intraday_rapids_avgdurationsedentarybout:weekend,f_steps,fitbit_steps_intraday_rapids_avgdurationsedentarybout,raw,weekend,0.9107099257471958,6217
steps__f_steps:fitbit_steps_intraday_rapids_stddurationsedentarybout:weekend,steps,f_steps:fitbit_steps_intraday_rapids_stddurationsedentarybout:weekend,f_steps,fitbit_steps_intraday_rapids_stddurationsedentarybout,raw,weekend,0.9107386502362589,6215
steps__f_steps:fitbit_steps_intraday_rapids_countepisodeactivebout:weekend,steps,f_steps:fitbit_steps_intraday_rapids_countepisodeactivebout:weekend,f_steps,fitbit_steps_intraday_rapids_countepisodeactivebout,raw,weekend,0.9106955635026642,6218
steps__f_steps:fitbit_steps_intraday_rapids_sumdurationactivebout:weekend,steps,f_steps:fitbit_steps_intraday_rapids_sumdurationactivebout:weekend,f_steps,fitbit_steps_intraday_rapids_sumdurationactivebout,raw,weekend,0.9106955635026642,6218
steps__f_steps:fitbit_steps_intraday_rapids_maxdurationactivebout:weekend,steps,f_steps:fitbit_steps_intraday_rapids_maxdurationactivebout:weekend,f_steps,fitbit_steps_intraday_rapids_maxdurationactivebout,raw,weekend,0.9106955635026642,6218
steps__f_steps:fitbit_steps_intraday_rapids_mindurationactivebout:weekend,steps,f_steps:fitbit_steps_intraday_rapids_mindurationactivebout:weekend,f_steps,fitbit_steps_intraday_rapids_mindurationactivebout,raw,weekend,0.9106955635026642,6218
steps__f_steps:fitbit_steps_intraday_rapids_avgdurationactivebout:weekend,steps,f_steps:fitbit_steps_intraday_rapids_avgdurationactivebout:weekend,f_steps,fitbit_steps_intraday_rapids_avgdurationactivebout,raw,weekend,0.9106955635026642,6218
steps__f_steps:fitbit_steps_intraday_rapids_stddurationactivebout:weekend,steps,f_steps:fitbit_steps_intraday_rapids_stddurationactivebout:weekend,f_steps,fitbit_steps_intraday_rapids_stddurationactivebout,raw,weekend,0.9107960992143852,6211
steps__f_steps:fitbit_steps_summary_rapids_maxsumsteps_dis:weekend,steps,f_steps:fitbit_steps_summary_rapids_maxsumsteps_dis:weekend,f_steps,fitbit_steps_summary_rapids_maxsumsteps,dis,weekend,0.9104226808565643,6237
steps__f_steps:fitbit_steps_summary_rapids_minsumsteps_dis:weekend,steps,f_steps:fitbit_steps_summary_rapids_minsumsteps_dis:weekend,f_steps,fitbit_steps_summary_rapids_minsumsteps,dis,weekend,0.9104226808565643,6237
steps__f_steps:fitbit_steps_summary_rapids_avgsumsteps_dis:weekend,steps,f_steps:fitbit_steps_summary_rapids_avgsumsteps_dis:weekend,f_steps,fitbit_steps_summary_rapids_avgsumsteps,dis,weekend,0.9104226808565643,6237
steps__f_steps:fitbit_steps_summary_rapids_mediansumsteps_dis:weekend,steps,f_steps:fitbit_steps_summary_rapids_mediansumsteps_dis:weekend,f_steps,fitbit_steps_summary_rapids_mediansumsteps,dis,weekend,0.9104226808565643,6237
steps__f_steps:fitbit_steps_summary_rapids_stdsumsteps_dis:weekend,steps,f_steps:fitbit_steps_summary_rapids_stdsumsteps_dis:weekend,f_steps,fitbit_steps_summary_rapids_stdsumsteps,dis,weekend,0.9149755123730736,5920
steps__f_steps:fitbit_steps_intraday_rapids_sumsteps_dis:weekend,steps,f_steps:fitbit_steps_intraday_rapids_sumsteps_dis:weekend,f_steps,fitbit_steps_intraday_rapids_sumsteps,dis,weekend,0.910666839013601,6220
steps__f_steps:fitbit_steps_intraday_rapids_maxsteps_dis:weekend,steps,f_steps:fitbit_steps_intraday_rapids_maxsteps_dis:weekend,f_steps,fitbit_steps_intraday_rapids_maxsteps,dis,weekend,0.910666839013601,6220
steps__f_steps:fitbit_steps_intraday_rapids_minsteps_dis:weekend,steps,f_steps:fitbit_steps_intraday_rapids_minsteps_dis:weekend,f_steps,fitbit_steps_intraday_rapids_minsteps,dis,weekend,0.910666839013601,6220
steps__f_steps:fitbit_steps_intraday_rapids_avgsteps_dis:weekend,steps,f_steps:fitbit_steps_intraday_rapids_avgsteps_dis:weekend,f_steps,fitbit_steps_intraday_rapids_avgsteps,dis,weekend,0.910666839013601,6220
steps__f_steps:fitbit_steps_intraday_rapids_stdsteps_dis:weekend,steps,f_steps:fitbit_steps_intraday_rapids_stdsteps_dis:weekend,f_steps,fitbit_steps_intraday_rapids_stdsteps,dis,weekend,0.9107242879917273,6216
steps__f_steps:fitbit_steps_intraday_rapids_countepisodesedentarybout_dis:weekend,steps,f_steps:fitbit_steps_intraday_rapids_countepisodesedentarybout_dis:weekend,f_steps,fitbit_steps_intraday_rapids_countepisodesedentarybout,dis,weekend,0.9107099257471958,6217
steps__f_steps:fitbit_steps_intraday_rapids_sumdurationsedentarybout_dis:weekend,steps,f_steps:fitbit_steps_intraday_rapids_sumdurationsedentarybout_dis:weekend,f_steps,fitbit_steps_intraday_rapids_sumdurationsedentarybout,dis,weekend,0.9107099257471958,6217
steps__f_steps:fitbit_steps_intraday_rapids_maxdurationsedentarybout_dis:weekend,steps,f_steps:fitbit_steps_intraday_rapids_maxdurationsedentarybout_dis:weekend,f_steps,fitbit_steps_intraday_rapids_maxdurationsedentarybout,dis,weekend,0.9107099257471958,6217
steps__f_steps:fitbit_steps_intraday_rapids_mindurationsedentarybout_dis:weekend,steps,f_steps:fitbit_steps_intraday_rapids_mindurationsedentarybout_dis:weekend,f_steps,fitbit_steps_intraday_rapids_mindurationsedentarybout,dis,weekend,0.9107099257471958,6217
steps__f_steps:fitbit_steps_intraday_rapids_avgdurationsedentarybout_dis:weekend,steps,f_steps:fitbit_steps_intraday_rapids_avgdurationsedentarybout_dis:weekend,f_steps,fitbit_steps_intraday_rapids_avgdurationsedentarybout,dis,weekend,0.9107099257471958,6217
steps__f_steps:fitbit_steps_intraday_rapids_stddurationsedentarybout_dis:weekend,steps,f_steps:fitbit_steps_intraday_rapids_stddurationsedentarybout_dis:weekend,f_steps,fitbit_steps_intraday_rapids_stddurationsedentarybout,dis,weekend,0.9107386502362589,6215
steps__f_steps:fitbit_steps_intraday_rapids_countepisodeactivebout_dis:weekend,steps,f_steps:fitbit_steps_intraday_rapids_countepisodeactivebout_dis:weekend,f_steps,fitbit_steps_intraday_rapids_countepisodeactivebout,dis,weekend,0.9106955635026642,6218
steps__f_steps:fitbit_steps_intraday_rapids_sumdurationactivebout_dis:weekend,steps,f_steps:fitbit_steps_intraday_rapids_sumdurationactivebout_dis:weekend,f_steps,fitbit_steps_intraday_rapids_sumdurationactivebout,dis,weekend,0.9106955635026642,6218
steps__f_steps:fitbit_steps_intraday_rapids_maxdurationactivebout_dis:weekend,steps,f_steps:fitbit_steps_intraday_rapids_maxdurationactivebout_dis:weekend,f_steps,fitbit_steps_intraday_rapids_maxdurationactivebout,dis,weekend,0.9106955635026642,6218
steps__f_steps:fitbit_steps_intraday_rapids_mindurationactivebout_dis:weekend,steps,f_steps:fitbit_steps_intraday_rapids_mindurationactivebout_dis:weekend,f_steps,fitbit_steps_intraday_rapids_mindurationactivebout,dis,weekend,0.9106955635026642,6218
steps__f_steps:fitbit_steps_intraday_rapids_avgdurationactivebout_dis:weekend,steps,f_steps:fitbit_steps_intraday_rapids_avgdurationactivebout_dis:weekend,f_steps,fitbit_steps_intraday_rapids_avgdurationactivebout,dis,weekend,0.9106955635026642,6218
steps__f_steps:fitbit_steps_intraday_rapids_stddurationactivebout_dis:weekend,steps,f_steps:fitbit_steps_intraday_rapids_stddurationactivebout_dis:weekend,f_steps,fitbit_steps_intraday_rapids_stddurationactivebout,dis,weekend,0.9107960992143852,6211
steps__f_steps:fitbit_steps_summary_rapids_maxsumsteps_norm:weekend,steps,f_steps:fitbit_steps_summary_rapids_maxsumsteps_norm:weekend,f_steps,fitbit_steps_summary_rapids_maxsumsteps,norm,weekend,0.9104226808565643,6237
steps__f_steps:fitbit_steps_summary_rapids_minsumsteps_norm:weekend,steps,f_steps:fitbit_steps_summary_rapids_minsumsteps_norm:weekend,f_steps,fitbit_steps_summary_rapids_minsumsteps,norm,weekend,0.9104226808565643,6237
steps__f_steps:fitbit_steps_summary_rapids_avgsumsteps_norm:weekend,steps,f_steps:fitbit_steps_summary_rapids_avgsumsteps_norm:weekend,f_steps,fitbit_steps_summary_rapids_avgsumsteps,norm,weekend,0.9104226808565643,6237
steps__f_steps:fitbit_steps_summary_rapids_mediansumsteps_norm:weekend,steps,f_steps:fitbit_steps_summary_rapids_mediansumsteps_norm:weekend,f_steps,fitbit_steps_summary_rapids_mediansumsteps,norm,weekend,0.9104226808565643,6237
steps__f_steps:fitbit_steps_summary_rapids_stdsumsteps_norm:weekend,steps,f_steps:fitbit_steps_summary_rapids_stdsumsteps_norm:weekend,f_steps,fitbit_steps_summary_rapids_stdsumsteps,norm,weekend,0.9149755123730736,5920
steps__f_steps:fitbit_steps_intraday_rapids_sumsteps_norm:weekend,steps,f_steps:fitbit_steps_intraday_rapids_sumsteps_norm:weekend,f_steps,fitbit_steps_intraday_rapids_sumsteps,norm,weekend,0.910666839013601,6220
steps__f_steps:fitbit_steps_intraday_rapids_maxsteps_norm:weekend,steps,f_steps:fitbit_steps_intraday_rapids_maxsteps_norm:weekend,f_steps,fitbit_steps_intraday_rapids_maxsteps,norm,weekend,0.910666839013601,6220
steps__f_steps:fitbit_steps_intraday_rapids_minsteps_norm:weekend,steps,f_steps:fitbit_steps_intraday_rapids_minsteps_norm:weekend,f_steps,fitbit_steps_intraday_rapids_minsteps,norm,weekend,0.910666839013601,6220
steps__f_steps:fitbit_steps_intraday_rapids_avgsteps_norm:weekend,steps,f_steps:fitbit_steps_intraday_rapids_avgsteps_norm:weekend,f_steps,fitbit_steps_intraday_rapids_avgsteps,norm,weekend,0.910666839013601,6220
steps__f_steps:fitbit_steps_intraday_rapids_stdsteps_norm:weekend,steps,f_steps:fitbit_steps_intraday_rapids_stdsteps_norm:weekend,f_steps,fitbit_steps_intraday_rapids_stdsteps,norm,weekend,0.9107242879917273,6216
steps__f_steps:fitbit_steps_intraday_rapids_countepisodesedentarybout_norm:weekend,steps,f_steps:fitbit_steps_intraday_rapids_countepisodesedentarybout_norm:weekend,f_steps,fitbit_steps_intraday_rapids_countepisodesedentarybout,norm,weekend,0.9107099257471958,6217
steps__f_steps:fitbit_steps_intraday_rapids_sumdurationsedentarybout_norm:weekend,steps,f_steps:fitbit_steps_intraday_rapids_sumdurationsedentarybout_norm:weekend,f_steps,fitbit_steps_intraday_rapids_sumdurationsedentarybout,norm,weekend,0.9107099257471958,6217
steps__f_steps:fitbit_steps_intraday_rapids_maxdurationsedentarybout_norm:weekend,steps,f_steps:fitbit_steps_intraday_rapids_maxdurationsedentarybout_norm:weekend,f_steps,fitbit_steps_intraday_rapids_maxdurationsedentarybout,norm,weekend,0.9107099257471958,6217
steps__f_steps:fitbit_steps_intraday_rapids_mindurationsedentarybout_norm:weekend,steps,f_steps:fitbit_steps_intraday_rapids_mindurationsedentarybout_norm:weekend,f_steps,fitbit_steps_intraday_rapids_mindurationsedentarybout,norm,weekend,0.9107099257471958,6217
steps__f_steps:fitbit_steps_intraday_rapids_avgdurationsedentarybout_norm:weekend,steps,f_steps:fitbit_steps_intraday_rapids_avgdurationsedentarybout_norm:weekend,f_steps,fitbit_steps_intraday_rapids_avgdurationsedentarybout,norm,weekend,0.9107099257471958,6217
steps__f_steps:fitbit_steps_intraday_rapids_stddurationsedentarybout_norm:weekend,steps,f_steps:fitbit_steps_intraday_rapids_stddurationsedentarybout_norm:weekend,f_steps,fitbit_steps_intraday_rapids_stddurationsedentarybout,norm,weekend,0.9107386502362589,6215
steps__f_steps:fitbit_steps_intraday_rapids_countepisodeactivebout_norm:weekend,steps,f_steps:fitbit_steps_intraday_rapids_countepisodeactivebout_norm:weekend,f_steps,fitbit_steps_intraday_rapids_countepisodeactivebout,norm,weekend,0.9106955635026642,6218
steps__f_steps:fitbit_steps_intraday_rapids_sumdurationactivebout_norm:weekend,steps,f_steps:fitbit_steps_intraday_rapids_sumdurationactivebout_norm:weekend,f_steps,fitbit_steps_intraday_rapids_sumdurationactivebout,norm,weekend,0.9106955635026642,6218
steps__f_steps:fitbit_steps_intraday_rapids_maxdurationactivebout_norm:weekend,steps,f_steps:fitbit_steps_intraday_rapids_maxdurationactivebout_norm:weekend,f_steps,fitbit_steps_intraday_rapids_maxdurationactivebout,norm,weekend,0.9106955635026642,6218
steps__f_steps:fitbit_steps_intraday_rapids_mindurationactivebout_norm:weekend,steps,f_steps:fitbit_steps_intraday_rapids_mindurationactivebout_norm:weekend,f_steps,fitbit_steps_intraday_rapids_mindurationactivebout,norm,weekend,0.9106955635026642,6218
steps__f_steps:fitbit_steps_intraday_rapids_avgdurationactivebout_norm:weekend,steps,f_steps:fitbit_steps_intraday_rapids_avgdurationactivebout_norm:weekend,f_steps,fitbit_steps_intraday_rapids_avgdurationactivebout,norm,weekend,0.9106955635026642,6218
steps__f_steps:fitbit_steps_intraday_rapids_stddurationactivebout_norm:weekend,steps,f_steps:fitbit_steps_intraday_rapids_stddurationactivebout_norm:weekend,f_steps,fitbit_steps_intraday_rapids_stddurationactivebout,norm,weekend,0.9107960992143852,6211
sleep__f_slp:fitbit_sleep_summary_rapids_sumdurationafterwakeupmain:14dhist,sleep,f_slp:fitbit_sleep_summary_rapids_sumdurationafterwakeupmain:14dhist,f_slp,fitbit_sleep_summary_rapids_sumdurationafterwakeupmain,raw,14dhist,0.33280193028566507,46455
sleep__f_slp:fitbit_sleep_summary_rapids_sumdurationasleepmain:14dhist,sleep,f_slp:fitbit_sleep_summary_rapids_sumdurationasleepmain:14dhist,f_slp,fitbit_sleep_summary_rapids_sumdurationasleepmain,raw,14dhist,0.33280193028566507,46455
sleep__f_slp:fitbit_sleep_summary_rapids_sumdurationawakemain:14dhist,sleep,f_slp:fitbit_sleep_summary_rapids_sumdurationawakemain:14dhist,f_slp,fitbit_sleep_summary_rapids_sumdurationawakemain,raw,14dhist,0.33280193028566507,46455
sleep__f_slp:fitbit_sleep_summary_rapids_sumdurationtofallasleepmain:14dhist,sleep,f_slp:fitbit_sleep_summary_rapids_sumdurationtofallasleepmain:14dhist,f_slp,fitbit_sleep_summary_rapids_sumdurationtofallasleepmain,raw,14dhist,0.33280193028566507,46455
sleep__f_slp:fitbit_sleep_summary_rapids_sumdurationinbedmain:14dhist,sleep,f_slp:fitbit_sleep_summary_rapids_sumdurationinbedmain:14dhist,f_slp,fitbit_sleep_summary_rapids_sumdurationinbedmain,raw,14dhist,0.33280193028566507,46455
sleep__f_slp:fitbit_sleep_summary_rapids_avgefficiencymain:14dhist,sleep,f_slp:fitbit_sleep_summary_rapids_avgefficiencymain:14dhist,f_slp,fitbit_sleep_summary_rapids_avgefficiencymain,raw,14dhist,0.33360621597943324,46399
sleep__f_slp:fitbit_sleep_summary_rapids_avgdurationafterwakeupmain:14dhist,sleep,f_slp:fitbit_sleep_summary_rapids_avgdurationafterwakeupmain:14dhist,f_slp,fitbit_sleep_summary_rapids_avgdurationafterwakeupmain,raw,14dhist,0.33280193028566507,46455
sleep__f_slp:fitbit_sleep_summary_rapids_avgdurationasleepmain:14dhist,sleep,f_slp:fitbit_sleep_summary_rapids_avgdurationasleepmain:14dhist,f_slp,fitbit_sleep_summary_rapids_avgdurationasleepmain,raw,14dhist,0.33280193028566507,46455
sleep__f_slp:fitbit_sleep_summary_rapids_avgdurationawakemain:14dhist,sleep,f_slp:fitbit_sleep_summary_rapids_avgdurationawakemain:14dhist,f_slp,fitbit_sleep_summary_rapids_avgdurationawakemain,raw,14dhist,0.33280193028566507,46455
sleep__f_slp:fitbit_sleep_summary_rapids_avgdurationtofallasleepmain:14dhist,sleep,f_slp:fitbit_sleep_summary_rapids_avgdurationtofallasleepmain:14dhist,f_slp,fitbit_sleep_summary_rapids_avgdurationtofallasleepmain,raw,14dhist,0.33280193028566507,46455
sleep__f_slp:fitbit_sleep_summary_rapids_avgdurationinbedmain:14dhist,sleep,f_slp:fitbit_sleep_summary_rapids_avgdurationinbedmain:14dhist,f_slp,fitbit_sleep_summary_rapids_avgdurationinbedmain,raw,14dhist,0.33280193028566507,46455
sleep__f_slp:fitbit_sleep_summary_rapids_countepisodemain:14dhist,sleep,f_slp:fitbit_sleep_summary_rapids_countepisodemain:14dhist,f_slp,fitbit_sleep_summary_rapids_countepisodemain,raw,14dhist,0.33280193028566507,46455
sleep__f_slp:fitbit_sleep_summary_rapids_firstbedtimemain:14dhist,sleep,f_slp:fitbit_sleep_summary_rapids_firstbedtimemain:14dhist,f_slp,fitbit_sleep_summary_rapids_firstbedtimemain,raw,14dhist,0.33360621597943324,46399
sleep__f_slp:fitbit_sleep_summary_rapids_lastbedtimemain:14dhist,sleep,f_slp:fitbit_sleep_summary_rapids_lastbedtimemain:14dhist,f_slp,fitbit_sleep_summary_rapids_lastbedtimemain,raw,14dhist,0.33360621597943324,46399
sleep__f_slp:fitbit_sleep_summary_rapids_firstwaketimemain:14dhist,sleep,f_slp:fitbit_sleep_summary_rapids_firstwaketimemain:14dhist,f_slp,fitbit_sleep_summary_rapids_firstwaketimemain,raw,14dhist,0.32697085900584544,46861
sleep__f_slp:fitbit_sleep_summary_rapids_lastwaketimemain:14dhist,sleep,f_slp:fitbit_sleep_summary_rapids_lastwaketimemain:14dhist,f_slp,fitbit_sleep_summary_rapids_lastwaketimemain,raw,14dhist,0.32697085900584544,46861
sleep__f_slp:fitbit_sleep_intraday_rapids_avgdurationasleepunifiedmain:14dhist,sleep,f_slp:fitbit_sleep_intraday_rapids_avgdurationasleepunifiedmain:14dhist,f_slp,fitbit_sleep_intraday_rapids_avgdurationasleepunifiedmain,raw,14dhist,0.3583810877964008,44674
sleep__f_slp:fitbit_sleep_intraday_rapids_avgdurationawakeunifiedmain:14dhist,sleep,f_slp:fitbit_sleep_intraday_rapids_avgdurationawakeunifiedmain:14dhist,f_slp,fitbit_sleep_intraday_rapids_avgdurationawakeunifiedmain,raw,14dhist,0.3583810877964008,44674
sleep__f_slp:fitbit_sleep_intraday_rapids_maxdurationasleepunifiedmain:14dhist,sleep,f_slp:fitbit_sleep_intraday_rapids_maxdurationasleepunifiedmain:14dhist,f_slp,fitbit_sleep_intraday_rapids_maxdurationasleepunifiedmain,raw,14dhist,0.3583810877964008,44674
sleep__f_slp:fitbit_sleep_intraday_rapids_maxdurationawakeunifiedmain:14dhist,sleep,f_slp:fitbit_sleep_intraday_rapids_maxdurationawakeunifiedmain:14dhist,f_slp,fitbit_sleep_intraday_rapids_maxdurationawakeunifiedmain,raw,14dhist,0.3583810877964008,44674
sleep__f_slp:fitbit_sleep_intraday_rapids_sumdurationasleepunifiedmain:14dhist,sleep,f_slp:fitbit_sleep_intraday_rapids_sumdurationasleepunifiedmain:14dhist,f_slp,fitbit_sleep_intraday_rapids_sumdurationasleepunifiedmain,raw,14dhist,0.3583810877964008,44674
sleep__f_slp:fitbit_sleep_intraday_rapids_sumdurationawakeunifiedmain:14dhist,sleep,f_slp:fitbit_sleep_intraday_rapids_sumdurationawakeunifiedmain:14dhist,f_slp,fitbit_sleep_intraday_rapids_sumdurationawakeunifiedmain,raw,14dhist,0.3583810877964008,44674
sleep__f_slp:fitbit_sleep_intraday_rapids_countepisodeasleepunifiedmain:14dhist,sleep,f_slp:fitbit_sleep_intraday_rapids_countepisodeasleepunifiedmain:14dhist,f_slp,fitbit_sleep_intraday_rapids_countepisodeasleepunifiedmain,raw,14dhist,0.3583810877964008,44674
sleep__f_slp:fitbit_sleep_intraday_rapids_countepisodeawakeunifiedmain:14dhist,sleep,f_slp:fitbit_sleep_intraday_rapids_countepisodeawakeunifiedmain:14dhist,f_slp,fitbit_sleep_intraday_rapids_countepisodeawakeunifiedmain,raw,14dhist,0.3583810877964008,44674
sleep__f_slp:fitbit_sleep_intraday_rapids_stddurationasleepunifiedmain:14dhist,sleep,f_slp:fitbit_sleep_intraday_rapids_stddurationasleepunifiedmain:14dhist,f_slp,fitbit_sleep_intraday_rapids_stddurationasleepunifiedmain,raw,14dhist,0.3583810877964008,44674
sleep__f_slp:fitbit_sleep_intraday_rapids_stddurationawakeunifiedmain:14dhist,sleep,f_slp:fitbit_sleep_intraday_rapids_stddurationawakeunifiedmain:14dhist,f_slp,fitbit_sleep_intraday_rapids_stddurationawakeunifiedmain,raw,14dhist,0.3583810877964008,44674
sleep__f_slp:fitbit_sleep_intraday_rapids_mindurationasleepunifiedmain:14dhist,sleep,f_slp:fitbit_sleep_intraday_rapids_mindurationasleepunifiedmain:14dhist,f_slp,fitbit_sleep_intraday_rapids_mindurationasleepunifiedmain,raw,14dhist,0.3583810877964008,44674
sleep__f_slp:fitbit_sleep_intraday_rapids_mindurationawakeunifiedmain:14dhist,sleep,f_slp:fitbit_sleep_intraday_rapids_mindurationawakeunifiedmain:14dhist,f_slp,fitbit_sleep_intraday_rapids_mindurationawakeunifiedmain,raw,14dhist,0.3583810877964008,44674
sleep__f_slp:fitbit_sleep_intraday_rapids_mediandurationasleepunifiedmain:14dhist,sleep,f_slp:fitbit_sleep_intraday_rapids_mediandurationasleepunifiedmain:14dhist,f_slp,fitbit_sleep_intraday_rapids_mediandurationasleepunifiedmain,raw,14dhist,0.3583810877964008,44674
sleep__f_slp:fitbit_sleep_intraday_rapids_mediandurationawakeunifiedmain:14dhist,sleep,f_slp:fitbit_sleep_intraday_rapids_mediandurationawakeunifiedmain:14dhist,f_slp,fitbit_sleep_intraday_rapids_mediandurationawakeunifiedmain,raw,14dhist,0.3583810877964008,44674
sleep__f_slp:fitbit_sleep_intraday_rapids_ratiocountasleepunifiedwithinmain:14dhist,sleep,f_slp:fitbit_sleep_intraday_rapids_ratiocountasleepunifiedwithinmain:14dhist,f_slp,fitbit_sleep_intraday_rapids_ratiocountasleepunifiedwithinmain,raw,14dhist,0.358409812285464,44672
sleep__f_slp:fitbit_sleep_intraday_rapids_ratiocountawakeunifiedwithinmain:14dhist,sleep,f_slp:fitbit_sleep_intraday_rapids_ratiocountawakeunifiedwithinmain:14dhist,f_slp,fitbit_sleep_intraday_rapids_ratiocountawakeunifiedwithinmain,raw,14dhist,0.358409812285464,44672
sleep__f_slp:fitbit_sleep_intraday_rapids_ratiodurationasleepunifiedwithinmain:14dhist,sleep,f_slp:fitbit_sleep_intraday_rapids_ratiodurationasleepunifiedwithinmain:14dhist,f_slp,fitbit_sleep_intraday_rapids_ratiodurationasleepunifiedwithinmain,raw,14dhist,0.358409812285464,44672
sleep__f_slp:fitbit_sleep_intraday_rapids_ratiodurationawakeunifiedwithinmain:14dhist,sleep,f_slp:fitbit_sleep_intraday_rapids_ratiodurationawakeunifiedwithinmain:14dhist,f_slp,fitbit_sleep_intraday_rapids_ratiodurationawakeunifiedwithinmain,raw,14dhist,0.358409812285464,44672
sleep__f_slp:fitbit_sleep_summary_rapids_sumdurationafterwakeupmain_dis:14dhist,sleep,f_slp:fitbit_sleep_summary_rapids_sumdurationafterwakeupmain_dis:14dhist,f_slp,fitbit_sleep_summary_rapids_sumdurationafterwakeupmain,dis,14dhist,0.33280193028566507,46455
sleep__f_slp:fitbit_sleep_summary_rapids_sumdurationasleepmain_dis:14dhist,sleep,f_slp:fitbit_sleep_summary_rapids_sumdurationasleepmain_dis:14dhist,f_slp,fitbit_sleep_summary_rapids_sumdurationasleepmain,dis,14dhist,0.33280193028566507,46455
sleep__f_slp:fitbit_sleep_summary_rapids_sumdurationawakemain_dis:14dhist,sleep,f_slp:fitbit_sleep_summary_rapids_sumdurationawakemain_dis:14dhist,f_slp,fitbit_sleep_summary_rapids_sumdurationawakemain,dis,14dhist,0.33280193028566507,46455
sleep__f_slp:fitbit_sleep_summary_rapids_sumdurationtofallasleepmain_dis:14dhist,sleep,f_slp:fitbit_sleep_summary_rapids_sumdurationtofallasleepmain_dis:14dhist,f_slp,fitbit_sleep_summary_rapids_sumdurationtofallasleepmain,dis,14dhist,0.33280193028566507,46455
sleep__f_slp:fitbit_sleep_summary_rapids_sumdurationinbedmain_dis:14dhist,sleep,f_slp:fitbit_sleep_summary_rapids_sumdurationinbedmain_dis:14dhist,f_slp,fitbit_sleep_summary_rapids_sumdurationinbedmain,dis,14dhist,0.33280193028566507,46455
sleep__f_slp:fitbit_sleep_summary_rapids_avgefficiencymain_dis:14dhist,sleep,f_slp:fitbit_sleep_summary_rapids_avgefficiencymain_dis:14dhist,f_slp,fitbit_sleep_summary_rapids_avgefficiencymain,dis,14dhist,0.33360621597943324,46399
sleep__f_slp:fitbit_sleep_summary_rapids_avgdurationafterwakeupmain_dis:14dhist,sleep,f_slp:fitbit_sleep_summary_rapids_avgdurationafterwakeupmain_dis:14dhist,f_slp,fitbit_sleep_summary_rapids_avgdurationafterwakeupmain,dis,14dhist,0.33280193028566507,46455
sleep__f_slp:fitbit_sleep_summary_rapids_avgdurationasleepmain_dis:14dhist,sleep,f_slp:fitbit_sleep_summary_rapids_avgdurationasleepmain_dis:14dhist,f_slp,fitbit_sleep_summary_rapids_avgdurationasleepmain,dis,14dhist,0.33280193028566507,46455
sleep__f_slp:fitbit_sleep_summary_rapids_avgdurationawakemain_dis:14dhist,sleep,f_slp:fitbit_sleep_summary_rapids_avgdurationawakemain_dis:14dhist,f_slp,fitbit_sleep_summary_rapids_avgdurationawakemain,dis,14dhist,0.33280193028566507,46455
sleep__f_slp:fitbit_sleep_summary_rapids_avgdurationtofallasleepmain_dis:14dhist,sleep,f_slp:fitbit_sleep_summary_rapids_avgdurationtofallasleepmain_dis:14dhist,f_slp,fitbit_sleep_summary_rapids_avgdurationtofallasleepmain,dis,14dhist,0.33280193028566507,46455
sleep__f_slp:fitbit_sleep_summary_rapids_avgdurationinbedmain_dis:14dhist,sleep,f_slp:fitbit_sleep_summary_rapids_avgdurationinbedmain_dis:14dhist,f_slp,fitbit_sleep_summary_rapids_avgdurationinbedmain,dis,14dhist,0.33280193028566507,46455
sleep__f_slp:fitbit_sleep_summary_rapids_countepisodemain_dis:14dhist,sleep,f_slp:fitbit_sleep_summary_rapids_countepisodemain_dis:14dhist,f_slp,fitbit_sleep_summary_rapids_countepisodemain,dis,14dhist,0.33280193028566507,46455
sleep__f_slp:fitbit_sleep_summary_rapids_firstbedtimemain_dis:14dhist,sleep,f_slp:fitbit_sleep_summary_rapids_firstbedtimemain_dis:14dhist,f_slp,fitbit_sleep_summary_rapids_firstbedtimemain,dis,14dhist,0.33360621597943324,46399
sleep__f_slp:fitbit_sleep_summary_rapids_lastbedtimemain_dis:14dhist,sleep,f_slp:fitbit_sleep_summary_rapids_lastbedtimemain_dis:14dhist,f_slp,fitbit_sleep_summary_rapids_lastbedtimemain,dis,14dhist,0.33360621597943324,46399
sleep__f_slp:fitbit_sleep_summary_rapids_firstwaketimemain_dis:14dhist,sleep,f_slp:fitbit_sleep_summary_rapids_firstwaketimemain_dis:14dhist,f_slp,fitbit_sleep_summary_rapids_firstwaketimemain,dis,14dhist,0.32697085900584544,46861
sleep__f_slp:fitbit_sleep_summary_rapids_lastwaketimemain_dis:14dhist,sleep,f_slp:fitbit_sleep_summary_rapids_lastwaketimemain_dis:14dhist,f_slp,fitbit_sleep_summary_rapids_lastwaketimemain,dis,14dhist,0.32697085900584544,46861
sleep__f_slp:fitbit_sleep_intraday_rapids_avgdurationasleepunifiedmain_dis:14dhist,sleep,f_slp:fitbit_sleep_intraday_rapids_avgdurationasleepunifiedmain_dis:14dhist,f_slp,fitbit_sleep_intraday_rapids_avgdurationasleepunifiedmain,dis,14dhist,0.3583810877964008,44674
sleep__f_slp:fitbit_sleep_intraday_rapids_avgdurationawakeunifiedmain_dis:14dhist,sleep,f_slp:fitbit_sleep_intraday_rapids_avgdurationawakeunifiedmain_dis:14dhist,f_slp,fitbit_sleep_intraday_rapids_avgdurationawakeunifiedmain,dis,14dhist,0.3583810877964008,44674
sleep__f_slp:fitbit_sleep_intraday_rapids_maxdurationasleepunifiedmain_dis:14dhist,sleep,f_slp:fitbit_sleep_intraday_rapids_maxdurationasleepunifiedmain_dis:14dhist,f_slp,fitbit_sleep_intraday_rapids_maxdurationasleepunifiedmain,dis,14dhist,0.3583810877964008,44674
sleep__f_slp:fitbit_sleep_intraday_rapids_maxdurationawakeunifiedmain_dis:14dhist,sleep,f_slp:fitbit_sleep_intraday_rapids_maxdurationawakeunifiedmain_dis:14dhist,f_slp,fitbit_sleep_intraday_rapids_maxdurationawakeunifiedmain,dis,14dhist,0.3583810877964008,44674
sleep__f_slp:fitbit_sleep_intraday_rapids_sumdurationasleepunifiedmain_dis:14dhist,sleep,f_slp:fitbit_sleep_intraday_rapids_sumdurationasleepunifiedmain_dis:14dhist,f_slp,fitbit_sleep_intraday_rapids_sumdurationasleepunifiedmain,dis,14dhist,0.3583810877964008,44674
sleep__f_slp:fitbit_sleep_intraday_rapids_sumdurationawakeunifiedmain_dis:14dhist,sleep,f_slp:fitbit_sleep_intraday_rapids_sumdurationawakeunifiedmain_dis:14dhist,f_slp,fitbit_sleep_intraday_rapids_sumdurationawakeunifiedmain,dis,14dhist,0.3583810877964008,44674
sleep__f_slp:fitbit_sleep_intraday_rapids_countepisodeasleepunifiedmain_dis:14dhist,sleep,f_slp:fitbit_sleep_intraday_rapids_countepisodeasleepunifiedmain_dis:14dhist,f_slp,fitbit_sleep_intraday_rapids_countepisodeasleepunifiedmain,dis,14dhist,0.3583810877964008,44674
sleep__f_slp:fitbit_sleep_intraday_rapids_countepisodeawakeunifiedmain_dis:14dhist,sleep,f_slp:fitbit_sleep_intraday_rapids_countepisodeawakeunifiedmain_dis:14dhist,f_slp,fitbit_sleep_intraday_rapids_countepisodeawakeunifiedmain,dis,14dhist,0.3583810877964008,44674
sleep__f_slp:fitbit_sleep_intraday_rapids_stddurationasleepunifiedmain_dis:14dhist,sleep,f_slp:fitbit_sleep_intraday_rapids_stddurationasleepunifiedmain_dis:14dhist,f_slp,fitbit_sleep_intraday_rapids_stddurationasleepunifiedmain,dis,14dhist,0.3583810877964008,44674
sleep__f_slp:fitbit_sleep_intraday_rapids_stddurationawakeunifiedmain_dis:14dhist,sleep,f_slp:fitbit_sleep_intraday_rapids_stddurationawakeunifiedmain_dis:14dhist,f_slp,fitbit_sleep_intraday_rapids_stddurationawakeunifiedmain,dis,14dhist,0.3583810877964008,44674
sleep__f_slp:fitbit_sleep_intraday_rapids_mindurationasleepunifiedmain_dis:14dhist,sleep,f_slp:fitbit_sleep_intraday_rapids_mindurationasleepunifiedmain_dis:14dhist,f_slp,fitbit_sleep_intraday_rapids_mindurationasleepunifiedmain,dis,14dhist,0.3583810877964008,44674
sleep__f_slp:fitbit_sleep_intraday_rapids_mindurationawakeunifiedmain_dis:14dhist,sleep,f_slp:fitbit_sleep_intraday_rapids_mindurationawakeunifiedmain_dis:14dhist,f_slp,fitbit_sleep_intraday_rapids_mindurationawakeunifiedmain,dis,14dhist,0.3583810877964008,44674
sleep__f_slp:fitbit_sleep_intraday_rapids_mediandurationasleepunifiedmain_dis:14dhist,sleep,f_slp:fitbit_sleep_intraday_rapids_mediandurationasleepunifiedmain_dis:14dhist,f_slp,fitbit_sleep_intraday_rapids_mediandurationasleepunifiedmain,dis,14dhist,0.3583810877964008,44674
sleep__f_slp:fitbit_sleep_intraday_rapids_mediandurationawakeunifiedmain_dis:14dhist,sleep,f_slp:fitbit_sleep_intraday_rapids_mediandurationawakeunifiedmain_dis:14dhist,f_slp,fitbit_sleep_intraday_rapids_mediandurationawakeunifiedmain,dis,14dhist,0.3583810877964008,44674
sleep__f_slp:fitbit_sleep_intraday_rapids_ratiocountasleepunifiedwithinmain_dis:14dhist,sleep,f_slp:fitbit_sleep_intraday_rapids_ratiocountasleepunifiedwithinmain_dis:14dhist,f_slp,fitbit_sleep_intraday_rapids_ratiocountasleepunifiedwithinmain,dis,14dhist,0.358409812285464,44672
sleep__f_slp:fitbit_sleep_intraday_rapids_ratiocountawakeunifiedwithinmain_dis:14dhist,sleep,f_slp:fitbit_sleep_intraday_rapids_ratiocountawakeunifiedwithinmain_dis:14dhist,f_slp,fitbit_sleep_intraday_rapids_ratiocountawakeunifiedwithinmain,dis,14dhist,0.358409812285464,44672
sleep__f_slp:fitbit_sleep_intraday_rapids_ratiodurationasleepunifiedwithinmain_dis:14dhist,sleep,f_slp:fitbit_sleep_intraday_rapids_ratiodurationasleepunifiedwithinmain_dis:14dhist,f_slp,fitbit_sleep_intraday_rapids_ratiodurationasleepunifiedwithinmain,dis,14dhist,0.358409812285464,44672
sleep__f_slp:fitbit_sleep_intraday_rapids_ratiodurationawakeunifiedwithinmain_dis:14dhist,sleep,f_slp:fitbit_sleep_intraday_rapids_ratiodurationawakeunifiedwithinmain_dis:14dhist,f_slp,fitbit_sleep_intraday_rapids_ratiodurationawakeunifiedwithinmain,dis,14dhist,0.358409812285464,44672
sleep__f_slp:fitbit_sleep_summary_rapids_sumdurationafterwakeupmain_norm:14dhist,sleep,f_slp:fitbit_sleep_summary_rapids_sumdurationafterwakeupmain_norm:14dhist,f_slp,fitbit_sleep_summary_rapids_sumdurationafterwakeupmain,norm,14dhist,0.33280193028566507,46455
sleep__f_slp:fitbit_sleep_summary_rapids_sumdurationasleepmain_norm:14dhist,sleep,f_slp:fitbit_sleep_summary_rapids_sumdurationasleepmain_norm:14dhist,f_slp,fitbit_sleep_summary_rapids_sumdurationasleepmain,norm,14dhist,0.33280193028566507,46455
sleep__f_slp:fitbit_sleep_summary_rapids_sumdurationawakemain_norm:14dhist,sleep,f_slp:fitbit_sleep_summary_rapids_sumdurationawakemain_norm:14dhist,f_slp,fitbit_sleep_summary_rapids_sumdurationawakemain,norm,14dhist,0.33280193028566507,46455
sleep__f_slp:fitbit_sleep_summary_rapids_sumdurationtofallasleepmain_norm:14dhist,sleep,f_slp:fitbit_sleep_summary_rapids_sumdurationtofallasleepmain_norm:14dhist,f_slp,fitbit_sleep_summary_rapids_sumdurationtofallasleepmain,norm,14dhist,0.33280193028566507,46455
sleep__f_slp:fitbit_sleep_summary_rapids_sumdurationinbedmain_norm:14dhist,sleep,f_slp:fitbit_sleep_summary_rapids_sumdurationinbedmain_norm:14dhist,f_slp,fitbit_sleep_summary_rapids_sumdurationinbedmain,norm,14dhist,0.33280193028566507,46455
sleep__f_slp:fitbit_sleep_summary_rapids_avgefficiencymain_norm:14dhist,sleep,f_slp:fitbit_sleep_summary_rapids_avgefficiencymain_norm:14dhist,f_slp,fitbit_sleep_summary_rapids_avgefficiencymain,norm,14dhist,0.33360621597943324,46399
sleep__f_slp:fitbit_sleep_summary_rapids_avgdurationafterwakeupmain_norm:14dhist,sleep,f_slp:fitbit_sleep_summary_rapids_avgdurationafterwakeupmain_norm:14dhist,f_slp,fitbit_sleep_summary_rapids_avgdurationafterwakeupmain,norm,14dhist,0.33280193028566507,46455
sleep__f_slp:fitbit_sleep_summary_rapids_avgdurationasleepmain_norm:14dhist,sleep,f_slp:fitbit_sleep_summary_rapids_avgdurationasleepmain_norm:14dhist,f_slp,fitbit_sleep_summary_rapids_avgdurationasleepmain,norm,14dhist,0.33280193028566507,46455
sleep__f_slp:fitbit_sleep_summary_rapids_avgdurationawakemain_norm:14dhist,sleep,f_slp:fitbit_sleep_summary_rapids_avgdurationawakemain_norm:14dhist,f_slp,fitbit_sleep_summary_rapids_avgdurationawakemain,norm,14dhist,0.33280193028566507,46455
sleep__f_slp:fitbit_sleep_summary_rapids_avgdurationtofallasleepmain_norm:14dhist,sleep,f_slp:fitbit_sleep_summary_rapids_avgdurationtofallasleepmain_norm:14dhist,f_slp,fitbit_sleep_summary_rapids_avgdurationtofallasleepmain,norm,14dhist,0.33280193028566507,46455
sleep__f_slp:fitbit_sleep_summary_rapids_avgdurationinbedmain_norm:14dhist,sleep,f_slp:fitbit_sleep_summary_rapids_avgdurationinbedmain_norm:14dhist,f_slp,fitbit_sleep_summary_rapids_avgdurationinbedmain,norm,14dhist,0.33280193028566507,46455
sleep__f_slp:fitbit_sleep_summary_rapids_countepisodemain_norm:14dhist,sleep,f_slp:fitbit_sleep_summary_rapids_countepisodemain_norm:14dhist,f_slp,fitbit_sleep_summary_rapids_countepisodemain,norm,14dhist,0.33280193028566507,46455
sleep__f_slp:fitbit_sleep_summary_rapids_firstbedtimemain_norm:14dhist,sleep,f_slp:fitbit_sleep_summary_rapids_firstbedtimemain_norm:14dhist,f_slp,fitbit_sleep_summary_rapids_firstbedtimemain,norm,14dhist,0.33360621597943324,46399
sleep__f_slp:fitbit_sleep_summary_rapids_lastbedtimemain_norm:14dhist,sleep,f_slp:fitbit_sleep_summary_rapids_lastbedtimemain_norm:14dhist,f_slp,fitbit_sleep_summary_rapids_lastbedtimemain,norm,14dhist,0.33360621597943324,46399
sleep__f_slp:fitbit_sleep_summary_rapids_firstwaketimemain_norm:14dhist,sleep,f_slp:fitbit_sleep_summary_rapids_firstwaketimemain_norm:14dhist,f_slp,fitbit_sleep_summary_rapids_firstwaketimemain,norm,14dhist,0.32697085900584544,46861
sleep__f_slp:fitbit_sleep_summary_rapids_lastwaketimemain_norm:14dhist,sleep,f_slp:fitbit_sleep_summary_rapids_lastwaketimemain_norm:14dhist,f_slp,fitbit_sleep_summary_rapids_lastwaketimemain,norm,14dhist,0.32697085900584544,46861
sleep__f_slp:fitbit_sleep_intraday_rapids_avgdurationasleepunifiedmain_norm:14dhist,sleep,f_slp:fitbit_sleep_intraday_rapids_avgdurationasleepunifiedmain_norm:14dhist,f_slp,fitbit_sleep_intraday_rapids_avgdurationasleepunifiedmain,norm,14dhist,0.3583810877964008,44674
sleep__f_slp:fitbit_sleep_intraday_rapids_avgdurationawakeunifiedmain_norm:14dhist,sleep,f_slp:fitbit_sleep_intraday_rapids_avgdurationawakeunifiedmain_norm:14dhist,f_slp,fitbit_sleep_intraday_rapids_avgdurationawakeunifiedmain,norm,14dhist,0.3583810877964008,44674
sleep__f_slp:fitbit_sleep_intraday_rapids_maxdurationasleepunifiedmain_norm:14dhist,sleep,f_slp:fitbit_sleep_intraday_rapids_maxdurationasleepunifiedmain_norm:14dhist,f_slp,fitbit_sleep_intraday_rapids_maxdurationasleepunifiedmain,norm,14dhist,0.3583810877964008,44674
sleep__f_slp:fitbit_sleep_intraday_rapids_maxdurationawakeunifiedmain_norm:14dhist,sleep,f_slp:fitbit_sleep_intraday_rapids_maxdurationawakeunifiedmain_norm:14dhist,f_slp,fitbit_sleep_intraday_rapids_maxdurationawakeunifiedmain,norm,14dhist,0.3583810877964008,44674
sleep__f_slp:fitbit_sleep_intraday_rapids_sumdurationasleepunifiedmain_norm:14dhist,sleep,f_slp:fitbit_sleep_intraday_rapids_sumdurationasleepunifiedmain_norm:14dhist,f_slp,fitbit_sleep_intraday_rapids_sumdurationasleepunifiedmain,norm,14dhist,0.3583810877964008,44674
sleep__f_slp:fitbit_sleep_intraday_rapids_sumdurationawakeunifiedmain_norm:14dhist,sleep,f_slp:fitbit_sleep_intraday_rapids_sumdurationawakeunifiedmain_norm:14dhist,f_slp,fitbit_sleep_intraday_rapids_sumdurationawakeunifiedmain,norm,14dhist,0.3583810877964008,44674
sleep__f_slp:fitbit_sleep_intraday_rapids_countepisodeasleepunifiedmain_norm:14dhist,sleep,f_slp:fitbit_sleep_intraday_rapids_countepisodeasleepunifiedmain_norm:14dhist,f_slp,fitbit_sleep_intraday_rapids_countepisodeasleepunifiedmain,norm,14dhist,0.3583810877964008,44674
sleep__f_slp:fitbit_sleep_intraday_rapids_countepisodeawakeunifiedmain_norm:14dhist,sleep,f_slp:fitbit_sleep_intraday_rapids_countepisodeawakeunifiedmain_norm:14dhist,f_slp,fitbit_sleep_intraday_rapids_countepisodeawakeunifiedmain,norm,14dhist,0.3583810877964008,44674
sleep__f_slp:fitbit_sleep_intraday_rapids_stddurationasleepunifiedmain_norm:14dhist,sleep,f_slp:fitbit_sleep_intraday_rapids_stddurationasleepunifiedmain_norm:14dhist,f_slp,fitbit_sleep_intraday_rapids_stddurationasleepunifiedmain,norm,14dhist,0.3583810877964008,44674
sleep__f_slp:fitbit_sleep_intraday_rapids_stddurationawakeunifiedmain_norm:14dhist,sleep,f_slp:fitbit_sleep_intraday_rapids_stddurationawakeunifiedmain_norm:14dhist,f_slp,fitbit_sleep_intraday_rapids_stddurationawakeunifiedmain,norm,14dhist,0.3583810877964008,44674
sleep__f_slp:fitbit_sleep_intraday_rapids_mindurationasleepunifiedmain_norm:14dhist,sleep,f_slp:fitbit_sleep_intraday_rapids_mindurationasleepunifiedmain_norm:14dhist,f_slp,fitbit_sleep_intraday_rapids_mindurationasleepunifiedmain,norm,14dhist,0.3583810877964008,44674
sleep__f_slp:fitbit_sleep_intraday_rapids_mindurationawakeunifiedmain_norm:14dhist,sleep,f_slp:fitbit_sleep_intraday_rapids_mindurationawakeunifiedmain_norm:14dhist,f_slp,fitbit_sleep_intraday_rapids_mindurationawakeunifiedmain,norm,14dhist,0.3583810877964008,44674
sleep__f_slp:fitbit_sleep_intraday_rapids_mediandurationasleepunifiedmain_norm:14dhist,sleep,f_slp:fitbit_sleep_intraday_rapids_mediandurationasleepunifiedmain_norm:14dhist,f_slp,fitbit_sleep_intraday_rapids_mediandurationasleepunifiedmain,norm,14dhist,0.3583810877964008,44674
sleep__f_slp:fitbit_sleep_intraday_rapids_mediandurationawakeunifiedmain_norm:14dhist,sleep,f_slp:fitbit_sleep_intraday_rapids_mediandurationawakeunifiedmain_norm:14dhist,f_slp,fitbit_sleep_intraday_rapids_mediandurationawakeunifiedmain,norm,14dhist,0.3583810877964008,44674
sleep__f_slp:fitbit_sleep_intraday_rapids_ratiocountasleepunifiedwithinmain_norm:14dhist,sleep,f_slp:fitbit_sleep_intraday_rapids_ratiocountasleepunifiedwithinmain_norm:14dhist,f_slp,fitbit_sleep_intraday_rapids_ratiocountasleepunifiedwithinmain,norm,14dhist,0.358409812285464,44672
sleep__f_slp:fitbit_sleep_intraday_rapids_ratiocountawakeunifiedwithinmain_norm:14dhist,sleep,f_slp:fitbit_sleep_intraday_rapids_ratiocountawakeunifiedwithinmain_norm:14dhist,f_slp,fitbit_sleep_intraday_rapids_ratiocountawakeunifiedwithinmain,norm,14dhist,0.358409812285464,44672
sleep__f_slp:fitbit_sleep_intraday_rapids_ratiodurationasleepunifiedwithinmain_norm:14dhist,sleep,f_slp:fitbit_sleep_intraday_rapids_ratiodurationasleepunifiedwithinmain_norm:14dhist,f_slp,fitbit_sleep_intraday_rapids_ratiodurationasleepunifiedwithinmain,norm,14dhist,0.358409812285464,44672
sleep__f_slp:fitbit_sleep_intraday_rapids_ratiodurationawakeunifiedwithinmain_norm:14dhist,sleep,f_slp:fitbit_sleep_intraday_rapids_ratiodurationawakeunifiedwithinmain_norm:14dhist,f_slp,fitbit_sleep_intraday_rapids_ratiodurationawakeunifiedwithinmain,norm,14dhist,0.358409812285464,44672
sleep__f_slp:fitbit_sleep_summary_rapids_sumdurationafterwakeupmain:7dhist,sleep,f_slp:fitbit_sleep_summary_rapids_sumdurationafterwakeupmain:7dhist,f_slp,fitbit_sleep_summary_rapids_sumdurationafterwakeupmain,raw,7dhist,0.35662889396354863,44796
sleep__f_slp:fitbit_sleep_summary_rapids_sumdurationasleepmain:7dhist,sleep,f_slp:fitbit_sleep_summary_rapids_sumdurationasleepmain:7dhist,f_slp,fitbit_sleep_summary_rapids_sumdurationasleepmain,raw,7dhist,0.35662889396354863,44796
sleep__f_slp:fitbit_sleep_summary_rapids_sumdurationawakemain:7dhist,sleep,f_slp:fitbit_sleep_summary_rapids_sumdurationawakemain:7dhist,f_slp,fitbit_sleep_summary_rapids_sumdurationawakemain,raw,7dhist,0.35662889396354863,44796
sleep__f_slp:fitbit_sleep_summary_rapids_sumdurationtofallasleepmain:7dhist,sleep,f_slp:fitbit_sleep_summary_rapids_sumdurationtofallasleepmain:7dhist,f_slp,fitbit_sleep_summary_rapids_sumdurationtofallasleepmain,raw,7dhist,0.35662889396354863,44796
sleep__f_slp:fitbit_sleep_summary_rapids_sumdurationinbedmain:7dhist,sleep,f_slp:fitbit_sleep_summary_rapids_sumdurationinbedmain:7dhist,f_slp,fitbit_sleep_summary_rapids_sumdurationinbedmain,raw,7dhist,0.35662889396354863,44796
sleep__f_slp:fitbit_sleep_summary_rapids_avgefficiencymain:7dhist,sleep,f_slp:fitbit_sleep_summary_rapids_avgefficiencymain:7dhist,f_slp,fitbit_sleep_summary_rapids_avgefficiencymain,raw,7dhist,0.3575337153690379,44733
sleep__f_slp:fitbit_sleep_summary_rapids_avgdurationafterwakeupmain:7dhist,sleep,f_slp:fitbit_sleep_summary_rapids_avgdurationafterwakeupmain:7dhist,f_slp,fitbit_sleep_summary_rapids_avgdurationafterwakeupmain,raw,7dhist,0.35662889396354863,44796
sleep__f_slp:fitbit_sleep_summary_rapids_avgdurationasleepmain:7dhist,sleep,f_slp:fitbit_sleep_summary_rapids_avgdurationasleepmain:7dhist,f_slp,fitbit_sleep_summary_rapids_avgdurationasleepmain,raw,7dhist,0.35662889396354863,44796
sleep__f_slp:fitbit_sleep_summary_rapids_avgdurationawakemain:7dhist,sleep,f_slp:fitbit_sleep_summary_rapids_avgdurationawakemain:7dhist,f_slp,fitbit_sleep_summary_rapids_avgdurationawakemain,raw,7dhist,0.35662889396354863,44796
sleep__f_slp:fitbit_sleep_summary_rapids_avgdurationtofallasleepmain:7dhist,sleep,f_slp:fitbit_sleep_summary_rapids_avgdurationtofallasleepmain:7dhist,f_slp,fitbit_sleep_summary_rapids_avgdurationtofallasleepmain,raw,7dhist,0.35662889396354863,44796
sleep__f_slp:fitbit_sleep_summary_rapids_avgdurationinbedmain:7dhist,sleep,f_slp:fitbit_sleep_summary_rapids_avgdurationinbedmain:7dhist,f_slp,fitbit_sleep_summary_rapids_avgdurationinbedmain,raw,7dhist,0.35662889396354863,44796
sleep__f_slp:fitbit_sleep_summary_rapids_countepisodemain:7dhist,sleep,f_slp:fitbit_sleep_summary_rapids_countepisodemain:7dhist,f_slp,fitbit_sleep_summary_rapids_countepisodemain,raw,7dhist,0.35662889396354863,44796
sleep__f_slp:fitbit_sleep_summary_rapids_firstbedtimemain:7dhist,sleep,f_slp:fitbit_sleep_summary_rapids_firstbedtimemain:7dhist,f_slp,fitbit_sleep_summary_rapids_firstbedtimemain,raw,7dhist,0.3575337153690379,44733
sleep__f_slp:fitbit_sleep_summary_rapids_lastbedtimemain:7dhist,sleep,f_slp:fitbit_sleep_summary_rapids_lastbedtimemain:7dhist,f_slp,fitbit_sleep_summary_rapids_lastbedtimemain,raw,7dhist,0.3575337153690379,44733
sleep__f_slp:fitbit_sleep_summary_rapids_firstwaketimemain:7dhist,sleep,f_slp:fitbit_sleep_summary_rapids_firstwaketimemain:7dhist,f_slp,fitbit_sleep_summary_rapids_firstwaketimemain,raw,7dhist,0.35099889410717106,45188
sleep__f_slp:fitbit_sleep_summary_rapids_lastwaketimemain:7dhist,sleep,f_slp:fitbit_sleep_summary_rapids_lastwaketimemain:7dhist,f_slp,fitbit_sleep_summary_rapids_lastwaketimemain,raw,7dhist,0.35099889410717106,45188
sleep__f_slp:fitbit_sleep_intraday_rapids_avgdurationasleepunifiedmain:7dhist,sleep,f_slp:fitbit_sleep_intraday_rapids_avgdurationasleepunifiedmain:7dhist,f_slp,fitbit_sleep_intraday_rapids_avgdurationasleepunifiedmain,raw,7dhist,0.3681905008114668,43991
sleep__f_slp:fitbit_sleep_intraday_rapids_avgdurationawakeunifiedmain:7dhist,sleep,f_slp:fitbit_sleep_intraday_rapids_avgdurationawakeunifiedmain:7dhist,f_slp,fitbit_sleep_intraday_rapids_avgdurationawakeunifiedmain,raw,7dhist,0.3681905008114668,43991
sleep__f_slp:fitbit_sleep_intraday_rapids_maxdurationasleepunifiedmain:7dhist,sleep,f_slp:fitbit_sleep_intraday_rapids_maxdurationasleepunifiedmain:7dhist,f_slp,fitbit_sleep_intraday_rapids_maxdurationasleepunifiedmain,raw,7dhist,0.3681905008114668,43991
sleep__f_slp:fitbit_sleep_intraday_rapids_maxdurationawakeunifiedmain:7dhist,sleep,f_slp:fitbit_sleep_intraday_rapids_maxdurationawakeunifiedmain:7dhist,f_slp,fitbit_sleep_intraday_rapids_maxdurationawakeunifiedmain,raw,7dhist,0.3681905008114668,43991
sleep__f_slp:fitbit_sleep_intraday_rapids_sumdurationasleepunifiedmain:7dhist,sleep,f_slp:fitbit_sleep_intraday_rapids_sumdurationasleepunifiedmain:7dhist,f_slp,fitbit_sleep_intraday_rapids_sumdurationasleepunifiedmain,raw,7dhist,0.3681905008114668,43991
sleep__f_slp:fitbit_sleep_intraday_rapids_sumdurationawakeunifiedmain:7dhist,sleep,f_slp:fitbit_sleep_intraday_rapids_sumdurationawakeunifiedmain:7dhist,f_slp,fitbit_sleep_intraday_rapids_sumdurationawakeunifiedmain,raw,7dhist,0.3681905008114668,43991
sleep__f_slp:fitbit_sleep_intraday_rapids_countepisodeasleepunifiedmain:7dhist,sleep,f_slp:fitbit_sleep_intraday_rapids_countepisodeasleepunifiedmain:7dhist,f_slp,fitbit_sleep_intraday_rapids_countepisodeasleepunifiedmain,raw,7dhist,0.3681905008114668,43991
sleep__f_slp:fitbit_sleep_intraday_rapids_countepisodeawakeunifiedmain:7dhist,sleep,f_slp:fitbit_sleep_intraday_rapids_countepisodeawakeunifiedmain:7dhist,f_slp,fitbit_sleep_intraday_rapids_countepisodeawakeunifiedmain,raw,7dhist,0.3681905008114668,43991
sleep__f_slp:fitbit_sleep_intraday_rapids_stddurationasleepunifiedmain:7dhist,sleep,f_slp:fitbit_sleep_intraday_rapids_stddurationasleepunifiedmain:7dhist,f_slp,fitbit_sleep_intraday_rapids_stddurationasleepunifiedmain,raw,7dhist,0.3681905008114668,43991
sleep__f_slp:fitbit_sleep_intraday_rapids_stddurationawakeunifiedmain:7dhist,sleep,f_slp:fitbit_sleep_intraday_rapids_stddurationawakeunifiedmain:7dhist,f_slp,fitbit_sleep_intraday_rapids_stddurationawakeunifiedmain,raw,7dhist,0.3681905008114668,43991
sleep__f_slp:fitbit_sleep_intraday_rapids_mindurationasleepunifiedmain:7dhist,sleep,f_slp:fitbit_sleep_intraday_rapids_mindurationasleepunifiedmain:7dhist,f_slp,fitbit_sleep_intraday_rapids_mindurationasleepunifiedmain,raw,7dhist,0.3681905008114668,43991
sleep__f_slp:fitbit_sleep_intraday_rapids_mindurationawakeunifiedmain:7dhist,sleep,f_slp:fitbit_sleep_intraday_rapids_mindurationawakeunifiedmain:7dhist,f_slp,fitbit_sleep_intraday_rapids_mindurationawakeunifiedmain,raw,7dhist,0.3681905008114668,43991
sleep__f_slp:fitbit_sleep_intraday_rapids_mediandurationasleepunifiedmain:7dhist,sleep,f_slp:fitbit_sleep_intraday_rapids_mediandurationasleepunifiedmain:7dhist,f_slp,fitbit_sleep_intraday_rapids_mediandurationasleepunifiedmain,raw,7dhist,0.3681905008114668,43991
sleep__f_slp:fitbit_sleep_intraday_rapids_mediandurationawakeunifiedmain:7dhist,sleep,f_slp:fitbit_sleep_intraday_rapids_mediandurationawakeunifiedmain:7dhist,f_slp,fitbit_sleep_intraday_rapids_mediandurationawakeunifiedmain,raw,7dhist,0.3681905008114668,43991
sleep__f_slp:fitbit_sleep_intraday_rapids_ratiocountasleepunifiedwithinmain:7dhist,sleep,f_slp:fitbit_sleep_intraday_rapids_ratiocountasleepunifiedwithinmain:7dhist,f_slp,fitbit_sleep_intraday_rapids_ratiocountasleepunifiedwithinmain,raw,7dhist,0.3682335875450615,43988
sleep__f_slp:fitbit_sleep_intraday_rapids_ratiocountawakeunifiedwithinmain:7dhist,sleep,f_slp:fitbit_sleep_intraday_rapids_ratiocountawakeunifiedwithinmain:7dhist,f_slp,fitbit_sleep_intraday_rapids_ratiocountawakeunifiedwithinmain,raw,7dhist,0.3682335875450615,43988
sleep__f_slp:fitbit_sleep_intraday_rapids_ratiodurationasleepunifiedwithinmain:7dhist,sleep,f_slp:fitbit_sleep_intraday_rapids_ratiodurationasleepunifiedwithinmain:7dhist,f_slp,fitbit_sleep_intraday_rapids_ratiodurationasleepunifiedwithinmain,raw,7dhist,0.3682335875450615,43988
sleep__f_slp:fitbit_sleep_intraday_rapids_ratiodurationawakeunifiedwithinmain:7dhist,sleep,f_slp:fitbit_sleep_intraday_rapids_ratiodurationawakeunifiedwithinmain:7dhist,f_slp,fitbit_sleep_intraday_rapids_ratiodurationawakeunifiedwithinmain,raw,7dhist,0.3682335875450615,43988
sleep__f_slp:fitbit_sleep_summary_rapids_sumdurationafterwakeupmain_dis:7dhist,sleep,f_slp:fitbit_sleep_summary_rapids_sumdurationafterwakeupmain_dis:7dhist,f_slp,fitbit_sleep_summary_rapids_sumdurationafterwakeupmain,dis,7dhist,0.35662889396354863,44796
sleep__f_slp:fitbit_sleep_summary_rapids_sumdurationasleepmain_dis:7dhist,sleep,f_slp:fitbit_sleep_summary_rapids_sumdurationasleepmain_dis:7dhist,f_slp,fitbit_sleep_summary_rapids_sumdurationasleepmain,dis,7dhist,0.35662889396354863,44796
sleep__f_slp:fitbit_sleep_summary_rapids_sumdurationawakemain_dis:7dhist,sleep,f_slp:fitbit_sleep_summary_rapids_sumdurationawakemain_dis:7dhist,f_slp,fitbit_sleep_summary_rapids_sumdurationawakemain,dis,7dhist,0.35662889396354863,44796
sleep__f_slp:fitbit_sleep_summary_rapids_sumdurationtofallasleepmain_dis:7dhist,sleep,f_slp:fitbit_sleep_summary_rapids_sumdurationtofallasleepmain_dis:7dhist,f_slp,fitbit_sleep_summary_rapids_sumdurationtofallasleepmain,dis,7dhist,0.35662889396354863,44796
sleep__f_slp:fitbit_sleep_summary_rapids_sumdurationinbedmain_dis:7dhist,sleep,f_slp:fitbit_sleep_summary_rapids_sumdurationinbedmain_dis:7dhist,f_slp,fitbit_sleep_summary_rapids_sumdurationinbedmain,dis,7dhist,0.35662889396354863,44796
sleep__f_slp:fitbit_sleep_summary_rapids_avgefficiencymain_dis:7dhist,sleep,f_slp:fitbit_sleep_summary_rapids_avgefficiencymain_dis:7dhist,f_slp,fitbit_sleep_summary_rapids_avgefficiencymain,dis,7dhist,0.3575337153690379,44733
sleep__f_slp:fitbit_sleep_summary_rapids_avgdurationafterwakeupmain_dis:7dhist,sleep,f_slp:fitbit_sleep_summary_rapids_avgdurationafterwakeupmain_dis:7dhist,f_slp,fitbit_sleep_summary_rapids_avgdurationafterwakeupmain,dis,7dhist,0.35662889396354863,44796
sleep__f_slp:fitbit_sleep_summary_rapids_avgdurationasleepmain_dis:7dhist,sleep,f_slp:fitbit_sleep_summary_rapids_avgdurationasleepmain_dis:7dhist,f_slp,fitbit_sleep_summary_rapids_avgdurationasleepmain,dis,7dhist,0.35662889396354863,44796
sleep__f_slp:fitbit_sleep_summary_rapids_avgdurationawakemain_dis:7dhist,sleep,f_slp:fitbit_sleep_summary_rapids_avgdurationawakemain_dis:7dhist,f_slp,fitbit_sleep_summary_rapids_avgdurationawakemain,dis,7dhist,0.35662889396354863,44796
sleep__f_slp:fitbit_sleep_summary_rapids_avgdurationtofallasleepmain_dis:7dhist,sleep,f_slp:fitbit_sleep_summary_rapids_avgdurationtofallasleepmain_dis:7dhist,f_slp,fitbit_sleep_summary_rapids_avgdurationtofallasleepmain,dis,7dhist,0.35662889396354863,44796
sleep__f_slp:fitbit_sleep_summary_rapids_avgdurationinbedmain_dis:7dhist,sleep,f_slp:fitbit_sleep_summary_rapids_avgdurationinbedmain_dis:7dhist,f_slp,fitbit_sleep_summary_rapids_avgdurationinbedmain,dis,7dhist,0.35662889396354863,44796
sleep__f_slp:fitbit_sleep_summary_rapids_countepisodemain_dis:7dhist,sleep,f_slp:fitbit_sleep_summary_rapids_countepisodemain_dis:7dhist,f_slp,fitbit_sleep_summary_rapids_countepisodemain,dis,7dhist,0.35662889396354863,44796
sleep__f_slp:fitbit_sleep_summary_rapids_firstbedtimemain_dis:7dhist,sleep,f_slp:fitbit_sleep_summary_rapids_firstbedtimemain_dis:7dhist,f_slp,fitbit_sleep_summary_rapids_firstbedtimemain,dis,7dhist,0.3575337153690379,44733
sleep__f_slp:fitbit_sleep_summary_rapids_lastbedtimemain_dis:7dhist,sleep,f_slp:fitbit_sleep_summary_rapids_lastbedtimemain_dis:7dhist,f_slp,fitbit_sleep_summary_rapids_lastbedtimemain,dis,7dhist,0.3575337153690379,44733
sleep__f_slp:fitbit_sleep_summary_rapids_firstwaketimemain_dis:7dhist,sleep,f_slp:fitbit_sleep_summary_rapids_firstwaketimemain_dis:7dhist,f_slp,fitbit_sleep_summary_rapids_firstwaketimemain,dis,7dhist,0.35099889410717106,45188
sleep__f_slp:fitbit_sleep_summary_rapids_lastwaketimemain_dis:7dhist,sleep,f_slp:fitbit_sleep_summary_rapids_lastwaketimemain_dis:7dhist,f_slp,fitbit_sleep_summary_rapids_lastwaketimemain,dis,7dhist,0.35099889410717106,45188
sleep__f_slp:fitbit_sleep_intraday_rapids_avgdurationasleepunifiedmain_dis:7dhist,sleep,f_slp:fitbit_sleep_intraday_rapids_avgdurationasleepunifiedmain_dis:7dhist,f_slp,fitbit_sleep_intraday_rapids_avgdurationasleepunifiedmain,dis,7dhist,0.3681905008114668,43991
sleep__f_slp:fitbit_sleep_intraday_rapids_avgdurationawakeunifiedmain_dis:7dhist,sleep,f_slp:fitbit_sleep_intraday_rapids_avgdurationawakeunifiedmain_dis:7dhist,f_slp,fitbit_sleep_intraday_rapids_avgdurationawakeunifiedmain,dis,7dhist,0.3681905008114668,43991
sleep__f_slp:fitbit_sleep_intraday_rapids_maxdurationasleepunifiedmain_dis:7dhist,sleep,f_slp:fitbit_sleep_intraday_rapids_maxdurationasleepunifiedmain_dis:7dhist,f_slp,fitbit_sleep_intraday_rapids_maxdurationasleepunifiedmain,dis,7dhist,0.3681905008114668,43991
sleep__f_slp:fitbit_sleep_intraday_rapids_maxdurationawakeunifiedmain_dis:7dhist,sleep,f_slp:fitbit_sleep_intraday_rapids_maxdurationawakeunifiedmain_dis:7dhist,f_slp,fitbit_sleep_intraday_rapids_maxdurationawakeunifiedmain,dis,7dhist,0.3681905008114668,43991
sleep__f_slp:fitbit_sleep_intraday_rapids_sumdurationasleepunifiedmain_dis:7dhist,sleep,f_slp:fitbit_sleep_intraday_rapids_sumdurationasleepunifiedmain_dis:7dhist,f_slp,fitbit_sleep_intraday_rapids_sumdurationasleepunifiedmain,dis,7dhist,0.3681905008114668,43991
sleep__f_slp:fitbit_sleep_intraday_rapids_sumdurationawakeunifiedmain_dis:7dhist,sleep,f_slp:fitbit_sleep_intraday_rapids_sumdurationawakeunifiedmain_dis:7dhist,f_slp,fitbit_sleep_intraday_rapids_sumdurationawakeunifiedmain,dis,7dhist,0.3681905008114668,43991
sleep__f_slp:fitbit_sleep_intraday_rapids_countepisodeasleepunifiedmain_dis:7dhist,sleep,f_slp:fitbit_sleep_intraday_rapids_countepisodeasleepunifiedmain_dis:7dhist,f_slp,fitbit_sleep_intraday_rapids_countepisodeasleepunifiedmain,dis,7dhist,0.3681905008114668,43991
sleep__f_slp:fitbit_sleep_intraday_rapids_countepisodeawakeunifiedmain_dis:7dhist,sleep,f_slp:fitbit_sleep_intraday_rapids_countepisodeawakeunifiedmain_dis:7dhist,f_slp,fitbit_sleep_intraday_rapids_countepisodeawakeunifiedmain,dis,7dhist,0.3681905008114668,43991
sleep__f_slp:fitbit_sleep_intraday_rapids_stddurationasleepunifiedmain_dis:7dhist,sleep,f_slp:fitbit_sleep_intraday_rapids_stddurationasleepunifiedmain_dis:7dhist,f_slp,fitbit_sleep_intraday_rapids_stddurationasleepunifiedmain,dis,7dhist,0.3681905008114668,43991
sleep__f_slp:fitbit_sleep_intraday_rapids_stddurationawakeunifiedmain_dis:7dhist,sleep,f_slp:fitbit_sleep_intraday_rapids_stddurationawakeunifiedmain_dis:7dhist,f_slp,fitbit_sleep_intraday_rapids_stddurationawakeunifiedmain,dis,7dhist,0.3681905008114668,43991
sleep__f_slp:fitbit_sleep_intraday_rapids_mindurationasleepunifiedmain_dis:7dhist,sleep,f_slp:fitbit_sleep_intraday_rapids_mindurationasleepunifiedmain_dis:7dhist,f_slp,fitbit_sleep_intraday_rapids_mindurationasleepunifiedmain,dis,7dhist,0.3681905008114668,43991
sleep__f_slp:fitbit_sleep_intraday_rapids_mindurationawakeunifiedmain_dis:7dhist,sleep,f_slp:fitbit_sleep_intraday_rapids_mindurationawakeunifiedmain_dis:7dhist,f_slp,fitbit_sleep_intraday_rapids_mindurationawakeunifiedmain,dis,7dhist,0.3681905008114668,43991
sleep__f_slp:fitbit_sleep_intraday_rapids_mediandurationasleepunifiedmain_dis:7dhist,sleep,f_slp:fitbit_sleep_intraday_rapids_mediandurationasleepunifiedmain_dis:7dhist,f_slp,fitbit_sleep_intraday_rapids_mediandurationasleepunifiedmain,dis,7dhist,0.3681905008114668,43991
sleep__f_slp:fitbit_sleep_intraday_rapids_mediandurationawakeunifiedmain_dis:7dhist,sleep,f_slp:fitbit_sleep_intraday_rapids_mediandurationawakeunifiedmain_dis:7dhist,f_slp,fitbit_sleep_intraday_rapids_mediandurationawakeunifiedmain,dis,7dhist,0.3681905008114668,43991
sleep__f_slp:fitbit_sleep_intraday_rapids_ratiocountasleepunifiedwithinmain_dis:7dhist,sleep,f_slp:fitbit_sleep_intraday_rapids_ratiocountasleepunifiedwithinmain_dis:7dhist,f_slp,fitbit_sleep_intraday_rapids_ratiocountasleepunifiedwithinmain,dis,7dhist,0.3682335875450615,43988
sleep__f_slp:fitbit_sleep_intraday_rapids_ratiocountawakeunifiedwithinmain_dis:7dhist,sleep,f_slp:fitbit_sleep_intraday_rapids_ratiocountawakeunifiedwithinmain_dis:7dhist,f_slp,fitbit_sleep_intraday_rapids_ratiocountawakeunifiedwithinmain,dis,7dhist,0.3682335875450615,43988
sleep__f_slp:fitbit_sleep_intraday_rapids_ratiodurationasleepunifiedwithinmain_dis:7dhist,sleep,f_slp:fitbit_sleep_intraday_rapids_ratiodurationasleepunifiedwithinmain_dis:7dhist,f_slp,fitbit_sleep_intraday_rapids_ratiodurationasleepunifiedwithinmain,dis,7dhist,0.3682335875450615,43988
sleep__f_slp:fitbit_sleep_intraday_rapids_ratiodurationawakeunifiedwithinmain_dis:7dhist,sleep,f_slp:fitbit_sleep_intraday_rapids_ratiodurationawakeunifiedwithinmain_dis:7dhist,f_slp,fitbit_sleep_intraday_rapids_ratiodurationawakeunifiedwithinmain,dis,7dhist,0.3682335875450615,43988
sleep__f_slp:fitbit_sleep_summary_rapids_sumdurationafterwakeupmain_norm:7dhist,sleep,f_slp:fitbit_sleep_summary_rapids_sumdurationafterwakeupmain_norm:7dhist,f_slp,fitbit_sleep_summary_rapids_sumdurationafterwakeupmain,norm,7dhist,0.35662889396354863,44796
sleep__f_slp:fitbit_sleep_summary_rapids_sumdurationasleepmain_norm:7dhist,sleep,f_slp:fitbit_sleep_summary_rapids_sumdurationasleepmain_norm:7dhist,f_slp,fitbit_sleep_summary_rapids_sumdurationasleepmain,norm,7dhist,0.35662889396354863,44796
sleep__f_slp:fitbit_sleep_summary_rapids_sumdurationawakemain_norm:7dhist,sleep,f_slp:fitbit_sleep_summary_rapids_sumdurationawakemain_norm:7dhist,f_slp,fitbit_sleep_summary_rapids_sumdurationawakemain,norm,7dhist,0.35662889396354863,44796
sleep__f_slp:fitbit_sleep_summary_rapids_sumdurationtofallasleepmain_norm:7dhist,sleep,f_slp:fitbit_sleep_summary_rapids_sumdurationtofallasleepmain_norm:7dhist,f_slp,fitbit_sleep_summary_rapids_sumdurationtofallasleepmain,norm,7dhist,0.35662889396354863,44796
sleep__f_slp:fitbit_sleep_summary_rapids_sumdurationinbedmain_norm:7dhist,sleep,f_slp:fitbit_sleep_summary_rapids_sumdurationinbedmain_norm:7dhist,f_slp,fitbit_sleep_summary_rapids_sumdurationinbedmain,norm,7dhist,0.35662889396354863,44796
sleep__f_slp:fitbit_sleep_summary_rapids_avgefficiencymain_norm:7dhist,sleep,f_slp:fitbit_sleep_summary_rapids_avgefficiencymain_norm:7dhist,f_slp,fitbit_sleep_summary_rapids_avgefficiencymain,norm,7dhist,0.3575337153690379,44733
sleep__f_slp:fitbit_sleep_summary_rapids_avgdurationafterwakeupmain_norm:7dhist,sleep,f_slp:fitbit_sleep_summary_rapids_avgdurationafterwakeupmain_norm:7dhist,f_slp,fitbit_sleep_summary_rapids_avgdurationafterwakeupmain,norm,7dhist,0.35662889396354863,44796
sleep__f_slp:fitbit_sleep_summary_rapids_avgdurationasleepmain_norm:7dhist,sleep,f_slp:fitbit_sleep_summary_rapids_avgdurationasleepmain_norm:7dhist,f_slp,fitbit_sleep_summary_rapids_avgdurationasleepmain,norm,7dhist,0.35662889396354863,44796
sleep__f_slp:fitbit_sleep_summary_rapids_avgdurationawakemain_norm:7dhist,sleep,f_slp:fitbit_sleep_summary_rapids_avgdurationawakemain_norm:7dhist,f_slp,fitbit_sleep_summary_rapids_avgdurationawakemain,norm,7dhist,0.35662889396354863,44796
sleep__f_slp:fitbit_sleep_summary_rapids_avgdurationtofallasleepmain_norm:7dhist,sleep,f_slp:fitbit_sleep_summary_rapids_avgdurationtofallasleepmain_norm:7dhist,f_slp,fitbit_sleep_summary_rapids_avgdurationtofallasleepmain,norm,7dhist,0.35662889396354863,44796
sleep__f_slp:fitbit_sleep_summary_rapids_avgdurationinbedmain_norm:7dhist,sleep,f_slp:fitbit_sleep_summary_rapids_avgdurationinbedmain_norm:7dhist,f_slp,fitbit_sleep_summary_rapids_avgdurationinbedmain,norm,7dhist,0.35662889396354863,44796
sleep__f_slp:fitbit_sleep_summary_rapids_countepisodemain_norm:7dhist,sleep,f_slp:fitbit_sleep_summary_rapids_countepisodemain_norm:7dhist,f_slp,fitbit_sleep_summary_rapids_countepisodemain,norm,7dhist,0.35662889396354863,44796
sleep__f_slp:fitbit_sleep_summary_rapids_firstbedtimemain_norm:7dhist,sleep,f_slp:fitbit_sleep_summary_rapids_firstbedtimemain_norm:7dhist,f_slp,fitbit_sleep_summary_rapids_firstbedtimemain,norm,7dhist,0.3575337153690379,44733
sleep__f_slp:fitbit_sleep_summary_rapids_lastbedtimemain_norm:7dhist,sleep,f_slp:fitbit_sleep_summary_rapids_lastbedtimemain_norm:7dhist,f_slp,fitbit_sleep_summary_rapids_lastbedtimemain,norm,7dhist,0.3575337153690379,44733
sleep__f_slp:fitbit_sleep_summary_rapids_firstwaketimemain_norm:7dhist,sleep,f_slp:fitbit_sleep_summary_rapids_firstwaketimemain_norm:7dhist,f_slp,fitbit_sleep_summary_rapids_firstwaketimemain,norm,7dhist,0.35099889410717106,45188
sleep__f_slp:fitbit_sleep_summary_rapids_lastwaketimemain_norm:7dhist,sleep,f_slp:fitbit_sleep_summary_rapids_lastwaketimemain_norm:7dhist,f_slp,fitbit_sleep_summary_rapids_lastwaketimemain,norm,7dhist,0.35099889410717106,45188
sleep__f_slp:fitbit_sleep_intraday_rapids_avgdurationasleepunifiedmain_norm:7dhist,sleep,f_slp:fitbit_sleep_intraday_rapids_avgdurationasleepunifiedmain_norm:7dhist,f_slp,fitbit_sleep_intraday_rapids_avgdurationasleepunifiedmain,norm,7dhist,0.3681905008114668,43991
sleep__f_slp:fitbit_sleep_intraday_rapids_avgdurationawakeunifiedmain_norm:7dhist,sleep,f_slp:fitbit_sleep_intraday_rapids_avgdurationawakeunifiedmain_norm:7dhist,f_slp,fitbit_sleep_intraday_rapids_avgdurationawakeunifiedmain,norm,7dhist,0.3681905008114668,43991
sleep__f_slp:fitbit_sleep_intraday_rapids_maxdurationasleepunifiedmain_norm:7dhist,sleep,f_slp:fitbit_sleep_intraday_rapids_maxdurationasleepunifiedmain_norm:7dhist,f_slp,fitbit_sleep_intraday_rapids_maxdurationasleepunifiedmain,norm,7dhist,0.3681905008114668,43991
sleep__f_slp:fitbit_sleep_intraday_rapids_maxdurationawakeunifiedmain_norm:7dhist,sleep,f_slp:fitbit_sleep_intraday_rapids_maxdurationawakeunifiedmain_norm:7dhist,f_slp,fitbit_sleep_intraday_rapids_maxdurationawakeunifiedmain,norm,7dhist,0.3681905008114668,43991
sleep__f_slp:fitbit_sleep_intraday_rapids_sumdurationasleepunifiedmain_norm:7dhist,sleep,f_slp:fitbit_sleep_intraday_rapids_sumdurationasleepunifiedmain_norm:7dhist,f_slp,fitbit_sleep_intraday_rapids_sumdurationasleepunifiedmain,norm,7dhist,0.3681905008114668,43991
sleep__f_slp:fitbit_sleep_intraday_rapids_sumdurationawakeunifiedmain_norm:7dhist,sleep,f_slp:fitbit_sleep_intraday_rapids_sumdurationawakeunifiedmain_norm:7dhist,f_slp,fitbit_sleep_intraday_rapids_sumdurationawakeunifiedmain,norm,7dhist,0.3681905008114668,43991
sleep__f_slp:fitbit_sleep_intraday_rapids_countepisodeasleepunifiedmain_norm:7dhist,sleep,f_slp:fitbit_sleep_intraday_rapids_countepisodeasleepunifiedmain_norm:7dhist,f_slp,fitbit_sleep_intraday_rapids_countepisodeasleepunifiedmain,norm,7dhist,0.3681905008114668,43991
sleep__f_slp:fitbit_sleep_intraday_rapids_countepisodeawakeunifiedmain_norm:7dhist,sleep,f_slp:fitbit_sleep_intraday_rapids_countepisodeawakeunifiedmain_norm:7dhist,f_slp,fitbit_sleep_intraday_rapids_countepisodeawakeunifiedmain,norm,7dhist,0.3681905008114668,43991
sleep__f_slp:fitbit_sleep_intraday_rapids_stddurationasleepunifiedmain_norm:7dhist,sleep,f_slp:fitbit_sleep_intraday_rapids_stddurationasleepunifiedmain_norm:7dhist,f_slp,fitbit_sleep_intraday_rapids_stddurationasleepunifiedmain,norm,7dhist,0.3681905008114668,43991
sleep__f_slp:fitbit_sleep_intraday_rapids_stddurationawakeunifiedmain_norm:7dhist,sleep,f_slp:fitbit_sleep_intraday_rapids_stddurationawakeunifiedmain_norm:7dhist,f_slp,fitbit_sleep_intraday_rapids_stddurationawakeunifiedmain,norm,7dhist,0.3681905008114668,43991
sleep__f_slp:fitbit_sleep_intraday_rapids_mindurationasleepunifiedmain_norm:7dhist,sleep,f_slp:fitbit_sleep_intraday_rapids_mindurationasleepunifiedmain_norm:7dhist,f_slp,fitbit_sleep_intraday_rapids_mindurationasleepunifiedmain,norm,7dhist,0.3681905008114668,43991
sleep__f_slp:fitbit_sleep_intraday_rapids_mindurationawakeunifiedmain_norm:7dhist,sleep,f_slp:fitbit_sleep_intraday_rapids_mindurationawakeunifiedmain_norm:7dhist,f_slp,fitbit_sleep_intraday_rapids_mindurationawakeunifiedmain,norm,7dhist,0.3681905008114668,43991
sleep__f_slp:fitbit_sleep_intraday_rapids_mediandurationasleepunifiedmain_norm:7dhist,sleep,f_slp:fitbit_sleep_intraday_rapids_mediandurationasleepunifiedmain_norm:7dhist,f_slp,fitbit_sleep_intraday_rapids_mediandurationasleepunifiedmain,norm,7dhist,0.3681905008114668,43991
sleep__f_slp:fitbit_sleep_intraday_rapids_mediandurationawakeunifiedmain_norm:7dhist,sleep,f_slp:fitbit_sleep_intraday_rapids_mediandurationawakeunifiedmain_norm:7dhist,f_slp,fitbit_sleep_intraday_rapids_mediandurationawakeunifiedmain,norm,7dhist,0.3681905008114668,43991
sleep__f_slp:fitbit_sleep_intraday_rapids_ratiocountasleepunifiedwithinmain_norm:7dhist,sleep,f_slp:fitbit_sleep_intraday_rapids_ratiocountasleepunifiedwithinmain_norm:7dhist,f_slp,fitbit_sleep_intraday_rapids_ratiocountasleepunifiedwithinmain,norm,7dhist,0.3682335875450615,43988
sleep__f_slp:fitbit_sleep_intraday_rapids_ratiocountawakeunifiedwithinmain_norm:7dhist,sleep,f_slp:fitbit_sleep_intraday_rapids_ratiocountawakeunifiedwithinmain_norm:7dhist,f_slp,fitbit_sleep_intraday_rapids_ratiocountawakeunifiedwithinmain,norm,7dhist,0.3682335875450615,43988
sleep__f_slp:fitbit_sleep_intraday_rapids_ratiodurationasleepunifiedwithinmain_norm:7dhist,sleep,f_slp:fitbit_sleep_intraday_rapids_ratiodurationasleepunifiedwithinmain_norm:7dhist,f_slp,fitbit_sleep_intraday_rapids_ratiodurationasleepunifiedwithinmain,norm,7dhist,0.3682335875450615,43988
sleep__f_slp:fitbit_sleep_intraday_rapids_ratiodurationawakeunifiedwithinmain_norm:7dhist,sleep,f_slp:fitbit_sleep_intraday_rapids_ratiodurationawakeunifiedwithinmain_norm:7dhist,f_slp,fitbit_sleep_intraday_rapids_ratiodurationawakeunifiedwithinmain,norm,7dhist,0.3682335875450615,43988
sleep__f_slp:fitbit_sleep_summary_rapids_sumdurationafterwakeupmain:afternoon,sleep,f_slp:fitbit_sleep_summary_rapids_sumdurationafterwakeupmain:afternoon,f_slp,fitbit_sleep_summary_rapids_sumdurationafterwakeupmain,raw,afternoon,1.0,0
sleep__f_slp:fitbit_sleep_summary_rapids_sumdurationasleepmain:afternoon,sleep,f_slp:fitbit_sleep_summary_rapids_sumdurationasleepmain:afternoon,f_slp,fitbit_sleep_summary_rapids_sumdurationasleepmain,raw,afternoon,1.0,0
sleep__f_slp:fitbit_sleep_summary_rapids_sumdurationawakemain:afternoon,sleep,f_slp:fitbit_sleep_summary_rapids_sumdurationawakemain:afternoon,f_slp,fitbit_sleep_summary_rapids_sumdurationawakemain,raw,afternoon,1.0,0
sleep__f_slp:fitbit_sleep_summary_rapids_sumdurationtofallasleepmain:afternoon,sleep,f_slp:fitbit_sleep_summary_rapids_sumdurationtofallasleepmain:afternoon,f_slp,fitbit_sleep_summary_rapids_sumdurationtofallasleepmain,raw,afternoon,1.0,0
sleep__f_slp:fitbit_sleep_summary_rapids_sumdurationinbedmain:afternoon,sleep,f_slp:fitbit_sleep_summary_rapids_sumdurationinbedmain:afternoon,f_slp,fitbit_sleep_summary_rapids_sumdurationinbedmain,raw,afternoon,1.0,0
sleep__f_slp:fitbit_sleep_summary_rapids_avgefficiencymain:afternoon,sleep,f_slp:fitbit_sleep_summary_rapids_avgefficiencymain:afternoon,f_slp,fitbit_sleep_summary_rapids_avgefficiencymain,raw,afternoon,1.0,0
sleep__f_slp:fitbit_sleep_summary_rapids_avgdurationafterwakeupmain:afternoon,sleep,f_slp:fitbit_sleep_summary_rapids_avgdurationafterwakeupmain:afternoon,f_slp,fitbit_sleep_summary_rapids_avgdurationafterwakeupmain,raw,afternoon,1.0,0
sleep__f_slp:fitbit_sleep_summary_rapids_avgdurationasleepmain:afternoon,sleep,f_slp:fitbit_sleep_summary_rapids_avgdurationasleepmain:afternoon,f_slp,fitbit_sleep_summary_rapids_avgdurationasleepmain,raw,afternoon,1.0,0
sleep__f_slp:fitbit_sleep_summary_rapids_avgdurationawakemain:afternoon,sleep,f_slp:fitbit_sleep_summary_rapids_avgdurationawakemain:afternoon,f_slp,fitbit_sleep_summary_rapids_avgdurationawakemain,raw,afternoon,1.0,0
sleep__f_slp:fitbit_sleep_summary_rapids_avgdurationtofallasleepmain:afternoon,sleep,f_slp:fitbit_sleep_summary_rapids_avgdurationtofallasleepmain:afternoon,f_slp,fitbit_sleep_summary_rapids_avgdurationtofallasleepmain,raw,afternoon,1.0,0
sleep__f_slp:fitbit_sleep_summary_rapids_avgdurationinbedmain:afternoon,sleep,f_slp:fitbit_sleep_summary_rapids_avgdurationinbedmain:afternoon,f_slp,fitbit_sleep_summary_rapids_avgdurationinbedmain,raw,afternoon,1.0,0
sleep__f_slp:fitbit_sleep_summary_rapids_countepisodemain:afternoon,sleep,f_slp:fitbit_sleep_summary_rapids_countepisodemain:afternoon,f_slp,fitbit_sleep_summary_rapids_countepisodemain,raw,afternoon,1.0,0
sleep__f_slp:fitbit_sleep_summary_rapids_firstbedtimemain:afternoon,sleep,f_slp:fitbit_sleep_summary_rapids_firstbedtimemain:afternoon,f_slp,fitbit_sleep_summary_rapids_firstbedtimemain,raw,afternoon,1.0,0
sleep__f_slp:fitbit_sleep_summary_rapids_lastbedtimemain:afternoon,sleep,f_slp:fitbit_sleep_summary_rapids_lastbedtimemain:afternoon,f_slp,fitbit_sleep_summary_rapids_lastbedtimemain,raw,afternoon,1.0,0
sleep__f_slp:fitbit_sleep_summary_rapids_firstwaketimemain:afternoon,sleep,f_slp:fitbit_sleep_summary_rapids_firstwaketimemain:afternoon,f_slp,fitbit_sleep_summary_rapids_firstwaketimemain,raw,afternoon,1.0,0
sleep__f_slp:fitbit_sleep_summary_rapids_lastwaketimemain:afternoon,sleep,f_slp:fitbit_sleep_summary_rapids_lastwaketimemain:afternoon,f_slp,fitbit_sleep_summary_rapids_lastwaketimemain,raw,afternoon,1.0,0
sleep__f_slp:fitbit_sleep_intraday_rapids_avgdurationasleepunifiedmain:afternoon,sleep,f_slp:fitbit_sleep_intraday_rapids_avgdurationasleepunifiedmain:afternoon,f_slp,fitbit_sleep_intraday_rapids_avgdurationasleepunifiedmain,raw,afternoon,0.9029686759446767,6756
sleep__f_slp:fitbit_sleep_intraday_rapids_avgdurationawakeunifiedmain:afternoon,sleep,f_slp:fitbit_sleep_intraday_rapids_avgdurationawakeunifiedmain:afternoon,f_slp,fitbit_sleep_intraday_rapids_avgdurationawakeunifiedmain,raw,afternoon,0.9029686759446767,6756
sleep__f_slp:fitbit_sleep_intraday_rapids_maxdurationasleepunifiedmain:afternoon,sleep,f_slp:fitbit_sleep_intraday_rapids_maxdurationasleepunifiedmain:afternoon,f_slp,fitbit_sleep_intraday_rapids_maxdurationasleepunifiedmain,raw,afternoon,0.9029686759446767,6756
sleep__f_slp:fitbit_sleep_intraday_rapids_maxdurationawakeunifiedmain:afternoon,sleep,f_slp:fitbit_sleep_intraday_rapids_maxdurationawakeunifiedmain:afternoon,f_slp,fitbit_sleep_intraday_rapids_maxdurationawakeunifiedmain,raw,afternoon,0.9029686759446767,6756
sleep__f_slp:fitbit_sleep_intraday_rapids_sumdurationasleepunifiedmain:afternoon,sleep,f_slp:fitbit_sleep_intraday_rapids_sumdurationasleepunifiedmain:afternoon,f_slp,fitbit_sleep_intraday_rapids_sumdurationasleepunifiedmain,raw,afternoon,0.9029686759446767,6756
sleep__f_slp:fitbit_sleep_intraday_rapids_sumdurationawakeunifiedmain:afternoon,sleep,f_slp:fitbit_sleep_intraday_rapids_sumdurationawakeunifiedmain:afternoon,f_slp,fitbit_sleep_intraday_rapids_sumdurationawakeunifiedmain,raw,afternoon,0.9029686759446767,6756
sleep__f_slp:fitbit_sleep_intraday_rapids_countepisodeasleepunifiedmain:afternoon,sleep,f_slp:fitbit_sleep_intraday_rapids_countepisodeasleepunifiedmain:afternoon,f_slp,fitbit_sleep_intraday_rapids_countepisodeasleepunifiedmain,raw,afternoon,0.9029686759446767,6756
sleep__f_slp:fitbit_sleep_intraday_rapids_countepisodeawakeunifiedmain:afternoon,sleep,f_slp:fitbit_sleep_intraday_rapids_countepisodeawakeunifiedmain:afternoon,f_slp,fitbit_sleep_intraday_rapids_countepisodeawakeunifiedmain,raw,afternoon,0.9029686759446767,6756
sleep__f_slp:fitbit_sleep_intraday_rapids_stddurationasleepunifiedmain:afternoon,sleep,f_slp:fitbit_sleep_intraday_rapids_stddurationasleepunifiedmain:afternoon,f_slp,fitbit_sleep_intraday_rapids_stddurationasleepunifiedmain,raw,afternoon,0.9029686759446767,6756
sleep__f_slp:fitbit_sleep_intraday_rapids_stddurationawakeunifiedmain:afternoon,sleep,f_slp:fitbit_sleep_intraday_rapids_stddurationawakeunifiedmain:afternoon,f_slp,fitbit_sleep_intraday_rapids_stddurationawakeunifiedmain,raw,afternoon,0.9029686759446767,6756
sleep__f_slp:fitbit_sleep_intraday_rapids_mindurationasleepunifiedmain:afternoon,sleep,f_slp:fitbit_sleep_intraday_rapids_mindurationasleepunifiedmain:afternoon,f_slp,fitbit_sleep_intraday_rapids_mindurationasleepunifiedmain,raw,afternoon,0.9029686759446767,6756
sleep__f_slp:fitbit_sleep_intraday_rapids_mindurationawakeunifiedmain:afternoon,sleep,f_slp:fitbit_sleep_intraday_rapids_mindurationawakeunifiedmain:afternoon,f_slp,fitbit_sleep_intraday_rapids_mindurationawakeunifiedmain,raw,afternoon,0.9029686759446767,6756
sleep__f_slp:fitbit_sleep_intraday_rapids_mediandurationasleepunifiedmain:afternoon,sleep,f_slp:fitbit_sleep_intraday_rapids_mediandurationasleepunifiedmain:afternoon,f_slp,fitbit_sleep_intraday_rapids_mediandurationasleepunifiedmain,raw,afternoon,0.9029686759446767,6756
sleep__f_slp:fitbit_sleep_intraday_rapids_mediandurationawakeunifiedmain:afternoon,sleep,f_slp:fitbit_sleep_intraday_rapids_mediandurationawakeunifiedmain:afternoon,f_slp,fitbit_sleep_intraday_rapids_mediandurationawakeunifiedmain,raw,afternoon,0.9029686759446767,6756
sleep__f_slp:fitbit_sleep_intraday_rapids_ratiocountasleepunifiedwithinmain:afternoon,sleep,f_slp:fitbit_sleep_intraday_rapids_ratiocountasleepunifiedwithinmain:afternoon,f_slp,fitbit_sleep_intraday_rapids_ratiocountasleepunifiedwithinmain,raw,afternoon,0.9414738535338303,4075
sleep__f_slp:fitbit_sleep_intraday_rapids_ratiocountawakeunifiedwithinmain:afternoon,sleep,f_slp:fitbit_sleep_intraday_rapids_ratiocountawakeunifiedwithinmain:afternoon,f_slp,fitbit_sleep_intraday_rapids_ratiocountawakeunifiedwithinmain,raw,afternoon,0.9414738535338303,4075
sleep__f_slp:fitbit_sleep_intraday_rapids_ratiodurationasleepunifiedwithinmain:afternoon,sleep,f_slp:fitbit_sleep_intraday_rapids_ratiodurationasleepunifiedwithinmain:afternoon,f_slp,fitbit_sleep_intraday_rapids_ratiodurationasleepunifiedwithinmain,raw,afternoon,0.9414738535338303,4075
sleep__f_slp:fitbit_sleep_intraday_rapids_ratiodurationawakeunifiedwithinmain:afternoon,sleep,f_slp:fitbit_sleep_intraday_rapids_ratiodurationawakeunifiedwithinmain:afternoon,f_slp,fitbit_sleep_intraday_rapids_ratiodurationawakeunifiedwithinmain,raw,afternoon,0.9414738535338303,4075
sleep__f_slp:fitbit_sleep_summary_rapids_sumdurationafterwakeupmain_dis:afternoon,sleep,f_slp:fitbit_sleep_summary_rapids_sumdurationafterwakeupmain_dis:afternoon,f_slp,fitbit_sleep_summary_rapids_sumdurationafterwakeupmain,dis,afternoon,1.0,0
sleep__f_slp:fitbit_sleep_summary_rapids_sumdurationasleepmain_dis:afternoon,sleep,f_slp:fitbit_sleep_summary_rapids_sumdurationasleepmain_dis:afternoon,f_slp,fitbit_sleep_summary_rapids_sumdurationasleepmain,dis,afternoon,1.0,0
sleep__f_slp:fitbit_sleep_summary_rapids_sumdurationawakemain_dis:afternoon,sleep,f_slp:fitbit_sleep_summary_rapids_sumdurationawakemain_dis:afternoon,f_slp,fitbit_sleep_summary_rapids_sumdurationawakemain,dis,afternoon,1.0,0
sleep__f_slp:fitbit_sleep_summary_rapids_sumdurationtofallasleepmain_dis:afternoon,sleep,f_slp:fitbit_sleep_summary_rapids_sumdurationtofallasleepmain_dis:afternoon,f_slp,fitbit_sleep_summary_rapids_sumdurationtofallasleepmain,dis,afternoon,1.0,0
sleep__f_slp:fitbit_sleep_summary_rapids_sumdurationinbedmain_dis:afternoon,sleep,f_slp:fitbit_sleep_summary_rapids_sumdurationinbedmain_dis:afternoon,f_slp,fitbit_sleep_summary_rapids_sumdurationinbedmain,dis,afternoon,1.0,0
sleep__f_slp:fitbit_sleep_summary_rapids_avgefficiencymain_dis:afternoon,sleep,f_slp:fitbit_sleep_summary_rapids_avgefficiencymain_dis:afternoon,f_slp,fitbit_sleep_summary_rapids_avgefficiencymain,dis,afternoon,1.0,0
sleep__f_slp:fitbit_sleep_summary_rapids_avgdurationafterwakeupmain_dis:afternoon,sleep,f_slp:fitbit_sleep_summary_rapids_avgdurationafterwakeupmain_dis:afternoon,f_slp,fitbit_sleep_summary_rapids_avgdurationafterwakeupmain,dis,afternoon,1.0,0
sleep__f_slp:fitbit_sleep_summary_rapids_avgdurationasleepmain_dis:afternoon,sleep,f_slp:fitbit_sleep_summary_rapids_avgdurationasleepmain_dis:afternoon,f_slp,fitbit_sleep_summary_rapids_avgdurationasleepmain,dis,afternoon,1.0,0
sleep__f_slp:fitbit_sleep_summary_rapids_avgdurationawakemain_dis:afternoon,sleep,f_slp:fitbit_sleep_summary_rapids_avgdurationawakemain_dis:afternoon,f_slp,fitbit_sleep_summary_rapids_avgdurationawakemain,dis,afternoon,1.0,0
sleep__f_slp:fitbit_sleep_summary_rapids_avgdurationtofallasleepmain_dis:afternoon,sleep,f_slp:fitbit_sleep_summary_rapids_avgdurationtofallasleepmain_dis:afternoon,f_slp,fitbit_sleep_summary_rapids_avgdurationtofallasleepmain,dis,afternoon,1.0,0
sleep__f_slp:fitbit_sleep_summary_rapids_avgdurationinbedmain_dis:afternoon,sleep,f_slp:fitbit_sleep_summary_rapids_avgdurationinbedmain_dis:afternoon,f_slp,fitbit_sleep_summary_rapids_avgdurationinbedmain,dis,afternoon,1.0,0
sleep__f_slp:fitbit_sleep_summary_rapids_countepisodemain_dis:afternoon,sleep,f_slp:fitbit_sleep_summary_rapids_countepisodemain_dis:afternoon,f_slp,fitbit_sleep_summary_rapids_countepisodemain,dis,afternoon,1.0,0
sleep__f_slp:fitbit_sleep_summary_rapids_firstbedtimemain_dis:afternoon,sleep,f_slp:fitbit_sleep_summary_rapids_firstbedtimemain_dis:afternoon,f_slp,fitbit_sleep_summary_rapids_firstbedtimemain,dis,afternoon,1.0,0
sleep__f_slp:fitbit_sleep_summary_rapids_lastbedtimemain_dis:afternoon,sleep,f_slp:fitbit_sleep_summary_rapids_lastbedtimemain_dis:afternoon,f_slp,fitbit_sleep_summary_rapids_lastbedtimemain,dis,afternoon,1.0,0
sleep__f_slp:fitbit_sleep_summary_rapids_firstwaketimemain_dis:afternoon,sleep,f_slp:fitbit_sleep_summary_rapids_firstwaketimemain_dis:afternoon,f_slp,fitbit_sleep_summary_rapids_firstwaketimemain,dis,afternoon,1.0,0
sleep__f_slp:fitbit_sleep_summary_rapids_lastwaketimemain_dis:afternoon,sleep,f_slp:fitbit_sleep_summary_rapids_lastwaketimemain_dis:afternoon,f_slp,fitbit_sleep_summary_rapids_lastwaketimemain,dis,afternoon,1.0,0
sleep__f_slp:fitbit_sleep_intraday_rapids_avgdurationasleepunifiedmain_dis:afternoon,sleep,f_slp:fitbit_sleep_intraday_rapids_avgdurationasleepunifiedmain_dis:afternoon,f_slp,fitbit_sleep_intraday_rapids_avgdurationasleepunifiedmain,dis,afternoon,0.9029686759446767,6756
sleep__f_slp:fitbit_sleep_intraday_rapids_avgdurationawakeunifiedmain_dis:afternoon,sleep,f_slp:fitbit_sleep_intraday_rapids_avgdurationawakeunifiedmain_dis:afternoon,f_slp,fitbit_sleep_intraday_rapids_avgdurationawakeunifiedmain,dis,afternoon,0.9029686759446767,6756
sleep__f_slp:fitbit_sleep_intraday_rapids_maxdurationasleepunifiedmain_dis:afternoon,sleep,f_slp:fitbit_sleep_intraday_rapids_maxdurationasleepunifiedmain_dis:afternoon,f_slp,fitbit_sleep_intraday_rapids_maxdurationasleepunifiedmain,dis,afternoon,0.9029686759446767,6756
sleep__f_slp:fitbit_sleep_intraday_rapids_maxdurationawakeunifiedmain_dis:afternoon,sleep,f_slp:fitbit_sleep_intraday_rapids_maxdurationawakeunifiedmain_dis:afternoon,f_slp,fitbit_sleep_intraday_rapids_maxdurationawakeunifiedmain,dis,afternoon,0.9029686759446767,6756
sleep__f_slp:fitbit_sleep_intraday_rapids_sumdurationasleepunifiedmain_dis:afternoon,sleep,f_slp:fitbit_sleep_intraday_rapids_sumdurationasleepunifiedmain_dis:afternoon,f_slp,fitbit_sleep_intraday_rapids_sumdurationasleepunifiedmain,dis,afternoon,0.9029686759446767,6756
sleep__f_slp:fitbit_sleep_intraday_rapids_sumdurationawakeunifiedmain_dis:afternoon,sleep,f_slp:fitbit_sleep_intraday_rapids_sumdurationawakeunifiedmain_dis:afternoon,f_slp,fitbit_sleep_intraday_rapids_sumdurationawakeunifiedmain,dis,afternoon,0.9029686759446767,6756
sleep__f_slp:fitbit_sleep_intraday_rapids_countepisodeasleepunifiedmain_dis:afternoon,sleep,f_slp:fitbit_sleep_intraday_rapids_countepisodeasleepunifiedmain_dis:afternoon,f_slp,fitbit_sleep_intraday_rapids_countepisodeasleepunifiedmain,dis,afternoon,0.9029686759446767,6756
sleep__f_slp:fitbit_sleep_intraday_rapids_countepisodeawakeunifiedmain_dis:afternoon,sleep,f_slp:fitbit_sleep_intraday_rapids_countepisodeawakeunifiedmain_dis:afternoon,f_slp,fitbit_sleep_intraday_rapids_countepisodeawakeunifiedmain,dis,afternoon,0.9029686759446767,6756
sleep__f_slp:fitbit_sleep_intraday_rapids_stddurationasleepunifiedmain_dis:afternoon,sleep,f_slp:fitbit_sleep_intraday_rapids_stddurationasleepunifiedmain_dis:afternoon,f_slp,fitbit_sleep_intraday_rapids_stddurationasleepunifiedmain,dis,afternoon,0.9029686759446767,6756
sleep__f_slp:fitbit_sleep_intraday_rapids_stddurationawakeunifiedmain_dis:afternoon,sleep,f_slp:fitbit_sleep_intraday_rapids_stddurationawakeunifiedmain_dis:afternoon,f_slp,fitbit_sleep_intraday_rapids_stddurationawakeunifiedmain,dis,afternoon,0.9029686759446767,6756
sleep__f_slp:fitbit_sleep_intraday_rapids_mindurationasleepunifiedmain_dis:afternoon,sleep,f_slp:fitbit_sleep_intraday_rapids_mindurationasleepunifiedmain_dis:afternoon,f_slp,fitbit_sleep_intraday_rapids_mindurationasleepunifiedmain,dis,afternoon,0.9029686759446767,6756
sleep__f_slp:fitbit_sleep_intraday_rapids_mindurationawakeunifiedmain_dis:afternoon,sleep,f_slp:fitbit_sleep_intraday_rapids_mindurationawakeunifiedmain_dis:afternoon,f_slp,fitbit_sleep_intraday_rapids_mindurationawakeunifiedmain,dis,afternoon,0.9029686759446767,6756
sleep__f_slp:fitbit_sleep_intraday_rapids_mediandurationasleepunifiedmain_dis:afternoon,sleep,f_slp:fitbit_sleep_intraday_rapids_mediandurationasleepunifiedmain_dis:afternoon,f_slp,fitbit_sleep_intraday_rapids_mediandurationasleepunifiedmain,dis,afternoon,0.9029686759446767,6756
sleep__f_slp:fitbit_sleep_intraday_rapids_mediandurationawakeunifiedmain_dis:afternoon,sleep,f_slp:fitbit_sleep_intraday_rapids_mediandurationawakeunifiedmain_dis:afternoon,f_slp,fitbit_sleep_intraday_rapids_mediandurationawakeunifiedmain,dis,afternoon,0.9029686759446767,6756
sleep__f_slp:fitbit_sleep_intraday_rapids_ratiocountasleepunifiedwithinmain_dis:afternoon,sleep,f_slp:fitbit_sleep_intraday_rapids_ratiocountasleepunifiedwithinmain_dis:afternoon,f_slp,fitbit_sleep_intraday_rapids_ratiocountasleepunifiedwithinmain,dis,afternoon,0.9414738535338303,4075
sleep__f_slp:fitbit_sleep_intraday_rapids_ratiocountawakeunifiedwithinmain_dis:afternoon,sleep,f_slp:fitbit_sleep_intraday_rapids_ratiocountawakeunifiedwithinmain_dis:afternoon,f_slp,fitbit_sleep_intraday_rapids_ratiocountawakeunifiedwithinmain,dis,afternoon,0.9414738535338303,4075
sleep__f_slp:fitbit_sleep_intraday_rapids_ratiodurationasleepunifiedwithinmain_dis:afternoon,sleep,f_slp:fitbit_sleep_intraday_rapids_ratiodurationasleepunifiedwithinmain_dis:afternoon,f_slp,fitbit_sleep_intraday_rapids_ratiodurationasleepunifiedwithinmain,dis,afternoon,0.9414738535338303,4075
sleep__f_slp:fitbit_sleep_intraday_rapids_ratiodurationawakeunifiedwithinmain_dis:afternoon,sleep,f_slp:fitbit_sleep_intraday_rapids_ratiodurationawakeunifiedwithinmain_dis:afternoon,f_slp,fitbit_sleep_intraday_rapids_ratiodurationawakeunifiedwithinmain,dis,afternoon,0.9414738535338303,4075
sleep__f_slp:fitbit_sleep_summary_rapids_sumdurationafterwakeupmain_norm:afternoon,sleep,f_slp:fitbit_sleep_summary_rapids_sumdurationafterwakeupmain_norm:afternoon,f_slp,fitbit_sleep_summary_rapids_sumdurationafterwakeupmain,norm,afternoon,1.0,0
sleep__f_slp:fitbit_sleep_summary_rapids_sumdurationasleepmain_norm:afternoon,sleep,f_slp:fitbit_sleep_summary_rapids_sumdurationasleepmain_norm:afternoon,f_slp,fitbit_sleep_summary_rapids_sumdurationasleepmain,norm,afternoon,1.0,0
sleep__f_slp:fitbit_sleep_summary_rapids_sumdurationawakemain_norm:afternoon,sleep,f_slp:fitbit_sleep_summary_rapids_sumdurationawakemain_norm:afternoon,f_slp,fitbit_sleep_summary_rapids_sumdurationawakemain,norm,afternoon,1.0,0
sleep__f_slp:fitbit_sleep_summary_rapids_sumdurationtofallasleepmain_norm:afternoon,sleep,f_slp:fitbit_sleep_summary_rapids_sumdurationtofallasleepmain_norm:afternoon,f_slp,fitbit_sleep_summary_rapids_sumdurationtofallasleepmain,norm,afternoon,1.0,0
sleep__f_slp:fitbit_sleep_summary_rapids_sumdurationinbedmain_norm:afternoon,sleep,f_slp:fitbit_sleep_summary_rapids_sumdurationinbedmain_norm:afternoon,f_slp,fitbit_sleep_summary_rapids_sumdurationinbedmain,norm,afternoon,1.0,0
sleep__f_slp:fitbit_sleep_summary_rapids_avgefficiencymain_norm:afternoon,sleep,f_slp:fitbit_sleep_summary_rapids_avgefficiencymain_norm:afternoon,f_slp,fitbit_sleep_summary_rapids_avgefficiencymain,norm,afternoon,1.0,0
sleep__f_slp:fitbit_sleep_summary_rapids_avgdurationafterwakeupmain_norm:afternoon,sleep,f_slp:fitbit_sleep_summary_rapids_avgdurationafterwakeupmain_norm:afternoon,f_slp,fitbit_sleep_summary_rapids_avgdurationafterwakeupmain,norm,afternoon,1.0,0
sleep__f_slp:fitbit_sleep_summary_rapids_avgdurationasleepmain_norm:afternoon,sleep,f_slp:fitbit_sleep_summary_rapids_avgdurationasleepmain_norm:afternoon,f_slp,fitbit_sleep_summary_rapids_avgdurationasleepmain,norm,afternoon,1.0,0
sleep__f_slp:fitbit_sleep_summary_rapids_avgdurationawakemain_norm:afternoon,sleep,f_slp:fitbit_sleep_summary_rapids_avgdurationawakemain_norm:afternoon,f_slp,fitbit_sleep_summary_rapids_avgdurationawakemain,norm,afternoon,1.0,0
sleep__f_slp:fitbit_sleep_summary_rapids_avgdurationtofallasleepmain_norm:afternoon,sleep,f_slp:fitbit_sleep_summary_rapids_avgdurationtofallasleepmain_norm:afternoon,f_slp,fitbit_sleep_summary_rapids_avgdurationtofallasleepmain,norm,afternoon,1.0,0
sleep__f_slp:fitbit_sleep_summary_rapids_avgdurationinbedmain_norm:afternoon,sleep,f_slp:fitbit_sleep_summary_rapids_avgdurationinbedmain_norm:afternoon,f_slp,fitbit_sleep_summary_rapids_avgdurationinbedmain,norm,afternoon,1.0,0
sleep__f_slp:fitbit_sleep_summary_rapids_countepisodemain_norm:afternoon,sleep,f_slp:fitbit_sleep_summary_rapids_countepisodemain_norm:afternoon,f_slp,fitbit_sleep_summary_rapids_countepisodemain,norm,afternoon,1.0,0
sleep__f_slp:fitbit_sleep_summary_rapids_firstbedtimemain_norm:afternoon,sleep,f_slp:fitbit_sleep_summary_rapids_firstbedtimemain_norm:afternoon,f_slp,fitbit_sleep_summary_rapids_firstbedtimemain,norm,afternoon,1.0,0
sleep__f_slp:fitbit_sleep_summary_rapids_lastbedtimemain_norm:afternoon,sleep,f_slp:fitbit_sleep_summary_rapids_lastbedtimemain_norm:afternoon,f_slp,fitbit_sleep_summary_rapids_lastbedtimemain,norm,afternoon,1.0,0
sleep__f_slp:fitbit_sleep_summary_rapids_firstwaketimemain_norm:afternoon,sleep,f_slp:fitbit_sleep_summary_rapids_firstwaketimemain_norm:afternoon,f_slp,fitbit_sleep_summary_rapids_firstwaketimemain,norm,afternoon,1.0,0
sleep__f_slp:fitbit_sleep_summary_rapids_lastwaketimemain_norm:afternoon,sleep,f_slp:fitbit_sleep_summary_rapids_lastwaketimemain_norm:afternoon,f_slp,fitbit_sleep_summary_rapids_lastwaketimemain,norm,afternoon,1.0,0
sleep__f_slp:fitbit_sleep_intraday_rapids_avgdurationasleepunifiedmain_norm:afternoon,sleep,f_slp:fitbit_sleep_intraday_rapids_avgdurationasleepunifiedmain_norm:afternoon,f_slp,fitbit_sleep_intraday_rapids_avgdurationasleepunifiedmain,norm,afternoon,0.9029686759446767,6756
sleep__f_slp:fitbit_sleep_intraday_rapids_avgdurationawakeunifiedmain_norm:afternoon,sleep,f_slp:fitbit_sleep_intraday_rapids_avgdurationawakeunifiedmain_norm:afternoon,f_slp,fitbit_sleep_intraday_rapids_avgdurationawakeunifiedmain,norm,afternoon,0.9029686759446767,6756
sleep__f_slp:fitbit_sleep_intraday_rapids_maxdurationasleepunifiedmain_norm:afternoon,sleep,f_slp:fitbit_sleep_intraday_rapids_maxdurationasleepunifiedmain_norm:afternoon,f_slp,fitbit_sleep_intraday_rapids_maxdurationasleepunifiedmain,norm,afternoon,0.9029686759446767,6756
sleep__f_slp:fitbit_sleep_intraday_rapids_maxdurationawakeunifiedmain_norm:afternoon,sleep,f_slp:fitbit_sleep_intraday_rapids_maxdurationawakeunifiedmain_norm:afternoon,f_slp,fitbit_sleep_intraday_rapids_maxdurationawakeunifiedmain,norm,afternoon,0.9029686759446767,6756
sleep__f_slp:fitbit_sleep_intraday_rapids_sumdurationasleepunifiedmain_norm:afternoon,sleep,f_slp:fitbit_sleep_intraday_rapids_sumdurationasleepunifiedmain_norm:afternoon,f_slp,fitbit_sleep_intraday_rapids_sumdurationasleepunifiedmain,norm,afternoon,0.9029686759446767,6756
sleep__f_slp:fitbit_sleep_intraday_rapids_sumdurationawakeunifiedmain_norm:afternoon,sleep,f_slp:fitbit_sleep_intraday_rapids_sumdurationawakeunifiedmain_norm:afternoon,f_slp,fitbit_sleep_intraday_rapids_sumdurationawakeunifiedmain,norm,afternoon,0.9029686759446767,6756
sleep__f_slp:fitbit_sleep_intraday_rapids_countepisodeasleepunifiedmain_norm:afternoon,sleep,f_slp:fitbit_sleep_intraday_rapids_countepisodeasleepunifiedmain_norm:afternoon,f_slp,fitbit_sleep_intraday_rapids_countepisodeasleepunifiedmain,norm,afternoon,0.9029686759446767,6756
sleep__f_slp:fitbit_sleep_intraday_rapids_countepisodeawakeunifiedmain_norm:afternoon,sleep,f_slp:fitbit_sleep_intraday_rapids_countepisodeawakeunifiedmain_norm:afternoon,f_slp,fitbit_sleep_intraday_rapids_countepisodeawakeunifiedmain,norm,afternoon,0.9029686759446767,6756
sleep__f_slp:fitbit_sleep_intraday_rapids_stddurationasleepunifiedmain_norm:afternoon,sleep,f_slp:fitbit_sleep_intraday_rapids_stddurationasleepunifiedmain_norm:afternoon,f_slp,fitbit_sleep_intraday_rapids_stddurationasleepunifiedmain,norm,afternoon,0.9029686759446767,6756
sleep__f_slp:fitbit_sleep_intraday_rapids_stddurationawakeunifiedmain_norm:afternoon,sleep,f_slp:fitbit_sleep_intraday_rapids_stddurationawakeunifiedmain_norm:afternoon,f_slp,fitbit_sleep_intraday_rapids_stddurationawakeunifiedmain,norm,afternoon,0.9029686759446767,6756
sleep__f_slp:fitbit_sleep_intraday_rapids_mindurationasleepunifiedmain_norm:afternoon,sleep,f_slp:fitbit_sleep_intraday_rapids_mindurationasleepunifiedmain_norm:afternoon,f_slp,fitbit_sleep_intraday_rapids_mindurationasleepunifiedmain,norm,afternoon,0.9029686759446767,6756
sleep__f_slp:fitbit_sleep_intraday_rapids_mindurationawakeunifiedmain_norm:afternoon,sleep,f_slp:fitbit_sleep_intraday_rapids_mindurationawakeunifiedmain_norm:afternoon,f_slp,fitbit_sleep_intraday_rapids_mindurationawakeunifiedmain,norm,afternoon,0.9029686759446767,6756
sleep__f_slp:fitbit_sleep_intraday_rapids_mediandurationasleepunifiedmain_norm:afternoon,sleep,f_slp:fitbit_sleep_intraday_rapids_mediandurationasleepunifiedmain_norm:afternoon,f_slp,fitbit_sleep_intraday_rapids_mediandurationasleepunifiedmain,norm,afternoon,0.9029686759446767,6756
sleep__f_slp:fitbit_sleep_intraday_rapids_mediandurationawakeunifiedmain_norm:afternoon,sleep,f_slp:fitbit_sleep_intraday_rapids_mediandurationawakeunifiedmain_norm:afternoon,f_slp,fitbit_sleep_intraday_rapids_mediandurationawakeunifiedmain,norm,afternoon,0.9029686759446767,6756
sleep__f_slp:fitbit_sleep_intraday_rapids_ratiocountasleepunifiedwithinmain_norm:afternoon,sleep,f_slp:fitbit_sleep_intraday_rapids_ratiocountasleepunifiedwithinmain_norm:afternoon,f_slp,fitbit_sleep_intraday_rapids_ratiocountasleepunifiedwithinmain,norm,afternoon,0.9414738535338303,4075
sleep__f_slp:fitbit_sleep_intraday_rapids_ratiocountawakeunifiedwithinmain_norm:afternoon,sleep,f_slp:fitbit_sleep_intraday_rapids_ratiocountawakeunifiedwithinmain_norm:afternoon,f_slp,fitbit_sleep_intraday_rapids_ratiocountawakeunifiedwithinmain,norm,afternoon,0.9414738535338303,4075
sleep__f_slp:fitbit_sleep_intraday_rapids_ratiodurationasleepunifiedwithinmain_norm:afternoon,sleep,f_slp:fitbit_sleep_intraday_rapids_ratiodurationasleepunifiedwithinmain_norm:afternoon,f_slp,fitbit_sleep_intraday_rapids_ratiodurationasleepunifiedwithinmain,norm,afternoon,0.9414738535338303,4075
sleep__f_slp:fitbit_sleep_intraday_rapids_ratiodurationawakeunifiedwithinmain_norm:afternoon,sleep,f_slp:fitbit_sleep_intraday_rapids_ratiodurationawakeunifiedwithinmain_norm:afternoon,f_slp,fitbit_sleep_intraday_rapids_ratiodurationawakeunifiedwithinmain,norm,afternoon,0.9414738535338303,4075
sleep__f_slp:fitbit_sleep_summary_rapids_sumdurationafterwakeupmain:allday,sleep,f_slp:fitbit_sleep_summary_rapids_sumdurationafterwakeupmain:allday,f_slp,fitbit_sleep_summary_rapids_sumdurationafterwakeupmain,raw,allday,0.43564996337627643,39294
sleep__f_slp:fitbit_sleep_summary_rapids_sumdurationasleepmain:allday,sleep,f_slp:fitbit_sleep_summary_rapids_sumdurationasleepmain:allday,f_slp,fitbit_sleep_summary_rapids_sumdurationasleepmain,raw,allday,0.43564996337627643,39294
sleep__f_slp:fitbit_sleep_summary_rapids_sumdurationawakemain:allday,sleep,f_slp:fitbit_sleep_summary_rapids_sumdurationawakemain:allday,f_slp,fitbit_sleep_summary_rapids_sumdurationawakemain,raw,allday,0.43564996337627643,39294
sleep__f_slp:fitbit_sleep_summary_rapids_sumdurationtofallasleepmain:allday,sleep,f_slp:fitbit_sleep_summary_rapids_sumdurationtofallasleepmain:allday,f_slp,fitbit_sleep_summary_rapids_sumdurationtofallasleepmain,raw,allday,0.43564996337627643,39294
sleep__f_slp:fitbit_sleep_summary_rapids_sumdurationinbedmain:allday,sleep,f_slp:fitbit_sleep_summary_rapids_sumdurationinbedmain:allday,f_slp,fitbit_sleep_summary_rapids_sumdurationinbedmain,raw,allday,0.43564996337627643,39294
sleep__f_slp:fitbit_sleep_summary_rapids_avgefficiencymain:allday,sleep,f_slp:fitbit_sleep_summary_rapids_avgefficiencymain:allday,f_slp,fitbit_sleep_summary_rapids_avgefficiencymain,raw,allday,0.4415384836342224,38884
sleep__f_slp:fitbit_sleep_summary_rapids_avgdurationafterwakeupmain:allday,sleep,f_slp:fitbit_sleep_summary_rapids_avgdurationafterwakeupmain:allday,f_slp,fitbit_sleep_summary_rapids_avgdurationafterwakeupmain,raw,allday,0.43564996337627643,39294
sleep__f_slp:fitbit_sleep_summary_rapids_avgdurationasleepmain:allday,sleep,f_slp:fitbit_sleep_summary_rapids_avgdurationasleepmain:allday,f_slp,fitbit_sleep_summary_rapids_avgdurationasleepmain,raw,allday,0.43564996337627643,39294
sleep__f_slp:fitbit_sleep_summary_rapids_avgdurationawakemain:allday,sleep,f_slp:fitbit_sleep_summary_rapids_avgdurationawakemain:allday,f_slp,fitbit_sleep_summary_rapids_avgdurationawakemain,raw,allday,0.43564996337627643,39294
sleep__f_slp:fitbit_sleep_summary_rapids_avgdurationtofallasleepmain:allday,sleep,f_slp:fitbit_sleep_summary_rapids_avgdurationtofallasleepmain:allday,f_slp,fitbit_sleep_summary_rapids_avgdurationtofallasleepmain,raw,allday,0.43564996337627643,39294
sleep__f_slp:fitbit_sleep_summary_rapids_avgdurationinbedmain:allday,sleep,f_slp:fitbit_sleep_summary_rapids_avgdurationinbedmain:allday,f_slp,fitbit_sleep_summary_rapids_avgdurationinbedmain,raw,allday,0.43564996337627643,39294
sleep__f_slp:fitbit_sleep_summary_rapids_countepisodemain:allday,sleep,f_slp:fitbit_sleep_summary_rapids_countepisodemain:allday,f_slp,fitbit_sleep_summary_rapids_countepisodemain,raw,allday,0.43564996337627643,39294
sleep__f_slp:fitbit_sleep_summary_rapids_firstbedtimemain:allday,sleep,f_slp:fitbit_sleep_summary_rapids_firstbedtimemain:allday,f_slp,fitbit_sleep_summary_rapids_firstbedtimemain,raw,allday,0.4415384836342224,38884
sleep__f_slp:fitbit_sleep_summary_rapids_lastbedtimemain:allday,sleep,f_slp:fitbit_sleep_summary_rapids_lastbedtimemain:allday,f_slp,fitbit_sleep_summary_rapids_lastbedtimemain,raw,allday,0.4415384836342224,38884
sleep__f_slp:fitbit_sleep_summary_rapids_firstwaketimemain:allday,sleep,f_slp:fitbit_sleep_summary_rapids_firstwaketimemain:allday,f_slp,fitbit_sleep_summary_rapids_firstwaketimemain,raw,allday,0.44235713157252216,38827
sleep__f_slp:fitbit_sleep_summary_rapids_lastwaketimemain:allday,sleep,f_slp:fitbit_sleep_summary_rapids_lastwaketimemain:allday,f_slp,fitbit_sleep_summary_rapids_lastwaketimemain,raw,allday,0.44235713157252216,38827
sleep__f_slp:fitbit_sleep_intraday_rapids_avgdurationasleepunifiedmain:allday,sleep,f_slp:fitbit_sleep_intraday_rapids_avgdurationasleepunifiedmain:allday,f_slp,fitbit_sleep_intraday_rapids_avgdurationasleepunifiedmain,raw,allday,0.42671664727763653,39916
sleep__f_slp:fitbit_sleep_intraday_rapids_avgdurationawakeunifiedmain:allday,sleep,f_slp:fitbit_sleep_intraday_rapids_avgdurationawakeunifiedmain:allday,f_slp,fitbit_sleep_intraday_rapids_avgdurationawakeunifiedmain,raw,allday,0.42671664727763653,39916
sleep__f_slp:fitbit_sleep_intraday_rapids_maxdurationasleepunifiedmain:allday,sleep,f_slp:fitbit_sleep_intraday_rapids_maxdurationasleepunifiedmain:allday,f_slp,fitbit_sleep_intraday_rapids_maxdurationasleepunifiedmain,raw,allday,0.42671664727763653,39916
sleep__f_slp:fitbit_sleep_intraday_rapids_maxdurationawakeunifiedmain:allday,sleep,f_slp:fitbit_sleep_intraday_rapids_maxdurationawakeunifiedmain:allday,f_slp,fitbit_sleep_intraday_rapids_maxdurationawakeunifiedmain,raw,allday,0.42671664727763653,39916
sleep__f_slp:fitbit_sleep_intraday_rapids_sumdurationasleepunifiedmain:allday,sleep,f_slp:fitbit_sleep_intraday_rapids_sumdurationasleepunifiedmain:allday,f_slp,fitbit_sleep_intraday_rapids_sumdurationasleepunifiedmain,raw,allday,0.42671664727763653,39916
sleep__f_slp:fitbit_sleep_intraday_rapids_sumdurationawakeunifiedmain:allday,sleep,f_slp:fitbit_sleep_intraday_rapids_sumdurationawakeunifiedmain:allday,f_slp,fitbit_sleep_intraday_rapids_sumdurationawakeunifiedmain,raw,allday,0.42671664727763653,39916
sleep__f_slp:fitbit_sleep_intraday_rapids_countepisodeasleepunifiedmain:allday,sleep,f_slp:fitbit_sleep_intraday_rapids_countepisodeasleepunifiedmain:allday,f_slp,fitbit_sleep_intraday_rapids_countepisodeasleepunifiedmain,raw,allday,0.42671664727763653,39916
sleep__f_slp:fitbit_sleep_intraday_rapids_countepisodeawakeunifiedmain:allday,sleep,f_slp:fitbit_sleep_intraday_rapids_countepisodeawakeunifiedmain:allday,f_slp,fitbit_sleep_intraday_rapids_countepisodeawakeunifiedmain,raw,allday,0.42671664727763653,39916
sleep__f_slp:fitbit_sleep_intraday_rapids_stddurationasleepunifiedmain:allday,sleep,f_slp:fitbit_sleep_intraday_rapids_stddurationasleepunifiedmain:allday,f_slp,fitbit_sleep_intraday_rapids_stddurationasleepunifiedmain,raw,allday,0.42671664727763653,39916
sleep__f_slp:fitbit_sleep_intraday_rapids_stddurationawakeunifiedmain:allday,sleep,f_slp:fitbit_sleep_intraday_rapids_stddurationawakeunifiedmain:allday,f_slp,fitbit_sleep_intraday_rapids_stddurationawakeunifiedmain,raw,allday,0.42671664727763653,39916
sleep__f_slp:fitbit_sleep_intraday_rapids_mindurationasleepunifiedmain:allday,sleep,f_slp:fitbit_sleep_intraday_rapids_mindurationasleepunifiedmain:allday,f_slp,fitbit_sleep_intraday_rapids_mindurationasleepunifiedmain,raw,allday,0.42671664727763653,39916
sleep__f_slp:fitbit_sleep_intraday_rapids_mindurationawakeunifiedmain:allday,sleep,f_slp:fitbit_sleep_intraday_rapids_mindurationawakeunifiedmain:allday,f_slp,fitbit_sleep_intraday_rapids_mindurationawakeunifiedmain,raw,allday,0.42671664727763653,39916
sleep__f_slp:fitbit_sleep_intraday_rapids_mediandurationasleepunifiedmain:allday,sleep,f_slp:fitbit_sleep_intraday_rapids_mediandurationasleepunifiedmain:allday,f_slp,fitbit_sleep_intraday_rapids_mediandurationasleepunifiedmain,raw,allday,0.42671664727763653,39916
sleep__f_slp:fitbit_sleep_intraday_rapids_mediandurationawakeunifiedmain:allday,sleep,f_slp:fitbit_sleep_intraday_rapids_mediandurationawakeunifiedmain:allday,f_slp,fitbit_sleep_intraday_rapids_mediandurationawakeunifiedmain,raw,allday,0.42671664727763653,39916
sleep__f_slp:fitbit_sleep_intraday_rapids_ratiocountasleepunifiedwithinmain:allday,sleep,f_slp:fitbit_sleep_intraday_rapids_ratiocountasleepunifiedwithinmain:allday,f_slp,fitbit_sleep_intraday_rapids_ratiocountasleepunifiedwithinmain,raw,allday,0.42713315236905225,39887
sleep__f_slp:fitbit_sleep_intraday_rapids_ratiocountawakeunifiedwithinmain:allday,sleep,f_slp:fitbit_sleep_intraday_rapids_ratiocountawakeunifiedwithinmain:allday,f_slp,fitbit_sleep_intraday_rapids_ratiocountawakeunifiedwithinmain,raw,allday,0.42713315236905225,39887
sleep__f_slp:fitbit_sleep_intraday_rapids_ratiodurationasleepunifiedwithinmain:allday,sleep,f_slp:fitbit_sleep_intraday_rapids_ratiodurationasleepunifiedwithinmain:allday,f_slp,fitbit_sleep_intraday_rapids_ratiodurationasleepunifiedwithinmain,raw,allday,0.42713315236905225,39887
sleep__f_slp:fitbit_sleep_intraday_rapids_ratiodurationawakeunifiedwithinmain:allday,sleep,f_slp:fitbit_sleep_intraday_rapids_ratiodurationawakeunifiedwithinmain:allday,f_slp,fitbit_sleep_intraday_rapids_ratiodurationawakeunifiedwithinmain,raw,allday,0.42713315236905225,39887
sleep__f_slp:fitbit_sleep_summary_rapids_sumdurationafterwakeupmain_dis:allday,sleep,f_slp:fitbit_sleep_summary_rapids_sumdurationafterwakeupmain_dis:allday,f_slp,fitbit_sleep_summary_rapids_sumdurationafterwakeupmain,dis,allday,0.43564996337627643,39294
sleep__f_slp:fitbit_sleep_summary_rapids_sumdurationasleepmain_dis:allday,sleep,f_slp:fitbit_sleep_summary_rapids_sumdurationasleepmain_dis:allday,f_slp,fitbit_sleep_summary_rapids_sumdurationasleepmain,dis,allday,0.43564996337627643,39294
sleep__f_slp:fitbit_sleep_summary_rapids_sumdurationawakemain_dis:allday,sleep,f_slp:fitbit_sleep_summary_rapids_sumdurationawakemain_dis:allday,f_slp,fitbit_sleep_summary_rapids_sumdurationawakemain,dis,allday,0.43564996337627643,39294
sleep__f_slp:fitbit_sleep_summary_rapids_sumdurationtofallasleepmain_dis:allday,sleep,f_slp:fitbit_sleep_summary_rapids_sumdurationtofallasleepmain_dis:allday,f_slp,fitbit_sleep_summary_rapids_sumdurationtofallasleepmain,dis,allday,0.43564996337627643,39294
sleep__f_slp:fitbit_sleep_summary_rapids_sumdurationinbedmain_dis:allday,sleep,f_slp:fitbit_sleep_summary_rapids_sumdurationinbedmain_dis:allday,f_slp,fitbit_sleep_summary_rapids_sumdurationinbedmain,dis,allday,0.43564996337627643,39294
sleep__f_slp:fitbit_sleep_summary_rapids_avgefficiencymain_dis:allday,sleep,f_slp:fitbit_sleep_summary_rapids_avgefficiencymain_dis:allday,f_slp,fitbit_sleep_summary_rapids_avgefficiencymain,dis,allday,0.4415384836342224,38884
sleep__f_slp:fitbit_sleep_summary_rapids_avgdurationafterwakeupmain_dis:allday,sleep,f_slp:fitbit_sleep_summary_rapids_avgdurationafterwakeupmain_dis:allday,f_slp,fitbit_sleep_summary_rapids_avgdurationafterwakeupmain,dis,allday,0.43564996337627643,39294
sleep__f_slp:fitbit_sleep_summary_rapids_avgdurationasleepmain_dis:allday,sleep,f_slp:fitbit_sleep_summary_rapids_avgdurationasleepmain_dis:allday,f_slp,fitbit_sleep_summary_rapids_avgdurationasleepmain,dis,allday,0.43564996337627643,39294
sleep__f_slp:fitbit_sleep_summary_rapids_avgdurationawakemain_dis:allday,sleep,f_slp:fitbit_sleep_summary_rapids_avgdurationawakemain_dis:allday,f_slp,fitbit_sleep_summary_rapids_avgdurationawakemain,dis,allday,0.43564996337627643,39294
sleep__f_slp:fitbit_sleep_summary_rapids_avgdurationtofallasleepmain_dis:allday,sleep,f_slp:fitbit_sleep_summary_rapids_avgdurationtofallasleepmain_dis:allday,f_slp,fitbit_sleep_summary_rapids_avgdurationtofallasleepmain,dis,allday,0.43564996337627643,39294
sleep__f_slp:fitbit_sleep_summary_rapids_avgdurationinbedmain_dis:allday,sleep,f_slp:fitbit_sleep_summary_rapids_avgdurationinbedmain_dis:allday,f_slp,fitbit_sleep_summary_rapids_avgdurationinbedmain,dis,allday,0.43564996337627643,39294
sleep__f_slp:fitbit_sleep_summary_rapids_countepisodemain_dis:allday,sleep,f_slp:fitbit_sleep_summary_rapids_countepisodemain_dis:allday,f_slp,fitbit_sleep_summary_rapids_countepisodemain,dis,allday,0.43564996337627643,39294
sleep__f_slp:fitbit_sleep_summary_rapids_firstbedtimemain_dis:allday,sleep,f_slp:fitbit_sleep_summary_rapids_firstbedtimemain_dis:allday,f_slp,fitbit_sleep_summary_rapids_firstbedtimemain,dis,allday,0.4415384836342224,38884
sleep__f_slp:fitbit_sleep_summary_rapids_lastbedtimemain_dis:allday,sleep,f_slp:fitbit_sleep_summary_rapids_lastbedtimemain_dis:allday,f_slp,fitbit_sleep_summary_rapids_lastbedtimemain,dis,allday,0.4415384836342224,38884
sleep__f_slp:fitbit_sleep_summary_rapids_firstwaketimemain_dis:allday,sleep,f_slp:fitbit_sleep_summary_rapids_firstwaketimemain_dis:allday,f_slp,fitbit_sleep_summary_rapids_firstwaketimemain,dis,allday,0.44235713157252216,38827
sleep__f_slp:fitbit_sleep_summary_rapids_lastwaketimemain_dis:allday,sleep,f_slp:fitbit_sleep_summary_rapids_lastwaketimemain_dis:allday,f_slp,fitbit_sleep_summary_rapids_lastwaketimemain,dis,allday,0.44235713157252216,38827
sleep__f_slp:fitbit_sleep_intraday_rapids_avgdurationasleepunifiedmain_dis:allday,sleep,f_slp:fitbit_sleep_intraday_rapids_avgdurationasleepunifiedmain_dis:allday,f_slp,fitbit_sleep_intraday_rapids_avgdurationasleepunifiedmain,dis,allday,0.42671664727763653,39916
sleep__f_slp:fitbit_sleep_intraday_rapids_avgdurationawakeunifiedmain_dis:allday,sleep,f_slp:fitbit_sleep_intraday_rapids_avgdurationawakeunifiedmain_dis:allday,f_slp,fitbit_sleep_intraday_rapids_avgdurationawakeunifiedmain,dis,allday,0.42671664727763653,39916
sleep__f_slp:fitbit_sleep_intraday_rapids_maxdurationasleepunifiedmain_dis:allday,sleep,f_slp:fitbit_sleep_intraday_rapids_maxdurationasleepunifiedmain_dis:allday,f_slp,fitbit_sleep_intraday_rapids_maxdurationasleepunifiedmain,dis,allday,0.42671664727763653,39916
sleep__f_slp:fitbit_sleep_intraday_rapids_maxdurationawakeunifiedmain_dis:allday,sleep,f_slp:fitbit_sleep_intraday_rapids_maxdurationawakeunifiedmain_dis:allday,f_slp,fitbit_sleep_intraday_rapids_maxdurationawakeunifiedmain,dis,allday,0.42671664727763653,39916
sleep__f_slp:fitbit_sleep_intraday_rapids_sumdurationasleepunifiedmain_dis:allday,sleep,f_slp:fitbit_sleep_intraday_rapids_sumdurationasleepunifiedmain_dis:allday,f_slp,fitbit_sleep_intraday_rapids_sumdurationasleepunifiedmain,dis,allday,0.42671664727763653,39916
sleep__f_slp:fitbit_sleep_intraday_rapids_sumdurationawakeunifiedmain_dis:allday,sleep,f_slp:fitbit_sleep_intraday_rapids_sumdurationawakeunifiedmain_dis:allday,f_slp,fitbit_sleep_intraday_rapids_sumdurationawakeunifiedmain,dis,allday,0.42671664727763653,39916
sleep__f_slp:fitbit_sleep_intraday_rapids_countepisodeasleepunifiedmain_dis:allday,sleep,f_slp:fitbit_sleep_intraday_rapids_countepisodeasleepunifiedmain_dis:allday,f_slp,fitbit_sleep_intraday_rapids_countepisodeasleepunifiedmain,dis,allday,0.42671664727763653,39916
sleep__f_slp:fitbit_sleep_intraday_rapids_countepisodeawakeunifiedmain_dis:allday,sleep,f_slp:fitbit_sleep_intraday_rapids_countepisodeawakeunifiedmain_dis:allday,f_slp,fitbit_sleep_intraday_rapids_countepisodeawakeunifiedmain,dis,allday,0.42671664727763653,39916
sleep__f_slp:fitbit_sleep_intraday_rapids_stddurationasleepunifiedmain_dis:allday,sleep,f_slp:fitbit_sleep_intraday_rapids_stddurationasleepunifiedmain_dis:allday,f_slp,fitbit_sleep_intraday_rapids_stddurationasleepunifiedmain,dis,allday,0.42671664727763653,39916
sleep__f_slp:fitbit_sleep_intraday_rapids_stddurationawakeunifiedmain_dis:allday,sleep,f_slp:fitbit_sleep_intraday_rapids_stddurationawakeunifiedmain_dis:allday,f_slp,fitbit_sleep_intraday_rapids_stddurationawakeunifiedmain,dis,allday,0.42671664727763653,39916
sleep__f_slp:fitbit_sleep_intraday_rapids_mindurationasleepunifiedmain_dis:allday,sleep,f_slp:fitbit_sleep_intraday_rapids_mindurationasleepunifiedmain_dis:allday,f_slp,fitbit_sleep_intraday_rapids_mindurationasleepunifiedmain,dis,allday,0.42671664727763653,39916
sleep__f_slp:fitbit_sleep_intraday_rapids_mindurationawakeunifiedmain_dis:allday,sleep,f_slp:fitbit_sleep_intraday_rapids_mindurationawakeunifiedmain_dis:allday,f_slp,fitbit_sleep_intraday_rapids_mindurationawakeunifiedmain,dis,allday,0.42671664727763653,39916
sleep__f_slp:fitbit_sleep_intraday_rapids_mediandurationasleepunifiedmain_dis:allday,sleep,f_slp:fitbit_sleep_intraday_rapids_mediandurationasleepunifiedmain_dis:allday,f_slp,fitbit_sleep_intraday_rapids_mediandurationasleepunifiedmain,dis,allday,0.42671664727763653,39916
sleep__f_slp:fitbit_sleep_intraday_rapids_mediandurationawakeunifiedmain_dis:allday,sleep,f_slp:fitbit_sleep_intraday_rapids_mediandurationawakeunifiedmain_dis:allday,f_slp,fitbit_sleep_intraday_rapids_mediandurationawakeunifiedmain,dis,allday,0.42671664727763653,39916
sleep__f_slp:fitbit_sleep_intraday_rapids_ratiocountasleepunifiedwithinmain_dis:allday,sleep,f_slp:fitbit_sleep_intraday_rapids_ratiocountasleepunifiedwithinmain_dis:allday,f_slp,fitbit_sleep_intraday_rapids_ratiocountasleepunifiedwithinmain,dis,allday,0.42713315236905225,39887
sleep__f_slp:fitbit_sleep_intraday_rapids_ratiocountawakeunifiedwithinmain_dis:allday,sleep,f_slp:fitbit_sleep_intraday_rapids_ratiocountawakeunifiedwithinmain_dis:allday,f_slp,fitbit_sleep_intraday_rapids_ratiocountawakeunifiedwithinmain,dis,allday,0.42713315236905225,39887
sleep__f_slp:fitbit_sleep_intraday_rapids_ratiodurationasleepunifiedwithinmain_dis:allday,sleep,f_slp:fitbit_sleep_intraday_rapids_ratiodurationasleepunifiedwithinmain_dis:allday,f_slp,fitbit_sleep_intraday_rapids_ratiodurationasleepunifiedwithinmain,dis,allday,0.42713315236905225,39887
sleep__f_slp:fitbit_sleep_intraday_rapids_ratiodurationawakeunifiedwithinmain_dis:allday,sleep,f_slp:fitbit_sleep_intraday_rapids_ratiodurationawakeunifiedwithinmain_dis:allday,f_slp,fitbit_sleep_intraday_rapids_ratiodurationawakeunifiedwithinmain,dis,allday,0.42713315236905225,39887
sleep__f_slp:fitbit_sleep_summary_rapids_sumdurationafterwakeupmain_norm:allday,sleep,f_slp:fitbit_sleep_summary_rapids_sumdurationafterwakeupmain_norm:allday,f_slp,fitbit_sleep_summary_rapids_sumdurationafterwakeupmain,norm,allday,0.43564996337627643,39294
sleep__f_slp:fitbit_sleep_summary_rapids_sumdurationasleepmain_norm:allday,sleep,f_slp:fitbit_sleep_summary_rapids_sumdurationasleepmain_norm:allday,f_slp,fitbit_sleep_summary_rapids_sumdurationasleepmain,norm,allday,0.43564996337627643,39294
sleep__f_slp:fitbit_sleep_summary_rapids_sumdurationawakemain_norm:allday,sleep,f_slp:fitbit_sleep_summary_rapids_sumdurationawakemain_norm:allday,f_slp,fitbit_sleep_summary_rapids_sumdurationawakemain,norm,allday,0.43564996337627643,39294
sleep__f_slp:fitbit_sleep_summary_rapids_sumdurationtofallasleepmain_norm:allday,sleep,f_slp:fitbit_sleep_summary_rapids_sumdurationtofallasleepmain_norm:allday,f_slp,fitbit_sleep_summary_rapids_sumdurationtofallasleepmain,norm,allday,0.43564996337627643,39294
sleep__f_slp:fitbit_sleep_summary_rapids_sumdurationinbedmain_norm:allday,sleep,f_slp:fitbit_sleep_summary_rapids_sumdurationinbedmain_norm:allday,f_slp,fitbit_sleep_summary_rapids_sumdurationinbedmain,norm,allday,0.43564996337627643,39294
sleep__f_slp:fitbit_sleep_summary_rapids_avgefficiencymain_norm:allday,sleep,f_slp:fitbit_sleep_summary_rapids_avgefficiencymain_norm:allday,f_slp,fitbit_sleep_summary_rapids_avgefficiencymain,norm,allday,0.4415384836342224,38884
sleep__f_slp:fitbit_sleep_summary_rapids_avgdurationafterwakeupmain_norm:allday,sleep,f_slp:fitbit_sleep_summary_rapids_avgdurationafterwakeupmain_norm:allday,f_slp,fitbit_sleep_summary_rapids_avgdurationafterwakeupmain,norm,allday,0.43564996337627643,39294
sleep__f_slp:fitbit_sleep_summary_rapids_avgdurationasleepmain_norm:allday,sleep,f_slp:fitbit_sleep_summary_rapids_avgdurationasleepmain_norm:allday,f_slp,fitbit_sleep_summary_rapids_avgdurationasleepmain,norm,allday,0.43564996337627643,39294
sleep__f_slp:fitbit_sleep_summary_rapids_avgdurationawakemain_norm:allday,sleep,f_slp:fitbit_sleep_summary_rapids_avgdurationawakemain_norm:allday,f_slp,fitbit_sleep_summary_rapids_avgdurationawakemain,norm,allday,0.43564996337627643,39294
sleep__f_slp:fitbit_sleep_summary_rapids_avgdurationtofallasleepmain_norm:allday,sleep,f_slp:fitbit_sleep_summary_rapids_avgdurationtofallasleepmain_norm:allday,f_slp,fitbit_sleep_summary_rapids_avgdurationtofallasleepmain,norm,allday,0.43564996337627643,39294
sleep__f_slp:fitbit_sleep_summary_rapids_avgdurationinbedmain_norm:allday,sleep,f_slp:fitbit_sleep_summary_rapids_avgdurationinbedmain_norm:allday,f_slp,fitbit_sleep_summary_rapids_avgdurationinbedmain,norm,allday,0.43564996337627643,39294
sleep__f_slp:fitbit_sleep_summary_rapids_countepisodemain_norm:allday,sleep,f_slp:fitbit_sleep_summary_rapids_countepisodemain_norm:allday,f_slp,fitbit_sleep_summary_rapids_countepisodemain,norm,allday,0.43564996337627643,39294
sleep__f_slp:fitbit_sleep_summary_rapids_firstbedtimemain_norm:allday,sleep,f_slp:fitbit_sleep_summary_rapids_firstbedtimemain_norm:allday,f_slp,fitbit_sleep_summary_rapids_firstbedtimemain,norm,allday,0.4415384836342224,38884
sleep__f_slp:fitbit_sleep_summary_rapids_lastbedtimemain_norm:allday,sleep,f_slp:fitbit_sleep_summary_rapids_lastbedtimemain_norm:allday,f_slp,fitbit_sleep_summary_rapids_lastbedtimemain,norm,allday,0.4415384836342224,38884
sleep__f_slp:fitbit_sleep_summary_rapids_firstwaketimemain_norm:allday,sleep,f_slp:fitbit_sleep_summary_rapids_firstwaketimemain_norm:allday,f_slp,fitbit_sleep_summary_rapids_firstwaketimemain,norm,allday,0.44235713157252216,38827
sleep__f_slp:fitbit_sleep_summary_rapids_lastwaketimemain_norm:allday,sleep,f_slp:fitbit_sleep_summary_rapids_lastwaketimemain_norm:allday,f_slp,fitbit_sleep_summary_rapids_lastwaketimemain,norm,allday,0.44235713157252216,38827
sleep__f_slp:fitbit_sleep_intraday_rapids_avgdurationasleepunifiedmain_norm:allday,sleep,f_slp:fitbit_sleep_intraday_rapids_avgdurationasleepunifiedmain_norm:allday,f_slp,fitbit_sleep_intraday_rapids_avgdurationasleepunifiedmain,norm,allday,0.42671664727763653,39916
sleep__f_slp:fitbit_sleep_intraday_rapids_avgdurationawakeunifiedmain_norm:allday,sleep,f_slp:fitbit_sleep_intraday_rapids_avgdurationawakeunifiedmain_norm:allday,f_slp,fitbit_sleep_intraday_rapids_avgdurationawakeunifiedmain,norm,allday,0.42671664727763653,39916
sleep__f_slp:fitbit_sleep_intraday_rapids_maxdurationasleepunifiedmain_norm:allday,sleep,f_slp:fitbit_sleep_intraday_rapids_maxdurationasleepunifiedmain_norm:allday,f_slp,fitbit_sleep_intraday_rapids_maxdurationasleepunifiedmain,norm,allday,0.42671664727763653,39916
sleep__f_slp:fitbit_sleep_intraday_rapids_maxdurationawakeunifiedmain_norm:allday,sleep,f_slp:fitbit_sleep_intraday_rapids_maxdurationawakeunifiedmain_norm:allday,f_slp,fitbit_sleep_intraday_rapids_maxdurationawakeunifiedmain,norm,allday,0.42671664727763653,39916
sleep__f_slp:fitbit_sleep_intraday_rapids_sumdurationasleepunifiedmain_norm:allday,sleep,f_slp:fitbit_sleep_intraday_rapids_sumdurationasleepunifiedmain_norm:allday,f_slp,fitbit_sleep_intraday_rapids_sumdurationasleepunifiedmain,norm,allday,0.42671664727763653,39916
sleep__f_slp:fitbit_sleep_intraday_rapids_sumdurationawakeunifiedmain_norm:allday,sleep,f_slp:fitbit_sleep_intraday_rapids_sumdurationawakeunifiedmain_norm:allday,f_slp,fitbit_sleep_intraday_rapids_sumdurationawakeunifiedmain,norm,allday,0.42671664727763653,39916
sleep__f_slp:fitbit_sleep_intraday_rapids_countepisodeasleepunifiedmain_norm:allday,sleep,f_slp:fitbit_sleep_intraday_rapids_countepisodeasleepunifiedmain_norm:allday,f_slp,fitbit_sleep_intraday_rapids_countepisodeasleepunifiedmain,norm,allday,0.42671664727763653,39916
sleep__f_slp:fitbit_sleep_intraday_rapids_countepisodeawakeunifiedmain_norm:allday,sleep,f_slp:fitbit_sleep_intraday_rapids_countepisodeawakeunifiedmain_norm:allday,f_slp,fitbit_sleep_intraday_rapids_countepisodeawakeunifiedmain,norm,allday,0.42671664727763653,39916
sleep__f_slp:fitbit_sleep_intraday_rapids_stddurationasleepunifiedmain_norm:allday,sleep,f_slp:fitbit_sleep_intraday_rapids_stddurationasleepunifiedmain_norm:allday,f_slp,fitbit_sleep_intraday_rapids_stddurationasleepunifiedmain,norm,allday,0.42671664727763653,39916
sleep__f_slp:fitbit_sleep_intraday_rapids_stddurationawakeunifiedmain_norm:allday,sleep,f_slp:fitbit_sleep_intraday_rapids_stddurationawakeunifiedmain_norm:allday,f_slp,fitbit_sleep_intraday_rapids_stddurationawakeunifiedmain,norm,allday,0.42671664727763653,39916
sleep__f_slp:fitbit_sleep_intraday_rapids_mindurationasleepunifiedmain_norm:allday,sleep,f_slp:fitbit_sleep_intraday_rapids_mindurationasleepunifiedmain_norm:allday,f_slp,fitbit_sleep_intraday_rapids_mindurationasleepunifiedmain,norm,allday,0.42671664727763653,39916
sleep__f_slp:fitbit_sleep_intraday_rapids_mindurationawakeunifiedmain_norm:allday,sleep,f_slp:fitbit_sleep_intraday_rapids_mindurationawakeunifiedmain_norm:allday,f_slp,fitbit_sleep_intraday_rapids_mindurationawakeunifiedmain,norm,allday,0.42671664727763653,39916
sleep__f_slp:fitbit_sleep_intraday_rapids_mediandurationasleepunifiedmain_norm:allday,sleep,f_slp:fitbit_sleep_intraday_rapids_mediandurationasleepunifiedmain_norm:allday,f_slp,fitbit_sleep_intraday_rapids_mediandurationasleepunifiedmain,norm,allday,0.42671664727763653,39916
sleep__f_slp:fitbit_sleep_intraday_rapids_mediandurationawakeunifiedmain_norm:allday,sleep,f_slp:fitbit_sleep_intraday_rapids_mediandurationawakeunifiedmain_norm:allday,f_slp,fitbit_sleep_intraday_rapids_mediandurationawakeunifiedmain,norm,allday,0.42671664727763653,39916
sleep__f_slp:fitbit_sleep_intraday_rapids_ratiocountasleepunifiedwithinmain_norm:allday,sleep,f_slp:fitbit_sleep_intraday_rapids_ratiocountasleepunifiedwithinmain_norm:allday,f_slp,fitbit_sleep_intraday_rapids_ratiocountasleepunifiedwithinmain,norm,allday,0.42713315236905225,39887
sleep__f_slp:fitbit_sleep_intraday_rapids_ratiocountawakeunifiedwithinmain_norm:allday,sleep,f_slp:fitbit_sleep_intraday_rapids_ratiocountawakeunifiedwithinmain_norm:allday,f_slp,fitbit_sleep_intraday_rapids_ratiocountawakeunifiedwithinmain,norm,allday,0.42713315236905225,39887
sleep__f_slp:fitbit_sleep_intraday_rapids_ratiodurationasleepunifiedwithinmain_norm:allday,sleep,f_slp:fitbit_sleep_intraday_rapids_ratiodurationasleepunifiedwithinmain_norm:allday,f_slp,fitbit_sleep_intraday_rapids_ratiodurationasleepunifiedwithinmain,norm,allday,0.42713315236905225,39887
sleep__f_slp:fitbit_sleep_intraday_rapids_ratiodurationawakeunifiedwithinmain_norm:allday,sleep,f_slp:fitbit_sleep_intraday_rapids_ratiodurationawakeunifiedwithinmain_norm:allday,f_slp,fitbit_sleep_intraday_rapids_ratiodurationawakeunifiedwithinmain,norm,allday,0.42713315236905225,39887
sleep__f_slp:fitbit_sleep_summary_rapids_sumdurationafterwakeupmain:evening,sleep,f_slp:fitbit_sleep_summary_rapids_sumdurationafterwakeupmain:evening,f_slp,fitbit_sleep_summary_rapids_sumdurationafterwakeupmain,raw,evening,1.0,0
sleep__f_slp:fitbit_sleep_summary_rapids_sumdurationasleepmain:evening,sleep,f_slp:fitbit_sleep_summary_rapids_sumdurationasleepmain:evening,f_slp,fitbit_sleep_summary_rapids_sumdurationasleepmain,raw,evening,1.0,0
sleep__f_slp:fitbit_sleep_summary_rapids_sumdurationawakemain:evening,sleep,f_slp:fitbit_sleep_summary_rapids_sumdurationawakemain:evening,f_slp,fitbit_sleep_summary_rapids_sumdurationawakemain,raw,evening,1.0,0
sleep__f_slp:fitbit_sleep_summary_rapids_sumdurationtofallasleepmain:evening,sleep,f_slp:fitbit_sleep_summary_rapids_sumdurationtofallasleepmain:evening,f_slp,fitbit_sleep_summary_rapids_sumdurationtofallasleepmain,raw,evening,1.0,0
sleep__f_slp:fitbit_sleep_summary_rapids_sumdurationinbedmain:evening,sleep,f_slp:fitbit_sleep_summary_rapids_sumdurationinbedmain:evening,f_slp,fitbit_sleep_summary_rapids_sumdurationinbedmain,raw,evening,1.0,0
sleep__f_slp:fitbit_sleep_summary_rapids_avgefficiencymain:evening,sleep,f_slp:fitbit_sleep_summary_rapids_avgefficiencymain:evening,f_slp,fitbit_sleep_summary_rapids_avgefficiencymain,raw,evening,1.0,0
sleep__f_slp:fitbit_sleep_summary_rapids_avgdurationafterwakeupmain:evening,sleep,f_slp:fitbit_sleep_summary_rapids_avgdurationafterwakeupmain:evening,f_slp,fitbit_sleep_summary_rapids_avgdurationafterwakeupmain,raw,evening,1.0,0
sleep__f_slp:fitbit_sleep_summary_rapids_avgdurationasleepmain:evening,sleep,f_slp:fitbit_sleep_summary_rapids_avgdurationasleepmain:evening,f_slp,fitbit_sleep_summary_rapids_avgdurationasleepmain,raw,evening,1.0,0
sleep__f_slp:fitbit_sleep_summary_rapids_avgdurationawakemain:evening,sleep,f_slp:fitbit_sleep_summary_rapids_avgdurationawakemain:evening,f_slp,fitbit_sleep_summary_rapids_avgdurationawakemain,raw,evening,1.0,0
sleep__f_slp:fitbit_sleep_summary_rapids_avgdurationtofallasleepmain:evening,sleep,f_slp:fitbit_sleep_summary_rapids_avgdurationtofallasleepmain:evening,f_slp,fitbit_sleep_summary_rapids_avgdurationtofallasleepmain,raw,evening,1.0,0
sleep__f_slp:fitbit_sleep_summary_rapids_avgdurationinbedmain:evening,sleep,f_slp:fitbit_sleep_summary_rapids_avgdurationinbedmain:evening,f_slp,fitbit_sleep_summary_rapids_avgdurationinbedmain,raw,evening,1.0,0
sleep__f_slp:fitbit_sleep_summary_rapids_countepisodemain:evening,sleep,f_slp:fitbit_sleep_summary_rapids_countepisodemain:evening,f_slp,fitbit_sleep_summary_rapids_countepisodemain,raw,evening,1.0,0
sleep__f_slp:fitbit_sleep_summary_rapids_firstbedtimemain:evening,sleep,f_slp:fitbit_sleep_summary_rapids_firstbedtimemain:evening,f_slp,fitbit_sleep_summary_rapids_firstbedtimemain,raw,evening,1.0,0
sleep__f_slp:fitbit_sleep_summary_rapids_lastbedtimemain:evening,sleep,f_slp:fitbit_sleep_summary_rapids_lastbedtimemain:evening,f_slp,fitbit_sleep_summary_rapids_lastbedtimemain,raw,evening,1.0,0
sleep__f_slp:fitbit_sleep_summary_rapids_firstwaketimemain:evening,sleep,f_slp:fitbit_sleep_summary_rapids_firstwaketimemain:evening,f_slp,fitbit_sleep_summary_rapids_firstwaketimemain,raw,evening,1.0,0
sleep__f_slp:fitbit_sleep_summary_rapids_lastwaketimemain:evening,sleep,f_slp:fitbit_sleep_summary_rapids_lastwaketimemain:evening,f_slp,fitbit_sleep_summary_rapids_lastwaketimemain,raw,evening,1.0,0
sleep__f_slp:fitbit_sleep_intraday_rapids_avgdurationasleepunifiedmain:evening,sleep,f_slp:fitbit_sleep_intraday_rapids_avgdurationasleepunifiedmain:evening,f_slp,fitbit_sleep_intraday_rapids_avgdurationasleepunifiedmain,raw,evening,0.8519252588794577,10310
sleep__f_slp:fitbit_sleep_intraday_rapids_avgdurationawakeunifiedmain:evening,sleep,f_slp:fitbit_sleep_intraday_rapids_avgdurationawakeunifiedmain:evening,f_slp,fitbit_sleep_intraday_rapids_avgdurationawakeunifiedmain,raw,evening,0.8519252588794577,10310
sleep__f_slp:fitbit_sleep_intraday_rapids_maxdurationasleepunifiedmain:evening,sleep,f_slp:fitbit_sleep_intraday_rapids_maxdurationasleepunifiedmain:evening,f_slp,fitbit_sleep_intraday_rapids_maxdurationasleepunifiedmain,raw,evening,0.8519252588794577,10310
sleep__f_slp:fitbit_sleep_intraday_rapids_maxdurationawakeunifiedmain:evening,sleep,f_slp:fitbit_sleep_intraday_rapids_maxdurationawakeunifiedmain:evening,f_slp,fitbit_sleep_intraday_rapids_maxdurationawakeunifiedmain,raw,evening,0.8519252588794577,10310
sleep__f_slp:fitbit_sleep_intraday_rapids_sumdurationasleepunifiedmain:evening,sleep,f_slp:fitbit_sleep_intraday_rapids_sumdurationasleepunifiedmain:evening,f_slp,fitbit_sleep_intraday_rapids_sumdurationasleepunifiedmain,raw,evening,0.8519252588794577,10310
sleep__f_slp:fitbit_sleep_intraday_rapids_sumdurationawakeunifiedmain:evening,sleep,f_slp:fitbit_sleep_intraday_rapids_sumdurationawakeunifiedmain:evening,f_slp,fitbit_sleep_intraday_rapids_sumdurationawakeunifiedmain,raw,evening,0.8519252588794577,10310
sleep__f_slp:fitbit_sleep_intraday_rapids_countepisodeasleepunifiedmain:evening,sleep,f_slp:fitbit_sleep_intraday_rapids_countepisodeasleepunifiedmain:evening,f_slp,fitbit_sleep_intraday_rapids_countepisodeasleepunifiedmain,raw,evening,0.8519252588794577,10310
sleep__f_slp:fitbit_sleep_intraday_rapids_countepisodeawakeunifiedmain:evening,sleep,f_slp:fitbit_sleep_intraday_rapids_countepisodeawakeunifiedmain:evening,f_slp,fitbit_sleep_intraday_rapids_countepisodeawakeunifiedmain,raw,evening,0.8519252588794577,10310
sleep__f_slp:fitbit_sleep_intraday_rapids_stddurationasleepunifiedmain:evening,sleep,f_slp:fitbit_sleep_intraday_rapids_stddurationasleepunifiedmain:evening,f_slp,fitbit_sleep_intraday_rapids_stddurationasleepunifiedmain,raw,evening,0.8519252588794577,10310
sleep__f_slp:fitbit_sleep_intraday_rapids_stddurationawakeunifiedmain:evening,sleep,f_slp:fitbit_sleep_intraday_rapids_stddurationawakeunifiedmain:evening,f_slp,fitbit_sleep_intraday_rapids_stddurationawakeunifiedmain,raw,evening,0.8519252588794577,10310
sleep__f_slp:fitbit_sleep_intraday_rapids_mindurationasleepunifiedmain:evening,sleep,f_slp:fitbit_sleep_intraday_rapids_mindurationasleepunifiedmain:evening,f_slp,fitbit_sleep_intraday_rapids_mindurationasleepunifiedmain,raw,evening,0.8519252588794577,10310
sleep__f_slp:fitbit_sleep_intraday_rapids_mindurationawakeunifiedmain:evening,sleep,f_slp:fitbit_sleep_intraday_rapids_mindurationawakeunifiedmain:evening,f_slp,fitbit_sleep_intraday_rapids_mindurationawakeunifiedmain,raw,evening,0.8519252588794577,10310
sleep__f_slp:fitbit_sleep_intraday_rapids_mediandurationasleepunifiedmain:evening,sleep,f_slp:fitbit_sleep_intraday_rapids_mediandurationasleepunifiedmain:evening,f_slp,fitbit_sleep_intraday_rapids_mediandurationasleepunifiedmain,raw,evening,0.8519252588794577,10310
sleep__f_slp:fitbit_sleep_intraday_rapids_mediandurationawakeunifiedmain:evening,sleep,f_slp:fitbit_sleep_intraday_rapids_mediandurationawakeunifiedmain:evening,f_slp,fitbit_sleep_intraday_rapids_mediandurationawakeunifiedmain,raw,evening,0.8519252588794577,10310
sleep__f_slp:fitbit_sleep_intraday_rapids_ratiocountasleepunifiedwithinmain:evening,sleep,f_slp:fitbit_sleep_intraday_rapids_ratiocountasleepunifiedwithinmain:evening,f_slp,fitbit_sleep_intraday_rapids_ratiocountasleepunifiedwithinmain,raw,evening,0.8809800795668347,8287
sleep__f_slp:fitbit_sleep_intraday_rapids_ratiocountawakeunifiedwithinmain:evening,sleep,f_slp:fitbit_sleep_intraday_rapids_ratiocountawakeunifiedwithinmain:evening,f_slp,fitbit_sleep_intraday_rapids_ratiocountawakeunifiedwithinmain,raw,evening,0.8809800795668347,8287
sleep__f_slp:fitbit_sleep_intraday_rapids_ratiodurationasleepunifiedwithinmain:evening,sleep,f_slp:fitbit_sleep_intraday_rapids_ratiodurationasleepunifiedwithinmain:evening,f_slp,fitbit_sleep_intraday_rapids_ratiodurationasleepunifiedwithinmain,raw,evening,0.8809800795668347,8287
sleep__f_slp:fitbit_sleep_intraday_rapids_ratiodurationawakeunifiedwithinmain:evening,sleep,f_slp:fitbit_sleep_intraday_rapids_ratiodurationawakeunifiedwithinmain:evening,f_slp,fitbit_sleep_intraday_rapids_ratiodurationawakeunifiedwithinmain,raw,evening,0.8809800795668347,8287
sleep__f_slp:fitbit_sleep_summary_rapids_sumdurationafterwakeupmain_dis:evening,sleep,f_slp:fitbit_sleep_summary_rapids_sumdurationafterwakeupmain_dis:evening,f_slp,fitbit_sleep_summary_rapids_sumdurationafterwakeupmain,dis,evening,1.0,0
sleep__f_slp:fitbit_sleep_summary_rapids_sumdurationasleepmain_dis:evening,sleep,f_slp:fitbit_sleep_summary_rapids_sumdurationasleepmain_dis:evening,f_slp,fitbit_sleep_summary_rapids_sumdurationasleepmain,dis,evening,1.0,0
sleep__f_slp:fitbit_sleep_summary_rapids_sumdurationawakemain_dis:evening,sleep,f_slp:fitbit_sleep_summary_rapids_sumdurationawakemain_dis:evening,f_slp,fitbit_sleep_summary_rapids_sumdurationawakemain,dis,evening,1.0,0
sleep__f_slp:fitbit_sleep_summary_rapids_sumdurationtofallasleepmain_dis:evening,sleep,f_slp:fitbit_sleep_summary_rapids_sumdurationtofallasleepmain_dis:evening,f_slp,fitbit_sleep_summary_rapids_sumdurationtofallasleepmain,dis,evening,1.0,0
sleep__f_slp:fitbit_sleep_summary_rapids_sumdurationinbedmain_dis:evening,sleep,f_slp:fitbit_sleep_summary_rapids_sumdurationinbedmain_dis:evening,f_slp,fitbit_sleep_summary_rapids_sumdurationinbedmain,dis,evening,1.0,0
sleep__f_slp:fitbit_sleep_summary_rapids_avgefficiencymain_dis:evening,sleep,f_slp:fitbit_sleep_summary_rapids_avgefficiencymain_dis:evening,f_slp,fitbit_sleep_summary_rapids_avgefficiencymain,dis,evening,1.0,0
sleep__f_slp:fitbit_sleep_summary_rapids_avgdurationafterwakeupmain_dis:evening,sleep,f_slp:fitbit_sleep_summary_rapids_avgdurationafterwakeupmain_dis:evening,f_slp,fitbit_sleep_summary_rapids_avgdurationafterwakeupmain,dis,evening,1.0,0
sleep__f_slp:fitbit_sleep_summary_rapids_avgdurationasleepmain_dis:evening,sleep,f_slp:fitbit_sleep_summary_rapids_avgdurationasleepmain_dis:evening,f_slp,fitbit_sleep_summary_rapids_avgdurationasleepmain,dis,evening,1.0,0
sleep__f_slp:fitbit_sleep_summary_rapids_avgdurationawakemain_dis:evening,sleep,f_slp:fitbit_sleep_summary_rapids_avgdurationawakemain_dis:evening,f_slp,fitbit_sleep_summary_rapids_avgdurationawakemain,dis,evening,1.0,0
sleep__f_slp:fitbit_sleep_summary_rapids_avgdurationtofallasleepmain_dis:evening,sleep,f_slp:fitbit_sleep_summary_rapids_avgdurationtofallasleepmain_dis:evening,f_slp,fitbit_sleep_summary_rapids_avgdurationtofallasleepmain,dis,evening,1.0,0
sleep__f_slp:fitbit_sleep_summary_rapids_avgdurationinbedmain_dis:evening,sleep,f_slp:fitbit_sleep_summary_rapids_avgdurationinbedmain_dis:evening,f_slp,fitbit_sleep_summary_rapids_avgdurationinbedmain,dis,evening,1.0,0
sleep__f_slp:fitbit_sleep_summary_rapids_countepisodemain_dis:evening,sleep,f_slp:fitbit_sleep_summary_rapids_countepisodemain_dis:evening,f_slp,fitbit_sleep_summary_rapids_countepisodemain,dis,evening,1.0,0
sleep__f_slp:fitbit_sleep_summary_rapids_firstbedtimemain_dis:evening,sleep,f_slp:fitbit_sleep_summary_rapids_firstbedtimemain_dis:evening,f_slp,fitbit_sleep_summary_rapids_firstbedtimemain,dis,evening,1.0,0
sleep__f_slp:fitbit_sleep_summary_rapids_lastbedtimemain_dis:evening,sleep,f_slp:fitbit_sleep_summary_rapids_lastbedtimemain_dis:evening,f_slp,fitbit_sleep_summary_rapids_lastbedtimemain,dis,evening,1.0,0
sleep__f_slp:fitbit_sleep_summary_rapids_firstwaketimemain_dis:evening,sleep,f_slp:fitbit_sleep_summary_rapids_firstwaketimemain_dis:evening,f_slp,fitbit_sleep_summary_rapids_firstwaketimemain,dis,evening,1.0,0
sleep__f_slp:fitbit_sleep_summary_rapids_lastwaketimemain_dis:evening,sleep,f_slp:fitbit_sleep_summary_rapids_lastwaketimemain_dis:evening,f_slp,fitbit_sleep_summary_rapids_lastwaketimemain,dis,evening,1.0,0
sleep__f_slp:fitbit_sleep_intraday_rapids_avgdurationasleepunifiedmain_dis:evening,sleep,f_slp:fitbit_sleep_intraday_rapids_avgdurationasleepunifiedmain_dis:evening,f_slp,fitbit_sleep_intraday_rapids_avgdurationasleepunifiedmain,dis,evening,0.8519252588794577,10310
sleep__f_slp:fitbit_sleep_intraday_rapids_avgdurationawakeunifiedmain_dis:evening,sleep,f_slp:fitbit_sleep_intraday_rapids_avgdurationawakeunifiedmain_dis:evening,f_slp,fitbit_sleep_intraday_rapids_avgdurationawakeunifiedmain,dis,evening,0.8519252588794577,10310
sleep__f_slp:fitbit_sleep_intraday_rapids_maxdurationasleepunifiedmain_dis:evening,sleep,f_slp:fitbit_sleep_intraday_rapids_maxdurationasleepunifiedmain_dis:evening,f_slp,fitbit_sleep_intraday_rapids_maxdurationasleepunifiedmain,dis,evening,0.8519252588794577,10310
sleep__f_slp:fitbit_sleep_intraday_rapids_maxdurationawakeunifiedmain_dis:evening,sleep,f_slp:fitbit_sleep_intraday_rapids_maxdurationawakeunifiedmain_dis:evening,f_slp,fitbit_sleep_intraday_rapids_maxdurationawakeunifiedmain,dis,evening,0.8519252588794577,10310
sleep__f_slp:fitbit_sleep_intraday_rapids_sumdurationasleepunifiedmain_dis:evening,sleep,f_slp:fitbit_sleep_intraday_rapids_sumdurationasleepunifiedmain_dis:evening,f_slp,fitbit_sleep_intraday_rapids_sumdurationasleepunifiedmain,dis,evening,0.8519252588794577,10310
sleep__f_slp:fitbit_sleep_intraday_rapids_sumdurationawakeunifiedmain_dis:evening,sleep,f_slp:fitbit_sleep_intraday_rapids_sumdurationawakeunifiedmain_dis:evening,f_slp,fitbit_sleep_intraday_rapids_sumdurationawakeunifiedmain,dis,evening,0.8519252588794577,10310
sleep__f_slp:fitbit_sleep_intraday_rapids_countepisodeasleepunifiedmain_dis:evening,sleep,f_slp:fitbit_sleep_intraday_rapids_countepisodeasleepunifiedmain_dis:evening,f_slp,fitbit_sleep_intraday_rapids_countepisodeasleepunifiedmain,dis,evening,0.8519252588794577,10310
sleep__f_slp:fitbit_sleep_intraday_rapids_countepisodeawakeunifiedmain_dis:evening,sleep,f_slp:fitbit_sleep_intraday_rapids_countepisodeawakeunifiedmain_dis:evening,f_slp,fitbit_sleep_intraday_rapids_countepisodeawakeunifiedmain,dis,evening,0.8519252588794577,10310
sleep__f_slp:fitbit_sleep_intraday_rapids_stddurationasleepunifiedmain_dis:evening,sleep,f_slp:fitbit_sleep_intraday_rapids_stddurationasleepunifiedmain_dis:evening,f_slp,fitbit_sleep_intraday_rapids_stddurationasleepunifiedmain,dis,evening,0.8519252588794577,10310
sleep__f_slp:fitbit_sleep_intraday_rapids_stddurationawakeunifiedmain_dis:evening,sleep,f_slp:fitbit_sleep_intraday_rapids_stddurationawakeunifiedmain_dis:evening,f_slp,fitbit_sleep_intraday_rapids_stddurationawakeunifiedmain,dis,evening,0.8519252588794577,10310
sleep__f_slp:fitbit_sleep_intraday_rapids_mindurationasleepunifiedmain_dis:evening,sleep,f_slp:fitbit_sleep_intraday_rapids_mindurationasleepunifiedmain_dis:evening,f_slp,fitbit_sleep_intraday_rapids_mindurationasleepunifiedmain,dis,evening,0.8519252588794577,10310
sleep__f_slp:fitbit_sleep_intraday_rapids_mindurationawakeunifiedmain_dis:evening,sleep,f_slp:fitbit_sleep_intraday_rapids_mindurationawakeunifiedmain_dis:evening,f_slp,fitbit_sleep_intraday_rapids_mindurationawakeunifiedmain,dis,evening,0.8519252588794577,10310
sleep__f_slp:fitbit_sleep_intraday_rapids_mediandurationasleepunifiedmain_dis:evening,sleep,f_slp:fitbit_sleep_intraday_rapids_mediandurationasleepunifiedmain_dis:evening,f_slp,fitbit_sleep_intraday_rapids_mediandurationasleepunifiedmain,dis,evening,0.8519252588794577,10310
sleep__f_slp:fitbit_sleep_intraday_rapids_mediandurationawakeunifiedmain_dis:evening,sleep,f_slp:fitbit_sleep_intraday_rapids_mediandurationawakeunifiedmain_dis:evening,f_slp,fitbit_sleep_intraday_rapids_mediandurationawakeunifiedmain,dis,evening,0.8519252588794577,10310
sleep__f_slp:fitbit_sleep_intraday_rapids_ratiocountasleepunifiedwithinmain_dis:evening,sleep,f_slp:fitbit_sleep_intraday_rapids_ratiocountasleepunifiedwithinmain_dis:evening,f_slp,fitbit_sleep_intraday_rapids_ratiocountasleepunifiedwithinmain,dis,evening,0.8809800795668347,8287
sleep__f_slp:fitbit_sleep_intraday_rapids_ratiocountawakeunifiedwithinmain_dis:evening,sleep,f_slp:fitbit_sleep_intraday_rapids_ratiocountawakeunifiedwithinmain_dis:evening,f_slp,fitbit_sleep_intraday_rapids_ratiocountawakeunifiedwithinmain,dis,evening,0.8809800795668347,8287
sleep__f_slp:fitbit_sleep_intraday_rapids_ratiodurationasleepunifiedwithinmain_dis:evening,sleep,f_slp:fitbit_sleep_intraday_rapids_ratiodurationasleepunifiedwithinmain_dis:evening,f_slp,fitbit_sleep_intraday_rapids_ratiodurationasleepunifiedwithinmain,dis,evening,0.8809800795668347,8287
sleep__f_slp:fitbit_sleep_intraday_rapids_ratiodurationawakeunifiedwithinmain_dis:evening,sleep,f_slp:fitbit_sleep_intraday_rapids_ratiodurationawakeunifiedwithinmain_dis:evening,f_slp,fitbit_sleep_intraday_rapids_ratiodurationawakeunifiedwithinmain,dis,evening,0.8809800795668347,8287
sleep__f_slp:fitbit_sleep_summary_rapids_sumdurationafterwakeupmain_norm:evening,sleep,f_slp:fitbit_sleep_summary_rapids_sumdurationafterwakeupmain_norm:evening,f_slp,fitbit_sleep_summary_rapids_sumdurationafterwakeupmain,norm,evening,1.0,0
sleep__f_slp:fitbit_sleep_summary_rapids_sumdurationasleepmain_norm:evening,sleep,f_slp:fitbit_sleep_summary_rapids_sumdurationasleepmain_norm:evening,f_slp,fitbit_sleep_summary_rapids_sumdurationasleepmain,norm,evening,1.0,0
sleep__f_slp:fitbit_sleep_summary_rapids_sumdurationawakemain_norm:evening,sleep,f_slp:fitbit_sleep_summary_rapids_sumdurationawakemain_norm:evening,f_slp,fitbit_sleep_summary_rapids_sumdurationawakemain,norm,evening,1.0,0
sleep__f_slp:fitbit_sleep_summary_rapids_sumdurationtofallasleepmain_norm:evening,sleep,f_slp:fitbit_sleep_summary_rapids_sumdurationtofallasleepmain_norm:evening,f_slp,fitbit_sleep_summary_rapids_sumdurationtofallasleepmain,norm,evening,1.0,0
sleep__f_slp:fitbit_sleep_summary_rapids_sumdurationinbedmain_norm:evening,sleep,f_slp:fitbit_sleep_summary_rapids_sumdurationinbedmain_norm:evening,f_slp,fitbit_sleep_summary_rapids_sumdurationinbedmain,norm,evening,1.0,0
sleep__f_slp:fitbit_sleep_summary_rapids_avgefficiencymain_norm:evening,sleep,f_slp:fitbit_sleep_summary_rapids_avgefficiencymain_norm:evening,f_slp,fitbit_sleep_summary_rapids_avgefficiencymain,norm,evening,1.0,0
sleep__f_slp:fitbit_sleep_summary_rapids_avgdurationafterwakeupmain_norm:evening,sleep,f_slp:fitbit_sleep_summary_rapids_avgdurationafterwakeupmain_norm:evening,f_slp,fitbit_sleep_summary_rapids_avgdurationafterwakeupmain,norm,evening,1.0,0
sleep__f_slp:fitbit_sleep_summary_rapids_avgdurationasleepmain_norm:evening,sleep,f_slp:fitbit_sleep_summary_rapids_avgdurationasleepmain_norm:evening,f_slp,fitbit_sleep_summary_rapids_avgdurationasleepmain,norm,evening,1.0,0
sleep__f_slp:fitbit_sleep_summary_rapids_avgdurationawakemain_norm:evening,sleep,f_slp:fitbit_sleep_summary_rapids_avgdurationawakemain_norm:evening,f_slp,fitbit_sleep_summary_rapids_avgdurationawakemain,norm,evening,1.0,0
sleep__f_slp:fitbit_sleep_summary_rapids_avgdurationtofallasleepmain_norm:evening,sleep,f_slp:fitbit_sleep_summary_rapids_avgdurationtofallasleepmain_norm:evening,f_slp,fitbit_sleep_summary_rapids_avgdurationtofallasleepmain,norm,evening,1.0,0
sleep__f_slp:fitbit_sleep_summary_rapids_avgdurationinbedmain_norm:evening,sleep,f_slp:fitbit_sleep_summary_rapids_avgdurationinbedmain_norm:evening,f_slp,fitbit_sleep_summary_rapids_avgdurationinbedmain,norm,evening,1.0,0
sleep__f_slp:fitbit_sleep_summary_rapids_countepisodemain_norm:evening,sleep,f_slp:fitbit_sleep_summary_rapids_countepisodemain_norm:evening,f_slp,fitbit_sleep_summary_rapids_countepisodemain,norm,evening,1.0,0
sleep__f_slp:fitbit_sleep_summary_rapids_firstbedtimemain_norm:evening,sleep,f_slp:fitbit_sleep_summary_rapids_firstbedtimemain_norm:evening,f_slp,fitbit_sleep_summary_rapids_firstbedtimemain,norm,evening,1.0,0
sleep__f_slp:fitbit_sleep_summary_rapids_lastbedtimemain_norm:evening,sleep,f_slp:fitbit_sleep_summary_rapids_lastbedtimemain_norm:evening,f_slp,fitbit_sleep_summary_rapids_lastbedtimemain,norm,evening,1.0,0
sleep__f_slp:fitbit_sleep_summary_rapids_firstwaketimemain_norm:evening,sleep,f_slp:fitbit_sleep_summary_rapids_firstwaketimemain_norm:evening,f_slp,fitbit_sleep_summary_rapids_firstwaketimemain,norm,evening,1.0,0
sleep__f_slp:fitbit_sleep_summary_rapids_lastwaketimemain_norm:evening,sleep,f_slp:fitbit_sleep_summary_rapids_lastwaketimemain_norm:evening,f_slp,fitbit_sleep_summary_rapids_lastwaketimemain,norm,evening,1.0,0
sleep__f_slp:fitbit_sleep_intraday_rapids_avgdurationasleepunifiedmain_norm:evening,sleep,f_slp:fitbit_sleep_intraday_rapids_avgdurationasleepunifiedmain_norm:evening,f_slp,fitbit_sleep_intraday_rapids_avgdurationasleepunifiedmain,norm,evening,0.8519252588794577,10310
sleep__f_slp:fitbit_sleep_intraday_rapids_avgdurationawakeunifiedmain_norm:evening,sleep,f_slp:fitbit_sleep_intraday_rapids_avgdurationawakeunifiedmain_norm:evening,f_slp,fitbit_sleep_intraday_rapids_avgdurationawakeunifiedmain,norm,evening,0.8519252588794577,10310
sleep__f_slp:fitbit_sleep_intraday_rapids_maxdurationasleepunifiedmain_norm:evening,sleep,f_slp:fitbit_sleep_intraday_rapids_maxdurationasleepunifiedmain_norm:evening,f_slp,fitbit_sleep_intraday_rapids_maxdurationasleepunifiedmain,norm,evening,0.8519252588794577,10310
sleep__f_slp:fitbit_sleep_intraday_rapids_maxdurationawakeunifiedmain_norm:evening,sleep,f_slp:fitbit_sleep_intraday_rapids_maxdurationawakeunifiedmain_norm:evening,f_slp,fitbit_sleep_intraday_rapids_maxdurationawakeunifiedmain,norm,evening,0.8519252588794577,10310
sleep__f_slp:fitbit_sleep_intraday_rapids_sumdurationasleepunifiedmain_norm:evening,sleep,f_slp:fitbit_sleep_intraday_rapids_sumdurationasleepunifiedmain_norm:evening,f_slp,fitbit_sleep_intraday_rapids_sumdurationasleepunifiedmain,norm,evening,0.8519252588794577,10310
sleep__f_slp:fitbit_sleep_intraday_rapids_sumdurationawakeunifiedmain_norm:evening,sleep,f_slp:fitbit_sleep_intraday_rapids_sumdurationawakeunifiedmain_norm:evening,f_slp,fitbit_sleep_intraday_rapids_sumdurationawakeunifiedmain,norm,evening,0.8519252588794577,10310
sleep__f_slp:fitbit_sleep_intraday_rapids_countepisodeasleepunifiedmain_norm:evening,sleep,f_slp:fitbit_sleep_intraday_rapids_countepisodeasleepunifiedmain_norm:evening,f_slp,fitbit_sleep_intraday_rapids_countepisodeasleepunifiedmain,norm,evening,0.8519252588794577,10310
sleep__f_slp:fitbit_sleep_intraday_rapids_countepisodeawakeunifiedmain_norm:evening,sleep,f_slp:fitbit_sleep_intraday_rapids_countepisodeawakeunifiedmain_norm:evening,f_slp,fitbit_sleep_intraday_rapids_countepisodeawakeunifiedmain,norm,evening,0.8519252588794577,10310
sleep__f_slp:fitbit_sleep_intraday_rapids_stddurationasleepunifiedmain_norm:evening,sleep,f_slp:fitbit_sleep_intraday_rapids_stddurationasleepunifiedmain_norm:evening,f_slp,fitbit_sleep_intraday_rapids_stddurationasleepunifiedmain,norm,evening,0.8519252588794577,10310
sleep__f_slp:fitbit_sleep_intraday_rapids_stddurationawakeunifiedmain_norm:evening,sleep,f_slp:fitbit_sleep_intraday_rapids_stddurationawakeunifiedmain_norm:evening,f_slp,fitbit_sleep_intraday_rapids_stddurationawakeunifiedmain,norm,evening,0.8519252588794577,10310
sleep__f_slp:fitbit_sleep_intraday_rapids_mindurationasleepunifiedmain_norm:evening,sleep,f_slp:fitbit_sleep_intraday_rapids_mindurationasleepunifiedmain_norm:evening,f_slp,fitbit_sleep_intraday_rapids_mindurationasleepunifiedmain,norm,evening,0.8519252588794577,10310
sleep__f_slp:fitbit_sleep_intraday_rapids_mindurationawakeunifiedmain_norm:evening,sleep,f_slp:fitbit_sleep_intraday_rapids_mindurationawakeunifiedmain_norm:evening,f_slp,fitbit_sleep_intraday_rapids_mindurationawakeunifiedmain,norm,evening,0.8519252588794577,10310
sleep__f_slp:fitbit_sleep_intraday_rapids_mediandurationasleepunifiedmain_norm:evening,sleep,f_slp:fitbit_sleep_intraday_rapids_mediandurationasleepunifiedmain_norm:evening,f_slp,fitbit_sleep_intraday_rapids_mediandurationasleepunifiedmain,norm,evening,0.8519252588794577,10310
sleep__f_slp:fitbit_sleep_intraday_rapids_mediandurationawakeunifiedmain_norm:evening,sleep,f_slp:fitbit_sleep_intraday_rapids_mediandurationawakeunifiedmain_norm:evening,f_slp,fitbit_sleep_intraday_rapids_mediandurationawakeunifiedmain,norm,evening,0.8519252588794577,10310
sleep__f_slp:fitbit_sleep_intraday_rapids_ratiocountasleepunifiedwithinmain_norm:evening,sleep,f_slp:fitbit_sleep_intraday_rapids_ratiocountasleepunifiedwithinmain_norm:evening,f_slp,fitbit_sleep_intraday_rapids_ratiocountasleepunifiedwithinmain,norm,evening,0.8809800795668347,8287
sleep__f_slp:fitbit_sleep_intraday_rapids_ratiocountawakeunifiedwithinmain_norm:evening,sleep,f_slp:fitbit_sleep_intraday_rapids_ratiocountawakeunifiedwithinmain_norm:evening,f_slp,fitbit_sleep_intraday_rapids_ratiocountawakeunifiedwithinmain,norm,evening,0.8809800795668347,8287
sleep__f_slp:fitbit_sleep_intraday_rapids_ratiodurationasleepunifiedwithinmain_norm:evening,sleep,f_slp:fitbit_sleep_intraday_rapids_ratiodurationasleepunifiedwithinmain_norm:evening,f_slp,fitbit_sleep_intraday_rapids_ratiodurationasleepunifiedwithinmain,norm,evening,0.8809800795668347,8287
sleep__f_slp:fitbit_sleep_intraday_rapids_ratiodurationawakeunifiedwithinmain_norm:evening,sleep,f_slp:fitbit_sleep_intraday_rapids_ratiodurationawakeunifiedwithinmain_norm:evening,f_slp,fitbit_sleep_intraday_rapids_ratiodurationawakeunifiedwithinmain,norm,evening,0.8809800795668347,8287
sleep__f_slp:fitbit_sleep_summary_rapids_sumdurationafterwakeupmain:morning,sleep,f_slp:fitbit_sleep_summary_rapids_sumdurationafterwakeupmain:morning,f_slp,fitbit_sleep_summary_rapids_sumdurationafterwakeupmain,raw,morning,1.0,0
sleep__f_slp:fitbit_sleep_summary_rapids_sumdurationasleepmain:morning,sleep,f_slp:fitbit_sleep_summary_rapids_sumdurationasleepmain:morning,f_slp,fitbit_sleep_summary_rapids_sumdurationasleepmain,raw,morning,1.0,0
sleep__f_slp:fitbit_sleep_summary_rapids_sumdurationawakemain:morning,sleep,f_slp:fitbit_sleep_summary_rapids_sumdurationawakemain:morning,f_slp,fitbit_sleep_summary_rapids_sumdurationawakemain,raw,morning,1.0,0
sleep__f_slp:fitbit_sleep_summary_rapids_sumdurationtofallasleepmain:morning,sleep,f_slp:fitbit_sleep_summary_rapids_sumdurationtofallasleepmain:morning,f_slp,fitbit_sleep_summary_rapids_sumdurationtofallasleepmain,raw,morning,1.0,0
sleep__f_slp:fitbit_sleep_summary_rapids_sumdurationinbedmain:morning,sleep,f_slp:fitbit_sleep_summary_rapids_sumdurationinbedmain:morning,f_slp,fitbit_sleep_summary_rapids_sumdurationinbedmain,raw,morning,1.0,0
sleep__f_slp:fitbit_sleep_summary_rapids_avgefficiencymain:morning,sleep,f_slp:fitbit_sleep_summary_rapids_avgefficiencymain:morning,f_slp,fitbit_sleep_summary_rapids_avgefficiencymain,raw,morning,1.0,0
sleep__f_slp:fitbit_sleep_summary_rapids_avgdurationafterwakeupmain:morning,sleep,f_slp:fitbit_sleep_summary_rapids_avgdurationafterwakeupmain:morning,f_slp,fitbit_sleep_summary_rapids_avgdurationafterwakeupmain,raw,morning,1.0,0
sleep__f_slp:fitbit_sleep_summary_rapids_avgdurationasleepmain:morning,sleep,f_slp:fitbit_sleep_summary_rapids_avgdurationasleepmain:morning,f_slp,fitbit_sleep_summary_rapids_avgdurationasleepmain,raw,morning,1.0,0
sleep__f_slp:fitbit_sleep_summary_rapids_avgdurationawakemain:morning,sleep,f_slp:fitbit_sleep_summary_rapids_avgdurationawakemain:morning,f_slp,fitbit_sleep_summary_rapids_avgdurationawakemain,raw,morning,1.0,0
sleep__f_slp:fitbit_sleep_summary_rapids_avgdurationtofallasleepmain:morning,sleep,f_slp:fitbit_sleep_summary_rapids_avgdurationtofallasleepmain:morning,f_slp,fitbit_sleep_summary_rapids_avgdurationtofallasleepmain,raw,morning,1.0,0
sleep__f_slp:fitbit_sleep_summary_rapids_avgdurationinbedmain:morning,sleep,f_slp:fitbit_sleep_summary_rapids_avgdurationinbedmain:morning,f_slp,fitbit_sleep_summary_rapids_avgdurationinbedmain,raw,morning,1.0,0
sleep__f_slp:fitbit_sleep_summary_rapids_countepisodemain:morning,sleep,f_slp:fitbit_sleep_summary_rapids_countepisodemain:morning,f_slp,fitbit_sleep_summary_rapids_countepisodemain,raw,morning,1.0,0
sleep__f_slp:fitbit_sleep_summary_rapids_firstbedtimemain:morning,sleep,f_slp:fitbit_sleep_summary_rapids_firstbedtimemain:morning,f_slp,fitbit_sleep_summary_rapids_firstbedtimemain,raw,morning,1.0,0
sleep__f_slp:fitbit_sleep_summary_rapids_lastbedtimemain:morning,sleep,f_slp:fitbit_sleep_summary_rapids_lastbedtimemain:morning,f_slp,fitbit_sleep_summary_rapids_lastbedtimemain,raw,morning,1.0,0
sleep__f_slp:fitbit_sleep_summary_rapids_firstwaketimemain:morning,sleep,f_slp:fitbit_sleep_summary_rapids_firstwaketimemain:morning,f_slp,fitbit_sleep_summary_rapids_firstwaketimemain,raw,morning,1.0,0
sleep__f_slp:fitbit_sleep_summary_rapids_lastwaketimemain:morning,sleep,f_slp:fitbit_sleep_summary_rapids_lastwaketimemain:morning,f_slp,fitbit_sleep_summary_rapids_lastwaketimemain,raw,morning,1.0,0
sleep__f_slp:fitbit_sleep_intraday_rapids_avgdurationasleepunifiedmain:morning,sleep,f_slp:fitbit_sleep_intraday_rapids_avgdurationasleepunifiedmain:morning,f_slp,fitbit_sleep_intraday_rapids_avgdurationasleepunifiedmain,raw,morning,0.4615163657776437,37493
sleep__f_slp:fitbit_sleep_intraday_rapids_avgdurationawakeunifiedmain:morning,sleep,f_slp:fitbit_sleep_intraday_rapids_avgdurationawakeunifiedmain:morning,f_slp,fitbit_sleep_intraday_rapids_avgdurationawakeunifiedmain,raw,morning,0.4615163657776437,37493
sleep__f_slp:fitbit_sleep_intraday_rapids_maxdurationasleepunifiedmain:morning,sleep,f_slp:fitbit_sleep_intraday_rapids_maxdurationasleepunifiedmain:morning,f_slp,fitbit_sleep_intraday_rapids_maxdurationasleepunifiedmain,raw,morning,0.4615163657776437,37493
sleep__f_slp:fitbit_sleep_intraday_rapids_maxdurationawakeunifiedmain:morning,sleep,f_slp:fitbit_sleep_intraday_rapids_maxdurationawakeunifiedmain:morning,f_slp,fitbit_sleep_intraday_rapids_maxdurationawakeunifiedmain,raw,morning,0.4615163657776437,37493
sleep__f_slp:fitbit_sleep_intraday_rapids_sumdurationasleepunifiedmain:morning,sleep,f_slp:fitbit_sleep_intraday_rapids_sumdurationasleepunifiedmain:morning,f_slp,fitbit_sleep_intraday_rapids_sumdurationasleepunifiedmain,raw,morning,0.4615163657776437,37493
sleep__f_slp:fitbit_sleep_intraday_rapids_sumdurationawakeunifiedmain:morning,sleep,f_slp:fitbit_sleep_intraday_rapids_sumdurationawakeunifiedmain:morning,f_slp,fitbit_sleep_intraday_rapids_sumdurationawakeunifiedmain,raw,morning,0.4615163657776437,37493
sleep__f_slp:fitbit_sleep_intraday_rapids_countepisodeasleepunifiedmain:morning,sleep,f_slp:fitbit_sleep_intraday_rapids_countepisodeasleepunifiedmain:morning,f_slp,fitbit_sleep_intraday_rapids_countepisodeasleepunifiedmain,raw,morning,0.4615163657776437,37493
sleep__f_slp:fitbit_sleep_intraday_rapids_countepisodeawakeunifiedmain:morning,sleep,f_slp:fitbit_sleep_intraday_rapids_countepisodeawakeunifiedmain:morning,f_slp,fitbit_sleep_intraday_rapids_countepisodeawakeunifiedmain,raw,morning,0.4615163657776437,37493
sleep__f_slp:fitbit_sleep_intraday_rapids_stddurationasleepunifiedmain:morning,sleep,f_slp:fitbit_sleep_intraday_rapids_stddurationasleepunifiedmain:morning,f_slp,fitbit_sleep_intraday_rapids_stddurationasleepunifiedmain,raw,morning,0.4615163657776437,37493
sleep__f_slp:fitbit_sleep_intraday_rapids_stddurationawakeunifiedmain:morning,sleep,f_slp:fitbit_sleep_intraday_rapids_stddurationawakeunifiedmain:morning,f_slp,fitbit_sleep_intraday_rapids_stddurationawakeunifiedmain,raw,morning,0.4615163657776437,37493
sleep__f_slp:fitbit_sleep_intraday_rapids_mindurationasleepunifiedmain:morning,sleep,f_slp:fitbit_sleep_intraday_rapids_mindurationasleepunifiedmain:morning,f_slp,fitbit_sleep_intraday_rapids_mindurationasleepunifiedmain,raw,morning,0.4615163657776437,37493
sleep__f_slp:fitbit_sleep_intraday_rapids_mindurationawakeunifiedmain:morning,sleep,f_slp:fitbit_sleep_intraday_rapids_mindurationawakeunifiedmain:morning,f_slp,fitbit_sleep_intraday_rapids_mindurationawakeunifiedmain,raw,morning,0.4615163657776437,37493
sleep__f_slp:fitbit_sleep_intraday_rapids_mediandurationasleepunifiedmain:morning,sleep,f_slp:fitbit_sleep_intraday_rapids_mediandurationasleepunifiedmain:morning,f_slp,fitbit_sleep_intraday_rapids_mediandurationasleepunifiedmain,raw,morning,0.4615163657776437,37493
sleep__f_slp:fitbit_sleep_intraday_rapids_mediandurationawakeunifiedmain:morning,sleep,f_slp:fitbit_sleep_intraday_rapids_mediandurationawakeunifiedmain:morning,f_slp,fitbit_sleep_intraday_rapids_mediandurationawakeunifiedmain,raw,morning,0.4615163657776437,37493
sleep__f_slp:fitbit_sleep_intraday_rapids_ratiocountasleepunifiedwithinmain:morning,sleep,f_slp:fitbit_sleep_intraday_rapids_ratiocountasleepunifiedwithinmain:morning,f_slp,fitbit_sleep_intraday_rapids_ratiocountasleepunifiedwithinmain,raw,morning,0.46845332988639465,37010
sleep__f_slp:fitbit_sleep_intraday_rapids_ratiocountawakeunifiedwithinmain:morning,sleep,f_slp:fitbit_sleep_intraday_rapids_ratiocountawakeunifiedwithinmain:morning,f_slp,fitbit_sleep_intraday_rapids_ratiocountawakeunifiedwithinmain,raw,morning,0.46845332988639465,37010
sleep__f_slp:fitbit_sleep_intraday_rapids_ratiodurationasleepunifiedwithinmain:morning,sleep,f_slp:fitbit_sleep_intraday_rapids_ratiodurationasleepunifiedwithinmain:morning,f_slp,fitbit_sleep_intraday_rapids_ratiodurationasleepunifiedwithinmain,raw,morning,0.46845332988639465,37010
sleep__f_slp:fitbit_sleep_intraday_rapids_ratiodurationawakeunifiedwithinmain:morning,sleep,f_slp:fitbit_sleep_intraday_rapids_ratiodurationawakeunifiedwithinmain:morning,f_slp,fitbit_sleep_intraday_rapids_ratiodurationawakeunifiedwithinmain,raw,morning,0.46845332988639465,37010
sleep__f_slp:fitbit_sleep_summary_rapids_sumdurationafterwakeupmain_dis:morning,sleep,f_slp:fitbit_sleep_summary_rapids_sumdurationafterwakeupmain_dis:morning,f_slp,fitbit_sleep_summary_rapids_sumdurationafterwakeupmain,dis,morning,1.0,0
sleep__f_slp:fitbit_sleep_summary_rapids_sumdurationasleepmain_dis:morning,sleep,f_slp:fitbit_sleep_summary_rapids_sumdurationasleepmain_dis:morning,f_slp,fitbit_sleep_summary_rapids_sumdurationasleepmain,dis,morning,1.0,0
sleep__f_slp:fitbit_sleep_summary_rapids_sumdurationawakemain_dis:morning,sleep,f_slp:fitbit_sleep_summary_rapids_sumdurationawakemain_dis:morning,f_slp,fitbit_sleep_summary_rapids_sumdurationawakemain,dis,morning,1.0,0
sleep__f_slp:fitbit_sleep_summary_rapids_sumdurationtofallasleepmain_dis:morning,sleep,f_slp:fitbit_sleep_summary_rapids_sumdurationtofallasleepmain_dis:morning,f_slp,fitbit_sleep_summary_rapids_sumdurationtofallasleepmain,dis,morning,1.0,0
sleep__f_slp:fitbit_sleep_summary_rapids_sumdurationinbedmain_dis:morning,sleep,f_slp:fitbit_sleep_summary_rapids_sumdurationinbedmain_dis:morning,f_slp,fitbit_sleep_summary_rapids_sumdurationinbedmain,dis,morning,1.0,0
sleep__f_slp:fitbit_sleep_summary_rapids_avgefficiencymain_dis:morning,sleep,f_slp:fitbit_sleep_summary_rapids_avgefficiencymain_dis:morning,f_slp,fitbit_sleep_summary_rapids_avgefficiencymain,dis,morning,1.0,0
sleep__f_slp:fitbit_sleep_summary_rapids_avgdurationafterwakeupmain_dis:morning,sleep,f_slp:fitbit_sleep_summary_rapids_avgdurationafterwakeupmain_dis:morning,f_slp,fitbit_sleep_summary_rapids_avgdurationafterwakeupmain,dis,morning,1.0,0
sleep__f_slp:fitbit_sleep_summary_rapids_avgdurationasleepmain_dis:morning,sleep,f_slp:fitbit_sleep_summary_rapids_avgdurationasleepmain_dis:morning,f_slp,fitbit_sleep_summary_rapids_avgdurationasleepmain,dis,morning,1.0,0
sleep__f_slp:fitbit_sleep_summary_rapids_avgdurationawakemain_dis:morning,sleep,f_slp:fitbit_sleep_summary_rapids_avgdurationawakemain_dis:morning,f_slp,fitbit_sleep_summary_rapids_avgdurationawakemain,dis,morning,1.0,0
sleep__f_slp:fitbit_sleep_summary_rapids_avgdurationtofallasleepmain_dis:morning,sleep,f_slp:fitbit_sleep_summary_rapids_avgdurationtofallasleepmain_dis:morning,f_slp,fitbit_sleep_summary_rapids_avgdurationtofallasleepmain,dis,morning,1.0,0
sleep__f_slp:fitbit_sleep_summary_rapids_avgdurationinbedmain_dis:morning,sleep,f_slp:fitbit_sleep_summary_rapids_avgdurationinbedmain_dis:morning,f_slp,fitbit_sleep_summary_rapids_avgdurationinbedmain,dis,morning,1.0,0
sleep__f_slp:fitbit_sleep_summary_rapids_countepisodemain_dis:morning,sleep,f_slp:fitbit_sleep_summary_rapids_countepisodemain_dis:morning,f_slp,fitbit_sleep_summary_rapids_countepisodemain,dis,morning,1.0,0
sleep__f_slp:fitbit_sleep_summary_rapids_firstbedtimemain_dis:morning,sleep,f_slp:fitbit_sleep_summary_rapids_firstbedtimemain_dis:morning,f_slp,fitbit_sleep_summary_rapids_firstbedtimemain,dis,morning,1.0,0
sleep__f_slp:fitbit_sleep_summary_rapids_lastbedtimemain_dis:morning,sleep,f_slp:fitbit_sleep_summary_rapids_lastbedtimemain_dis:morning,f_slp,fitbit_sleep_summary_rapids_lastbedtimemain,dis,morning,1.0,0
sleep__f_slp:fitbit_sleep_summary_rapids_firstwaketimemain_dis:morning,sleep,f_slp:fitbit_sleep_summary_rapids_firstwaketimemain_dis:morning,f_slp,fitbit_sleep_summary_rapids_firstwaketimemain,dis,morning,1.0,0
sleep__f_slp:fitbit_sleep_summary_rapids_lastwaketimemain_dis:morning,sleep,f_slp:fitbit_sleep_summary_rapids_lastwaketimemain_dis:morning,f_slp,fitbit_sleep_summary_rapids_lastwaketimemain,dis,morning,1.0,0
sleep__f_slp:fitbit_sleep_intraday_rapids_avgdurationasleepunifiedmain_dis:morning,sleep,f_slp:fitbit_sleep_intraday_rapids_avgdurationasleepunifiedmain_dis:morning,f_slp,fitbit_sleep_intraday_rapids_avgdurationasleepunifiedmain,dis,morning,0.4615163657776437,37493
sleep__f_slp:fitbit_sleep_intraday_rapids_avgdurationawakeunifiedmain_dis:morning,sleep,f_slp:fitbit_sleep_intraday_rapids_avgdurationawakeunifiedmain_dis:morning,f_slp,fitbit_sleep_intraday_rapids_avgdurationawakeunifiedmain,dis,morning,0.4615163657776437,37493
sleep__f_slp:fitbit_sleep_intraday_rapids_maxdurationasleepunifiedmain_dis:morning,sleep,f_slp:fitbit_sleep_intraday_rapids_maxdurationasleepunifiedmain_dis:morning,f_slp,fitbit_sleep_intraday_rapids_maxdurationasleepunifiedmain,dis,morning,0.4615163657776437,37493
sleep__f_slp:fitbit_sleep_intraday_rapids_maxdurationawakeunifiedmain_dis:morning,sleep,f_slp:fitbit_sleep_intraday_rapids_maxdurationawakeunifiedmain_dis:morning,f_slp,fitbit_sleep_intraday_rapids_maxdurationawakeunifiedmain,dis,morning,0.4615163657776437,37493
sleep__f_slp:fitbit_sleep_intraday_rapids_sumdurationasleepunifiedmain_dis:morning,sleep,f_slp:fitbit_sleep_intraday_rapids_sumdurationasleepunifiedmain_dis:morning,f_slp,fitbit_sleep_intraday_rapids_sumdurationasleepunifiedmain,dis,morning,0.4615163657776437,37493
sleep__f_slp:fitbit_sleep_intraday_rapids_sumdurationawakeunifiedmain_dis:morning,sleep,f_slp:fitbit_sleep_intraday_rapids_sumdurationawakeunifiedmain_dis:morning,f_slp,fitbit_sleep_intraday_rapids_sumdurationawakeunifiedmain,dis,morning,0.4615163657776437,37493
sleep__f_slp:fitbit_sleep_intraday_rapids_countepisodeasleepunifiedmain_dis:morning,sleep,f_slp:fitbit_sleep_intraday_rapids_countepisodeasleepunifiedmain_dis:morning,f_slp,fitbit_sleep_intraday_rapids_countepisodeasleepunifiedmain,dis,morning,0.4615163657776437,37493
sleep__f_slp:fitbit_sleep_intraday_rapids_countepisodeawakeunifiedmain_dis:morning,sleep,f_slp:fitbit_sleep_intraday_rapids_countepisodeawakeunifiedmain_dis:morning,f_slp,fitbit_sleep_intraday_rapids_countepisodeawakeunifiedmain,dis,morning,0.4615163657776437,37493
sleep__f_slp:fitbit_sleep_intraday_rapids_stddurationasleepunifiedmain_dis:morning,sleep,f_slp:fitbit_sleep_intraday_rapids_stddurationasleepunifiedmain_dis:morning,f_slp,fitbit_sleep_intraday_rapids_stddurationasleepunifiedmain,dis,morning,0.4615163657776437,37493
sleep__f_slp:fitbit_sleep_intraday_rapids_stddurationawakeunifiedmain_dis:morning,sleep,f_slp:fitbit_sleep_intraday_rapids_stddurationawakeunifiedmain_dis:morning,f_slp,fitbit_sleep_intraday_rapids_stddurationawakeunifiedmain,dis,morning,0.4615163657776437,37493
sleep__f_slp:fitbit_sleep_intraday_rapids_mindurationasleepunifiedmain_dis:morning,sleep,f_slp:fitbit_sleep_intraday_rapids_mindurationasleepunifiedmain_dis:morning,f_slp,fitbit_sleep_intraday_rapids_mindurationasleepunifiedmain,dis,morning,0.4615163657776437,37493
sleep__f_slp:fitbit_sleep_intraday_rapids_mindurationawakeunifiedmain_dis:morning,sleep,f_slp:fitbit_sleep_intraday_rapids_mindurationawakeunifiedmain_dis:morning,f_slp,fitbit_sleep_intraday_rapids_mindurationawakeunifiedmain,dis,morning,0.4615163657776437,37493
sleep__f_slp:fitbit_sleep_intraday_rapids_mediandurationasleepunifiedmain_dis:morning,sleep,f_slp:fitbit_sleep_intraday_rapids_mediandurationasleepunifiedmain_dis:morning,f_slp,fitbit_sleep_intraday_rapids_mediandurationasleepunifiedmain,dis,morning,0.4615163657776437,37493
sleep__f_slp:fitbit_sleep_intraday_rapids_mediandurationawakeunifiedmain_dis:morning,sleep,f_slp:fitbit_sleep_intraday_rapids_mediandurationawakeunifiedmain_dis:morning,f_slp,fitbit_sleep_intraday_rapids_mediandurationawakeunifiedmain,dis,morning,0.4615163657776437,37493
sleep__f_slp:fitbit_sleep_intraday_rapids_ratiocountasleepunifiedwithinmain_dis:morning,sleep,f_slp:fitbit_sleep_intraday_rapids_ratiocountasleepunifiedwithinmain_dis:morning,f_slp,fitbit_sleep_intraday_rapids_ratiocountasleepunifiedwithinmain,dis,morning,0.46845332988639465,37010
sleep__f_slp:fitbit_sleep_intraday_rapids_ratiocountawakeunifiedwithinmain_dis:morning,sleep,f_slp:fitbit_sleep_intraday_rapids_ratiocountawakeunifiedwithinmain_dis:morning,f_slp,fitbit_sleep_intraday_rapids_ratiocountawakeunifiedwithinmain,dis,morning,0.46845332988639465,37010
sleep__f_slp:fitbit_sleep_intraday_rapids_ratiodurationasleepunifiedwithinmain_dis:morning,sleep,f_slp:fitbit_sleep_intraday_rapids_ratiodurationasleepunifiedwithinmain_dis:morning,f_slp,fitbit_sleep_intraday_rapids_ratiodurationasleepunifiedwithinmain,dis,morning,0.46845332988639465,37010
sleep__f_slp:fitbit_sleep_intraday_rapids_ratiodurationawakeunifiedwithinmain_dis:morning,sleep,f_slp:fitbit_sleep_intraday_rapids_ratiodurationawakeunifiedwithinmain_dis:morning,f_slp,fitbit_sleep_intraday_rapids_ratiodurationawakeunifiedwithinmain,dis,morning,0.46845332988639465,37010
sleep__f_slp:fitbit_sleep_summary_rapids_sumdurationafterwakeupmain_norm:morning,sleep,f_slp:fitbit_sleep_summary_rapids_sumdurationafterwakeupmain_norm:morning,f_slp,fitbit_sleep_summary_rapids_sumdurationafterwakeupmain,norm,morning,1.0,0
sleep__f_slp:fitbit_sleep_summary_rapids_sumdurationasleepmain_norm:morning,sleep,f_slp:fitbit_sleep_summary_rapids_sumdurationasleepmain_norm:morning,f_slp,fitbit_sleep_summary_rapids_sumdurationasleepmain,norm,morning,1.0,0
sleep__f_slp:fitbit_sleep_summary_rapids_sumdurationawakemain_norm:morning,sleep,f_slp:fitbit_sleep_summary_rapids_sumdurationawakemain_norm:morning,f_slp,fitbit_sleep_summary_rapids_sumdurationawakemain,norm,morning,1.0,0
sleep__f_slp:fitbit_sleep_summary_rapids_sumdurationtofallasleepmain_norm:morning,sleep,f_slp:fitbit_sleep_summary_rapids_sumdurationtofallasleepmain_norm:morning,f_slp,fitbit_sleep_summary_rapids_sumdurationtofallasleepmain,norm,morning,1.0,0
sleep__f_slp:fitbit_sleep_summary_rapids_sumdurationinbedmain_norm:morning,sleep,f_slp:fitbit_sleep_summary_rapids_sumdurationinbedmain_norm:morning,f_slp,fitbit_sleep_summary_rapids_sumdurationinbedmain,norm,morning,1.0,0
sleep__f_slp:fitbit_sleep_summary_rapids_avgefficiencymain_norm:morning,sleep,f_slp:fitbit_sleep_summary_rapids_avgefficiencymain_norm:morning,f_slp,fitbit_sleep_summary_rapids_avgefficiencymain,norm,morning,1.0,0
sleep__f_slp:fitbit_sleep_summary_rapids_avgdurationafterwakeupmain_norm:morning,sleep,f_slp:fitbit_sleep_summary_rapids_avgdurationafterwakeupmain_norm:morning,f_slp,fitbit_sleep_summary_rapids_avgdurationafterwakeupmain,norm,morning,1.0,0
sleep__f_slp:fitbit_sleep_summary_rapids_avgdurationasleepmain_norm:morning,sleep,f_slp:fitbit_sleep_summary_rapids_avgdurationasleepmain_norm:morning,f_slp,fitbit_sleep_summary_rapids_avgdurationasleepmain,norm,morning,1.0,0
sleep__f_slp:fitbit_sleep_summary_rapids_avgdurationawakemain_norm:morning,sleep,f_slp:fitbit_sleep_summary_rapids_avgdurationawakemain_norm:morning,f_slp,fitbit_sleep_summary_rapids_avgdurationawakemain,norm,morning,1.0,0
sleep__f_slp:fitbit_sleep_summary_rapids_avgdurationtofallasleepmain_norm:morning,sleep,f_slp:fitbit_sleep_summary_rapids_avgdurationtofallasleepmain_norm:morning,f_slp,fitbit_sleep_summary_rapids_avgdurationtofallasleepmain,norm,morning,1.0,0
sleep__f_slp:fitbit_sleep_summary_rapids_avgdurationinbedmain_norm:morning,sleep,f_slp:fitbit_sleep_summary_rapids_avgdurationinbedmain_norm:morning,f_slp,fitbit_sleep_summary_rapids_avgdurationinbedmain,norm,morning,1.0,0
sleep__f_slp:fitbit_sleep_summary_rapids_countepisodemain_norm:morning,sleep,f_slp:fitbit_sleep_summary_rapids_countepisodemain_norm:morning,f_slp,fitbit_sleep_summary_rapids_countepisodemain,norm,morning,1.0,0
sleep__f_slp:fitbit_sleep_summary_rapids_firstbedtimemain_norm:morning,sleep,f_slp:fitbit_sleep_summary_rapids_firstbedtimemain_norm:morning,f_slp,fitbit_sleep_summary_rapids_firstbedtimemain,norm,morning,1.0,0
sleep__f_slp:fitbit_sleep_summary_rapids_lastbedtimemain_norm:morning,sleep,f_slp:fitbit_sleep_summary_rapids_lastbedtimemain_norm:morning,f_slp,fitbit_sleep_summary_rapids_lastbedtimemain,norm,morning,1.0,0
sleep__f_slp:fitbit_sleep_summary_rapids_firstwaketimemain_norm:morning,sleep,f_slp:fitbit_sleep_summary_rapids_firstwaketimemain_norm:morning,f_slp,fitbit_sleep_summary_rapids_firstwaketimemain,norm,morning,1.0,0
sleep__f_slp:fitbit_sleep_summary_rapids_lastwaketimemain_norm:morning,sleep,f_slp:fitbit_sleep_summary_rapids_lastwaketimemain_norm:morning,f_slp,fitbit_sleep_summary_rapids_lastwaketimemain,norm,morning,1.0,0
sleep__f_slp:fitbit_sleep_intraday_rapids_avgdurationasleepunifiedmain_norm:morning,sleep,f_slp:fitbit_sleep_intraday_rapids_avgdurationasleepunifiedmain_norm:morning,f_slp,fitbit_sleep_intraday_rapids_avgdurationasleepunifiedmain,norm,morning,0.4615163657776437,37493
sleep__f_slp:fitbit_sleep_intraday_rapids_avgdurationawakeunifiedmain_norm:morning,sleep,f_slp:fitbit_sleep_intraday_rapids_avgdurationawakeunifiedmain_norm:morning,f_slp,fitbit_sleep_intraday_rapids_avgdurationawakeunifiedmain,norm,morning,0.4615163657776437,37493
sleep__f_slp:fitbit_sleep_intraday_rapids_maxdurationasleepunifiedmain_norm:morning,sleep,f_slp:fitbit_sleep_intraday_rapids_maxdurationasleepunifiedmain_norm:morning,f_slp,fitbit_sleep_intraday_rapids_maxdurationasleepunifiedmain,norm,morning,0.4615163657776437,37493
sleep__f_slp:fitbit_sleep_intraday_rapids_maxdurationawakeunifiedmain_norm:morning,sleep,f_slp:fitbit_sleep_intraday_rapids_maxdurationawakeunifiedmain_norm:morning,f_slp,fitbit_sleep_intraday_rapids_maxdurationawakeunifiedmain,norm,morning,0.4615163657776437,37493
sleep__f_slp:fitbit_sleep_intraday_rapids_sumdurationasleepunifiedmain_norm:morning,sleep,f_slp:fitbit_sleep_intraday_rapids_sumdurationasleepunifiedmain_norm:morning,f_slp,fitbit_sleep_intraday_rapids_sumdurationasleepunifiedmain,norm,morning,0.4615163657776437,37493
sleep__f_slp:fitbit_sleep_intraday_rapids_sumdurationawakeunifiedmain_norm:morning,sleep,f_slp:fitbit_sleep_intraday_rapids_sumdurationawakeunifiedmain_norm:morning,f_slp,fitbit_sleep_intraday_rapids_sumdurationawakeunifiedmain,norm,morning,0.4615163657776437,37493
sleep__f_slp:fitbit_sleep_intraday_rapids_countepisodeasleepunifiedmain_norm:morning,sleep,f_slp:fitbit_sleep_intraday_rapids_countepisodeasleepunifiedmain_norm:morning,f_slp,fitbit_sleep_intraday_rapids_countepisodeasleepunifiedmain,norm,morning,0.4615163657776437,37493
sleep__f_slp:fitbit_sleep_intraday_rapids_countepisodeawakeunifiedmain_norm:morning,sleep,f_slp:fitbit_sleep_intraday_rapids_countepisodeawakeunifiedmain_norm:morning,f_slp,fitbit_sleep_intraday_rapids_countepisodeawakeunifiedmain,norm,morning,0.4615163657776437,37493
sleep__f_slp:fitbit_sleep_intraday_rapids_stddurationasleepunifiedmain_norm:morning,sleep,f_slp:fitbit_sleep_intraday_rapids_stddurationasleepunifiedmain_norm:morning,f_slp,fitbit_sleep_intraday_rapids_stddurationasleepunifiedmain,norm,morning,0.4615163657776437,37493
sleep__f_slp:fitbit_sleep_intraday_rapids_stddurationawakeunifiedmain_norm:morning,sleep,f_slp:fitbit_sleep_intraday_rapids_stddurationawakeunifiedmain_norm:morning,f_slp,fitbit_sleep_intraday_rapids_stddurationawakeunifiedmain,norm,morning,0.4615163657776437,37493
sleep__f_slp:fitbit_sleep_intraday_rapids_mindurationasleepunifiedmain_norm:morning,sleep,f_slp:fitbit_sleep_intraday_rapids_mindurationasleepunifiedmain_norm:morning,f_slp,fitbit_sleep_intraday_rapids_mindurationasleepunifiedmain,norm,morning,0.4615163657776437,37493
sleep__f_slp:fitbit_sleep_intraday_rapids_mindurationawakeunifiedmain_norm:morning,sleep,f_slp:fitbit_sleep_intraday_rapids_mindurationawakeunifiedmain_norm:morning,f_slp,fitbit_sleep_intraday_rapids_mindurationawakeunifiedmain,norm,morning,0.4615163657776437,37493
sleep__f_slp:fitbit_sleep_intraday_rapids_mediandurationasleepunifiedmain_norm:morning,sleep,f_slp:fitbit_sleep_intraday_rapids_mediandurationasleepunifiedmain_norm:morning,f_slp,fitbit_sleep_intraday_rapids_mediandurationasleepunifiedmain,norm,morning,0.4615163657776437,37493
sleep__f_slp:fitbit_sleep_intraday_rapids_mediandurationawakeunifiedmain_norm:morning,sleep,f_slp:fitbit_sleep_intraday_rapids_mediandurationawakeunifiedmain_norm:morning,f_slp,fitbit_sleep_intraday_rapids_mediandurationawakeunifiedmain,norm,morning,0.4615163657776437,37493
sleep__f_slp:fitbit_sleep_intraday_rapids_ratiocountasleepunifiedwithinmain_norm:morning,sleep,f_slp:fitbit_sleep_intraday_rapids_ratiocountasleepunifiedwithinmain_norm:morning,f_slp,fitbit_sleep_intraday_rapids_ratiocountasleepunifiedwithinmain,norm,morning,0.46845332988639465,37010
sleep__f_slp:fitbit_sleep_intraday_rapids_ratiocountawakeunifiedwithinmain_norm:morning,sleep,f_slp:fitbit_sleep_intraday_rapids_ratiocountawakeunifiedwithinmain_norm:morning,f_slp,fitbit_sleep_intraday_rapids_ratiocountawakeunifiedwithinmain,norm,morning,0.46845332988639465,37010
sleep__f_slp:fitbit_sleep_intraday_rapids_ratiodurationasleepunifiedwithinmain_norm:morning,sleep,f_slp:fitbit_sleep_intraday_rapids_ratiodurationasleepunifiedwithinmain_norm:morning,f_slp,fitbit_sleep_intraday_rapids_ratiodurationasleepunifiedwithinmain,norm,morning,0.46845332988639465,37010
sleep__f_slp:fitbit_sleep_intraday_rapids_ratiodurationawakeunifiedwithinmain_norm:morning,sleep,f_slp:fitbit_sleep_intraday_rapids_ratiodurationawakeunifiedwithinmain_norm:morning,f_slp,fitbit_sleep_intraday_rapids_ratiodurationawakeunifiedwithinmain,norm,morning,0.46845332988639465,37010
sleep__f_slp:fitbit_sleep_summary_rapids_sumdurationafterwakeupmain:night,sleep,f_slp:fitbit_sleep_summary_rapids_sumdurationafterwakeupmain:night,f_slp,fitbit_sleep_summary_rapids_sumdurationafterwakeupmain,raw,night,1.0,0
sleep__f_slp:fitbit_sleep_summary_rapids_sumdurationasleepmain:night,sleep,f_slp:fitbit_sleep_summary_rapids_sumdurationasleepmain:night,f_slp,fitbit_sleep_summary_rapids_sumdurationasleepmain,raw,night,1.0,0
sleep__f_slp:fitbit_sleep_summary_rapids_sumdurationawakemain:night,sleep,f_slp:fitbit_sleep_summary_rapids_sumdurationawakemain:night,f_slp,fitbit_sleep_summary_rapids_sumdurationawakemain,raw,night,1.0,0
sleep__f_slp:fitbit_sleep_summary_rapids_sumdurationtofallasleepmain:night,sleep,f_slp:fitbit_sleep_summary_rapids_sumdurationtofallasleepmain:night,f_slp,fitbit_sleep_summary_rapids_sumdurationtofallasleepmain,raw,night,1.0,0
sleep__f_slp:fitbit_sleep_summary_rapids_sumdurationinbedmain:night,sleep,f_slp:fitbit_sleep_summary_rapids_sumdurationinbedmain:night,f_slp,fitbit_sleep_summary_rapids_sumdurationinbedmain,raw,night,1.0,0
sleep__f_slp:fitbit_sleep_summary_rapids_avgefficiencymain:night,sleep,f_slp:fitbit_sleep_summary_rapids_avgefficiencymain:night,f_slp,fitbit_sleep_summary_rapids_avgefficiencymain,raw,night,1.0,0
sleep__f_slp:fitbit_sleep_summary_rapids_avgdurationafterwakeupmain:night,sleep,f_slp:fitbit_sleep_summary_rapids_avgdurationafterwakeupmain:night,f_slp,fitbit_sleep_summary_rapids_avgdurationafterwakeupmain,raw,night,1.0,0
sleep__f_slp:fitbit_sleep_summary_rapids_avgdurationasleepmain:night,sleep,f_slp:fitbit_sleep_summary_rapids_avgdurationasleepmain:night,f_slp,fitbit_sleep_summary_rapids_avgdurationasleepmain,raw,night,1.0,0
sleep__f_slp:fitbit_sleep_summary_rapids_avgdurationawakemain:night,sleep,f_slp:fitbit_sleep_summary_rapids_avgdurationawakemain:night,f_slp,fitbit_sleep_summary_rapids_avgdurationawakemain,raw,night,1.0,0
sleep__f_slp:fitbit_sleep_summary_rapids_avgdurationtofallasleepmain:night,sleep,f_slp:fitbit_sleep_summary_rapids_avgdurationtofallasleepmain:night,f_slp,fitbit_sleep_summary_rapids_avgdurationtofallasleepmain,raw,night,1.0,0
sleep__f_slp:fitbit_sleep_summary_rapids_avgdurationinbedmain:night,sleep,f_slp:fitbit_sleep_summary_rapids_avgdurationinbedmain:night,f_slp,fitbit_sleep_summary_rapids_avgdurationinbedmain,raw,night,1.0,0
sleep__f_slp:fitbit_sleep_summary_rapids_countepisodemain:night,sleep,f_slp:fitbit_sleep_summary_rapids_countepisodemain:night,f_slp,fitbit_sleep_summary_rapids_countepisodemain,raw,night,1.0,0
sleep__f_slp:fitbit_sleep_summary_rapids_firstbedtimemain:night,sleep,f_slp:fitbit_sleep_summary_rapids_firstbedtimemain:night,f_slp,fitbit_sleep_summary_rapids_firstbedtimemain,raw,night,1.0,0
sleep__f_slp:fitbit_sleep_summary_rapids_lastbedtimemain:night,sleep,f_slp:fitbit_sleep_summary_rapids_lastbedtimemain:night,f_slp,fitbit_sleep_summary_rapids_lastbedtimemain,raw,night,1.0,0
sleep__f_slp:fitbit_sleep_summary_rapids_firstwaketimemain:night,sleep,f_slp:fitbit_sleep_summary_rapids_firstwaketimemain:night,f_slp,fitbit_sleep_summary_rapids_firstwaketimemain,raw,night,1.0,0
sleep__f_slp:fitbit_sleep_summary_rapids_lastwaketimemain:night,sleep,f_slp:fitbit_sleep_summary_rapids_lastwaketimemain:night,f_slp,fitbit_sleep_summary_rapids_lastwaketimemain,raw,night,1.0,0
sleep__f_slp:fitbit_sleep_intraday_rapids_avgdurationasleepunifiedmain:night,sleep,f_slp:fitbit_sleep_intraday_rapids_avgdurationasleepunifiedmain:night,f_slp,fitbit_sleep_intraday_rapids_avgdurationasleepunifiedmain,raw,night,0.4594194780760337,37639
sleep__f_slp:fitbit_sleep_intraday_rapids_avgdurationawakeunifiedmain:night,sleep,f_slp:fitbit_sleep_intraday_rapids_avgdurationawakeunifiedmain:night,f_slp,fitbit_sleep_intraday_rapids_avgdurationawakeunifiedmain,raw,night,0.4594194780760337,37639
sleep__f_slp:fitbit_sleep_intraday_rapids_maxdurationasleepunifiedmain:night,sleep,f_slp:fitbit_sleep_intraday_rapids_maxdurationasleepunifiedmain:night,f_slp,fitbit_sleep_intraday_rapids_maxdurationasleepunifiedmain,raw,night,0.4594194780760337,37639
sleep__f_slp:fitbit_sleep_intraday_rapids_maxdurationawakeunifiedmain:night,sleep,f_slp:fitbit_sleep_intraday_rapids_maxdurationawakeunifiedmain:night,f_slp,fitbit_sleep_intraday_rapids_maxdurationawakeunifiedmain,raw,night,0.4594194780760337,37639
sleep__f_slp:fitbit_sleep_intraday_rapids_sumdurationasleepunifiedmain:night,sleep,f_slp:fitbit_sleep_intraday_rapids_sumdurationasleepunifiedmain:night,f_slp,fitbit_sleep_intraday_rapids_sumdurationasleepunifiedmain,raw,night,0.4594194780760337,37639
sleep__f_slp:fitbit_sleep_intraday_rapids_sumdurationawakeunifiedmain:night,sleep,f_slp:fitbit_sleep_intraday_rapids_sumdurationawakeunifiedmain:night,f_slp,fitbit_sleep_intraday_rapids_sumdurationawakeunifiedmain,raw,night,0.4594194780760337,37639
sleep__f_slp:fitbit_sleep_intraday_rapids_countepisodeasleepunifiedmain:night,sleep,f_slp:fitbit_sleep_intraday_rapids_countepisodeasleepunifiedmain:night,f_slp,fitbit_sleep_intraday_rapids_countepisodeasleepunifiedmain,raw,night,0.4594194780760337,37639
sleep__f_slp:fitbit_sleep_intraday_rapids_countepisodeawakeunifiedmain:night,sleep,f_slp:fitbit_sleep_intraday_rapids_countepisodeawakeunifiedmain:night,f_slp,fitbit_sleep_intraday_rapids_countepisodeawakeunifiedmain,raw,night,0.4594194780760337,37639
sleep__f_slp:fitbit_sleep_intraday_rapids_stddurationasleepunifiedmain:night,sleep,f_slp:fitbit_sleep_intraday_rapids_stddurationasleepunifiedmain:night,f_slp,fitbit_sleep_intraday_rapids_stddurationasleepunifiedmain,raw,night,0.4594194780760337,37639
sleep__f_slp:fitbit_sleep_intraday_rapids_stddurationawakeunifiedmain:night,sleep,f_slp:fitbit_sleep_intraday_rapids_stddurationawakeunifiedmain:night,f_slp,fitbit_sleep_intraday_rapids_stddurationawakeunifiedmain,raw,night,0.4594194780760337,37639
sleep__f_slp:fitbit_sleep_intraday_rapids_mindurationasleepunifiedmain:night,sleep,f_slp:fitbit_sleep_intraday_rapids_mindurationasleepunifiedmain:night,f_slp,fitbit_sleep_intraday_rapids_mindurationasleepunifiedmain,raw,night,0.4594194780760337,37639
sleep__f_slp:fitbit_sleep_intraday_rapids_mindurationawakeunifiedmain:night,sleep,f_slp:fitbit_sleep_intraday_rapids_mindurationawakeunifiedmain:night,f_slp,fitbit_sleep_intraday_rapids_mindurationawakeunifiedmain,raw,night,0.4594194780760337,37639
sleep__f_slp:fitbit_sleep_intraday_rapids_mediandurationasleepunifiedmain:night,sleep,f_slp:fitbit_sleep_intraday_rapids_mediandurationasleepunifiedmain:night,f_slp,fitbit_sleep_intraday_rapids_mediandurationasleepunifiedmain,raw,night,0.4594194780760337,37639
sleep__f_slp:fitbit_sleep_intraday_rapids_mediandurationawakeunifiedmain:night,sleep,f_slp:fitbit_sleep_intraday_rapids_mediandurationawakeunifiedmain:night,f_slp,fitbit_sleep_intraday_rapids_mediandurationawakeunifiedmain,raw,night,0.4594194780760337,37639
sleep__f_slp:fitbit_sleep_intraday_rapids_ratiocountasleepunifiedwithinmain:night,sleep,f_slp:fitbit_sleep_intraday_rapids_ratiocountasleepunifiedwithinmain:night,f_slp,fitbit_sleep_intraday_rapids_ratiocountasleepunifiedwithinmain,raw,night,0.46489149324256396,37258
sleep__f_slp:fitbit_sleep_intraday_rapids_ratiocountawakeunifiedwithinmain:night,sleep,f_slp:fitbit_sleep_intraday_rapids_ratiocountawakeunifiedwithinmain:night,f_slp,fitbit_sleep_intraday_rapids_ratiocountawakeunifiedwithinmain,raw,night,0.46489149324256396,37258
sleep__f_slp:fitbit_sleep_intraday_rapids_ratiodurationasleepunifiedwithinmain:night,sleep,f_slp:fitbit_sleep_intraday_rapids_ratiodurationasleepunifiedwithinmain:night,f_slp,fitbit_sleep_intraday_rapids_ratiodurationasleepunifiedwithinmain,raw,night,0.46489149324256396,37258
sleep__f_slp:fitbit_sleep_intraday_rapids_ratiodurationawakeunifiedwithinmain:night,sleep,f_slp:fitbit_sleep_intraday_rapids_ratiodurationawakeunifiedwithinmain:night,f_slp,fitbit_sleep_intraday_rapids_ratiodurationawakeunifiedwithinmain,raw,night,0.46489149324256396,37258
sleep__f_slp:fitbit_sleep_summary_rapids_sumdurationafterwakeupmain_dis:night,sleep,f_slp:fitbit_sleep_summary_rapids_sumdurationafterwakeupmain_dis:night,f_slp,fitbit_sleep_summary_rapids_sumdurationafterwakeupmain,dis,night,1.0,0
sleep__f_slp:fitbit_sleep_summary_rapids_sumdurationasleepmain_dis:night,sleep,f_slp:fitbit_sleep_summary_rapids_sumdurationasleepmain_dis:night,f_slp,fitbit_sleep_summary_rapids_sumdurationasleepmain,dis,night,1.0,0
sleep__f_slp:fitbit_sleep_summary_rapids_sumdurationawakemain_dis:night,sleep,f_slp:fitbit_sleep_summary_rapids_sumdurationawakemain_dis:night,f_slp,fitbit_sleep_summary_rapids_sumdurationawakemain,dis,night,1.0,0
sleep__f_slp:fitbit_sleep_summary_rapids_sumdurationtofallasleepmain_dis:night,sleep,f_slp:fitbit_sleep_summary_rapids_sumdurationtofallasleepmain_dis:night,f_slp,fitbit_sleep_summary_rapids_sumdurationtofallasleepmain,dis,night,1.0,0
sleep__f_slp:fitbit_sleep_summary_rapids_sumdurationinbedmain_dis:night,sleep,f_slp:fitbit_sleep_summary_rapids_sumdurationinbedmain_dis:night,f_slp,fitbit_sleep_summary_rapids_sumdurationinbedmain,dis,night,1.0,0
sleep__f_slp:fitbit_sleep_summary_rapids_avgefficiencymain_dis:night,sleep,f_slp:fitbit_sleep_summary_rapids_avgefficiencymain_dis:night,f_slp,fitbit_sleep_summary_rapids_avgefficiencymain,dis,night,1.0,0
sleep__f_slp:fitbit_sleep_summary_rapids_avgdurationafterwakeupmain_dis:night,sleep,f_slp:fitbit_sleep_summary_rapids_avgdurationafterwakeupmain_dis:night,f_slp,fitbit_sleep_summary_rapids_avgdurationafterwakeupmain,dis,night,1.0,0
sleep__f_slp:fitbit_sleep_summary_rapids_avgdurationasleepmain_dis:night,sleep,f_slp:fitbit_sleep_summary_rapids_avgdurationasleepmain_dis:night,f_slp,fitbit_sleep_summary_rapids_avgdurationasleepmain,dis,night,1.0,0
sleep__f_slp:fitbit_sleep_summary_rapids_avgdurationawakemain_dis:night,sleep,f_slp:fitbit_sleep_summary_rapids_avgdurationawakemain_dis:night,f_slp,fitbit_sleep_summary_rapids_avgdurationawakemain,dis,night,1.0,0
sleep__f_slp:fitbit_sleep_summary_rapids_avgdurationtofallasleepmain_dis:night,sleep,f_slp:fitbit_sleep_summary_rapids_avgdurationtofallasleepmain_dis:night,f_slp,fitbit_sleep_summary_rapids_avgdurationtofallasleepmain,dis,night,1.0,0
sleep__f_slp:fitbit_sleep_summary_rapids_avgdurationinbedmain_dis:night,sleep,f_slp:fitbit_sleep_summary_rapids_avgdurationinbedmain_dis:night,f_slp,fitbit_sleep_summary_rapids_avgdurationinbedmain,dis,night,1.0,0
sleep__f_slp:fitbit_sleep_summary_rapids_countepisodemain_dis:night,sleep,f_slp:fitbit_sleep_summary_rapids_countepisodemain_dis:night,f_slp,fitbit_sleep_summary_rapids_countepisodemain,dis,night,1.0,0
sleep__f_slp:fitbit_sleep_summary_rapids_firstbedtimemain_dis:night,sleep,f_slp:fitbit_sleep_summary_rapids_firstbedtimemain_dis:night,f_slp,fitbit_sleep_summary_rapids_firstbedtimemain,dis,night,1.0,0
sleep__f_slp:fitbit_sleep_summary_rapids_lastbedtimemain_dis:night,sleep,f_slp:fitbit_sleep_summary_rapids_lastbedtimemain_dis:night,f_slp,fitbit_sleep_summary_rapids_lastbedtimemain,dis,night,1.0,0
sleep__f_slp:fitbit_sleep_summary_rapids_firstwaketimemain_dis:night,sleep,f_slp:fitbit_sleep_summary_rapids_firstwaketimemain_dis:night,f_slp,fitbit_sleep_summary_rapids_firstwaketimemain,dis,night,1.0,0
sleep__f_slp:fitbit_sleep_summary_rapids_lastwaketimemain_dis:night,sleep,f_slp:fitbit_sleep_summary_rapids_lastwaketimemain_dis:night,f_slp,fitbit_sleep_summary_rapids_lastwaketimemain,dis,night,1.0,0
sleep__f_slp:fitbit_sleep_intraday_rapids_avgdurationasleepunifiedmain_dis:night,sleep,f_slp:fitbit_sleep_intraday_rapids_avgdurationasleepunifiedmain_dis:night,f_slp,fitbit_sleep_intraday_rapids_avgdurationasleepunifiedmain,dis,night,0.4594194780760337,37639
sleep__f_slp:fitbit_sleep_intraday_rapids_avgdurationawakeunifiedmain_dis:night,sleep,f_slp:fitbit_sleep_intraday_rapids_avgdurationawakeunifiedmain_dis:night,f_slp,fitbit_sleep_intraday_rapids_avgdurationawakeunifiedmain,dis,night,0.4594194780760337,37639
sleep__f_slp:fitbit_sleep_intraday_rapids_maxdurationasleepunifiedmain_dis:night,sleep,f_slp:fitbit_sleep_intraday_rapids_maxdurationasleepunifiedmain_dis:night,f_slp,fitbit_sleep_intraday_rapids_maxdurationasleepunifiedmain,dis,night,0.4594194780760337,37639
sleep__f_slp:fitbit_sleep_intraday_rapids_maxdurationawakeunifiedmain_dis:night,sleep,f_slp:fitbit_sleep_intraday_rapids_maxdurationawakeunifiedmain_dis:night,f_slp,fitbit_sleep_intraday_rapids_maxdurationawakeunifiedmain,dis,night,0.4594194780760337,37639
sleep__f_slp:fitbit_sleep_intraday_rapids_sumdurationasleepunifiedmain_dis:night,sleep,f_slp:fitbit_sleep_intraday_rapids_sumdurationasleepunifiedmain_dis:night,f_slp,fitbit_sleep_intraday_rapids_sumdurationasleepunifiedmain,dis,night,0.4594194780760337,37639
sleep__f_slp:fitbit_sleep_intraday_rapids_sumdurationawakeunifiedmain_dis:night,sleep,f_slp:fitbit_sleep_intraday_rapids_sumdurationawakeunifiedmain_dis:night,f_slp,fitbit_sleep_intraday_rapids_sumdurationawakeunifiedmain,dis,night,0.4594194780760337,37639
sleep__f_slp:fitbit_sleep_intraday_rapids_countepisodeasleepunifiedmain_dis:night,sleep,f_slp:fitbit_sleep_intraday_rapids_countepisodeasleepunifiedmain_dis:night,f_slp,fitbit_sleep_intraday_rapids_countepisodeasleepunifiedmain,dis,night,0.4594194780760337,37639
sleep__f_slp:fitbit_sleep_intraday_rapids_countepisodeawakeunifiedmain_dis:night,sleep,f_slp:fitbit_sleep_intraday_rapids_countepisodeawakeunifiedmain_dis:night,f_slp,fitbit_sleep_intraday_rapids_countepisodeawakeunifiedmain,dis,night,0.4594194780760337,37639
sleep__f_slp:fitbit_sleep_intraday_rapids_stddurationasleepunifiedmain_dis:night,sleep,f_slp:fitbit_sleep_intraday_rapids_stddurationasleepunifiedmain_dis:night,f_slp,fitbit_sleep_intraday_rapids_stddurationasleepunifiedmain,dis,night,0.4594194780760337,37639
sleep__f_slp:fitbit_sleep_intraday_rapids_stddurationawakeunifiedmain_dis:night,sleep,f_slp:fitbit_sleep_intraday_rapids_stddurationawakeunifiedmain_dis:night,f_slp,fitbit_sleep_intraday_rapids_stddurationawakeunifiedmain,dis,night,0.4594194780760337,37639
sleep__f_slp:fitbit_sleep_intraday_rapids_mindurationasleepunifiedmain_dis:night,sleep,f_slp:fitbit_sleep_intraday_rapids_mindurationasleepunifiedmain_dis:night,f_slp,fitbit_sleep_intraday_rapids_mindurationasleepunifiedmain,dis,night,0.4594194780760337,37639
sleep__f_slp:fitbit_sleep_intraday_rapids_mindurationawakeunifiedmain_dis:night,sleep,f_slp:fitbit_sleep_intraday_rapids_mindurationawakeunifiedmain_dis:night,f_slp,fitbit_sleep_intraday_rapids_mindurationawakeunifiedmain,dis,night,0.4594194780760337,37639
sleep__f_slp:fitbit_sleep_intraday_rapids_mediandurationasleepunifiedmain_dis:night,sleep,f_slp:fitbit_sleep_intraday_rapids_mediandurationasleepunifiedmain_dis:night,f_slp,fitbit_sleep_intraday_rapids_mediandurationasleepunifiedmain,dis,night,0.4594194780760337,37639
sleep__f_slp:fitbit_sleep_intraday_rapids_mediandurationawakeunifiedmain_dis:night,sleep,f_slp:fitbit_sleep_intraday_rapids_mediandurationawakeunifiedmain_dis:night,f_slp,fitbit_sleep_intraday_rapids_mediandurationawakeunifiedmain,dis,night,0.4594194780760337,37639
sleep__f_slp:fitbit_sleep_intraday_rapids_ratiocountasleepunifiedwithinmain_dis:night,sleep,f_slp:fitbit_sleep_intraday_rapids_ratiocountasleepunifiedwithinmain_dis:night,f_slp,fitbit_sleep_intraday_rapids_ratiocountasleepunifiedwithinmain,dis,night,0.46489149324256396,37258
sleep__f_slp:fitbit_sleep_intraday_rapids_ratiocountawakeunifiedwithinmain_dis:night,sleep,f_slp:fitbit_sleep_intraday_rapids_ratiocountawakeunifiedwithinmain_dis:night,f_slp,fitbit_sleep_intraday_rapids_ratiocountawakeunifiedwithinmain,dis,night,0.46489149324256396,37258
sleep__f_slp:fitbit_sleep_intraday_rapids_ratiodurationasleepunifiedwithinmain_dis:night,sleep,f_slp:fitbit_sleep_intraday_rapids_ratiodurationasleepunifiedwithinmain_dis:night,f_slp,fitbit_sleep_intraday_rapids_ratiodurationasleepunifiedwithinmain,dis,night,0.46489149324256396,37258
sleep__f_slp:fitbit_sleep_intraday_rapids_ratiodurationawakeunifiedwithinmain_dis:night,sleep,f_slp:fitbit_sleep_intraday_rapids_ratiodurationawakeunifiedwithinmain_dis:night,f_slp,fitbit_sleep_intraday_rapids_ratiodurationawakeunifiedwithinmain,dis,night,0.46489149324256396,37258
sleep__f_slp:fitbit_sleep_summary_rapids_sumdurationafterwakeupmain_norm:night,sleep,f_slp:fitbit_sleep_summary_rapids_sumdurationafterwakeupmain_norm:night,f_slp,fitbit_sleep_summary_rapids_sumdurationafterwakeupmain,norm,night,1.0,0
sleep__f_slp:fitbit_sleep_summary_rapids_sumdurationasleepmain_norm:night,sleep,f_slp:fitbit_sleep_summary_rapids_sumdurationasleepmain_norm:night,f_slp,fitbit_sleep_summary_rapids_sumdurationasleepmain,norm,night,1.0,0
sleep__f_slp:fitbit_sleep_summary_rapids_sumdurationawakemain_norm:night,sleep,f_slp:fitbit_sleep_summary_rapids_sumdurationawakemain_norm:night,f_slp,fitbit_sleep_summary_rapids_sumdurationawakemain,norm,night,1.0,0
sleep__f_slp:fitbit_sleep_summary_rapids_sumdurationtofallasleepmain_norm:night,sleep,f_slp:fitbit_sleep_summary_rapids_sumdurationtofallasleepmain_norm:night,f_slp,fitbit_sleep_summary_rapids_sumdurationtofallasleepmain,norm,night,1.0,0
sleep__f_slp:fitbit_sleep_summary_rapids_sumdurationinbedmain_norm:night,sleep,f_slp:fitbit_sleep_summary_rapids_sumdurationinbedmain_norm:night,f_slp,fitbit_sleep_summary_rapids_sumdurationinbedmain,norm,night,1.0,0
sleep__f_slp:fitbit_sleep_summary_rapids_avgefficiencymain_norm:night,sleep,f_slp:fitbit_sleep_summary_rapids_avgefficiencymain_norm:night,f_slp,fitbit_sleep_summary_rapids_avgefficiencymain,norm,night,1.0,0
sleep__f_slp:fitbit_sleep_summary_rapids_avgdurationafterwakeupmain_norm:night,sleep,f_slp:fitbit_sleep_summary_rapids_avgdurationafterwakeupmain_norm:night,f_slp,fitbit_sleep_summary_rapids_avgdurationafterwakeupmain,norm,night,1.0,0
sleep__f_slp:fitbit_sleep_summary_rapids_avgdurationasleepmain_norm:night,sleep,f_slp:fitbit_sleep_summary_rapids_avgdurationasleepmain_norm:night,f_slp,fitbit_sleep_summary_rapids_avgdurationasleepmain,norm,night,1.0,0
sleep__f_slp:fitbit_sleep_summary_rapids_avgdurationawakemain_norm:night,sleep,f_slp:fitbit_sleep_summary_rapids_avgdurationawakemain_norm:night,f_slp,fitbit_sleep_summary_rapids_avgdurationawakemain,norm,night,1.0,0
sleep__f_slp:fitbit_sleep_summary_rapids_avgdurationtofallasleepmain_norm:night,sleep,f_slp:fitbit_sleep_summary_rapids_avgdurationtofallasleepmain_norm:night,f_slp,fitbit_sleep_summary_rapids_avgdurationtofallasleepmain,norm,night,1.0,0
sleep__f_slp:fitbit_sleep_summary_rapids_avgdurationinbedmain_norm:night,sleep,f_slp:fitbit_sleep_summary_rapids_avgdurationinbedmain_norm:night,f_slp,fitbit_sleep_summary_rapids_avgdurationinbedmain,norm,night,1.0,0
sleep__f_slp:fitbit_sleep_summary_rapids_countepisodemain_norm:night,sleep,f_slp:fitbit_sleep_summary_rapids_countepisodemain_norm:night,f_slp,fitbit_sleep_summary_rapids_countepisodemain,norm,night,1.0,0
sleep__f_slp:fitbit_sleep_summary_rapids_firstbedtimemain_norm:night,sleep,f_slp:fitbit_sleep_summary_rapids_firstbedtimemain_norm:night,f_slp,fitbit_sleep_summary_rapids_firstbedtimemain,norm,night,1.0,0
sleep__f_slp:fitbit_sleep_summary_rapids_lastbedtimemain_norm:night,sleep,f_slp:fitbit_sleep_summary_rapids_lastbedtimemain_norm:night,f_slp,fitbit_sleep_summary_rapids_lastbedtimemain,norm,night,1.0,0
sleep__f_slp:fitbit_sleep_summary_rapids_firstwaketimemain_norm:night,sleep,f_slp:fitbit_sleep_summary_rapids_firstwaketimemain_norm:night,f_slp,fitbit_sleep_summary_rapids_firstwaketimemain,norm,night,1.0,0
sleep__f_slp:fitbit_sleep_summary_rapids_lastwaketimemain_norm:night,sleep,f_slp:fitbit_sleep_summary_rapids_lastwaketimemain_norm:night,f_slp,fitbit_sleep_summary_rapids_lastwaketimemain,norm,night,1.0,0
sleep__f_slp:fitbit_sleep_intraday_rapids_avgdurationasleepunifiedmain_norm:night,sleep,f_slp:fitbit_sleep_intraday_rapids_avgdurationasleepunifiedmain_norm:night,f_slp,fitbit_sleep_intraday_rapids_avgdurationasleepunifiedmain,norm,night,0.4594194780760337,37639
sleep__f_slp:fitbit_sleep_intraday_rapids_avgdurationawakeunifiedmain_norm:night,sleep,f_slp:fitbit_sleep_intraday_rapids_avgdurationawakeunifiedmain_norm:night,f_slp,fitbit_sleep_intraday_rapids_avgdurationawakeunifiedmain,norm,night,0.4594194780760337,37639
sleep__f_slp:fitbit_sleep_intraday_rapids_maxdurationasleepunifiedmain_norm:night,sleep,f_slp:fitbit_sleep_intraday_rapids_maxdurationasleepunifiedmain_norm:night,f_slp,fitbit_sleep_intraday_rapids_maxdurationasleepunifiedmain,norm,night,0.4594194780760337,37639
sleep__f_slp:fitbit_sleep_intraday_rapids_maxdurationawakeunifiedmain_norm:night,sleep,f_slp:fitbit_sleep_intraday_rapids_maxdurationawakeunifiedmain_norm:night,f_slp,fitbit_sleep_intraday_rapids_maxdurationawakeunifiedmain,norm,night,0.4594194780760337,37639
sleep__f_slp:fitbit_sleep_intraday_rapids_sumdurationasleepunifiedmain_norm:night,sleep,f_slp:fitbit_sleep_intraday_rapids_sumdurationasleepunifiedmain_norm:night,f_slp,fitbit_sleep_intraday_rapids_sumdurationasleepunifiedmain,norm,night,0.4594194780760337,37639
sleep__f_slp:fitbit_sleep_intraday_rapids_sumdurationawakeunifiedmain_norm:night,sleep,f_slp:fitbit_sleep_intraday_rapids_sumdurationawakeunifiedmain_norm:night,f_slp,fitbit_sleep_intraday_rapids_sumdurationawakeunifiedmain,norm,night,0.4594194780760337,37639
sleep__f_slp:fitbit_sleep_intraday_rapids_countepisodeasleepunifiedmain_norm:night,sleep,f_slp:fitbit_sleep_intraday_rapids_countepisodeasleepunifiedmain_norm:night,f_slp,fitbit_sleep_intraday_rapids_countepisodeasleepunifiedmain,norm,night,0.4594194780760337,37639
sleep__f_slp:fitbit_sleep_intraday_rapids_countepisodeawakeunifiedmain_norm:night,sleep,f_slp:fitbit_sleep_intraday_rapids_countepisodeawakeunifiedmain_norm:night,f_slp,fitbit_sleep_intraday_rapids_countepisodeawakeunifiedmain,norm,night,0.4594194780760337,37639
sleep__f_slp:fitbit_sleep_intraday_rapids_stddurationasleepunifiedmain_norm:night,sleep,f_slp:fitbit_sleep_intraday_rapids_stddurationasleepunifiedmain_norm:night,f_slp,fitbit_sleep_intraday_rapids_stddurationasleepunifiedmain,norm,night,0.4594194780760337,37639
sleep__f_slp:fitbit_sleep_intraday_rapids_stddurationawakeunifiedmain_norm:night,sleep,f_slp:fitbit_sleep_intraday_rapids_stddurationawakeunifiedmain_norm:night,f_slp,fitbit_sleep_intraday_rapids_stddurationawakeunifiedmain,norm,night,0.4594194780760337,37639
sleep__f_slp:fitbit_sleep_intraday_rapids_mindurationasleepunifiedmain_norm:night,sleep,f_slp:fitbit_sleep_intraday_rapids_mindurationasleepunifiedmain_norm:night,f_slp,fitbit_sleep_intraday_rapids_mindurationasleepunifiedmain,norm,night,0.4594194780760337,37639
sleep__f_slp:fitbit_sleep_intraday_rapids_mindurationawakeunifiedmain_norm:night,sleep,f_slp:fitbit_sleep_intraday_rapids_mindurationawakeunifiedmain_norm:night,f_slp,fitbit_sleep_intraday_rapids_mindurationawakeunifiedmain,norm,night,0.4594194780760337,37639
sleep__f_slp:fitbit_sleep_intraday_rapids_mediandurationasleepunifiedmain_norm:night,sleep,f_slp:fitbit_sleep_intraday_rapids_mediandurationasleepunifiedmain_norm:night,f_slp,fitbit_sleep_intraday_rapids_mediandurationasleepunifiedmain,norm,night,0.4594194780760337,37639
sleep__f_slp:fitbit_sleep_intraday_rapids_mediandurationawakeunifiedmain_norm:night,sleep,f_slp:fitbit_sleep_intraday_rapids_mediandurationawakeunifiedmain_norm:night,f_slp,fitbit_sleep_intraday_rapids_mediandurationawakeunifiedmain,norm,night,0.4594194780760337,37639
sleep__f_slp:fitbit_sleep_intraday_rapids_ratiocountasleepunifiedwithinmain_norm:night,sleep,f_slp:fitbit_sleep_intraday_rapids_ratiocountasleepunifiedwithinmain_norm:night,f_slp,fitbit_sleep_intraday_rapids_ratiocountasleepunifiedwithinmain,norm,night,0.46489149324256396,37258
sleep__f_slp:fitbit_sleep_intraday_rapids_ratiocountawakeunifiedwithinmain_norm:night,sleep,f_slp:fitbit_sleep_intraday_rapids_ratiocountawakeunifiedwithinmain_norm:night,f_slp,fitbit_sleep_intraday_rapids_ratiocountawakeunifiedwithinmain,norm,night,0.46489149324256396,37258
sleep__f_slp:fitbit_sleep_intraday_rapids_ratiodurationasleepunifiedwithinmain_norm:night,sleep,f_slp:fitbit_sleep_intraday_rapids_ratiodurationasleepunifiedwithinmain_norm:night,f_slp,fitbit_sleep_intraday_rapids_ratiodurationasleepunifiedwithinmain,norm,night,0.46489149324256396,37258
sleep__f_slp:fitbit_sleep_intraday_rapids_ratiodurationawakeunifiedwithinmain_norm:night,sleep,f_slp:fitbit_sleep_intraday_rapids_ratiodurationawakeunifiedwithinmain_norm:night,f_slp,fitbit_sleep_intraday_rapids_ratiodurationawakeunifiedwithinmain,norm,night,0.46489149324256396,37258
sleep__f_slp:fitbit_sleep_summary_rapids_sumdurationafterwakeupmain:weekday,sleep,f_slp:fitbit_sleep_summary_rapids_sumdurationafterwakeupmain:weekday,f_slp,fitbit_sleep_summary_rapids_sumdurationafterwakeupmain,raw,weekday,0.9097907420971749,6281
sleep__f_slp:fitbit_sleep_summary_rapids_sumdurationasleepmain:weekday,sleep,f_slp:fitbit_sleep_summary_rapids_sumdurationasleepmain:weekday,f_slp,fitbit_sleep_summary_rapids_sumdurationasleepmain,raw,weekday,0.9097907420971749,6281
sleep__f_slp:fitbit_sleep_summary_rapids_sumdurationawakemain:weekday,sleep,f_slp:fitbit_sleep_summary_rapids_sumdurationawakemain:weekday,f_slp,fitbit_sleep_summary_rapids_sumdurationawakemain,raw,weekday,0.9097907420971749,6281
sleep__f_slp:fitbit_sleep_summary_rapids_sumdurationtofallasleepmain:weekday,sleep,f_slp:fitbit_sleep_summary_rapids_sumdurationtofallasleepmain:weekday,f_slp,fitbit_sleep_summary_rapids_sumdurationtofallasleepmain,raw,weekday,0.9097907420971749,6281
sleep__f_slp:fitbit_sleep_summary_rapids_sumdurationinbedmain:weekday,sleep,f_slp:fitbit_sleep_summary_rapids_sumdurationinbedmain:weekday,f_slp,fitbit_sleep_summary_rapids_sumdurationinbedmain,raw,weekday,0.9097907420971749,6281
sleep__f_slp:fitbit_sleep_summary_rapids_avgefficiencymain:weekday,sleep,f_slp:fitbit_sleep_summary_rapids_avgefficiencymain:weekday,f_slp,fitbit_sleep_summary_rapids_avgefficiencymain,raw,weekday,0.9099774512760854,6268
sleep__f_slp:fitbit_sleep_summary_rapids_avgdurationafterwakeupmain:weekday,sleep,f_slp:fitbit_sleep_summary_rapids_avgdurationafterwakeupmain:weekday,f_slp,fitbit_sleep_summary_rapids_avgdurationafterwakeupmain,raw,weekday,0.9097907420971749,6281
sleep__f_slp:fitbit_sleep_summary_rapids_avgdurationasleepmain:weekday,sleep,f_slp:fitbit_sleep_summary_rapids_avgdurationasleepmain:weekday,f_slp,fitbit_sleep_summary_rapids_avgdurationasleepmain,raw,weekday,0.9097907420971749,6281
sleep__f_slp:fitbit_sleep_summary_rapids_avgdurationawakemain:weekday,sleep,f_slp:fitbit_sleep_summary_rapids_avgdurationawakemain:weekday,f_slp,fitbit_sleep_summary_rapids_avgdurationawakemain,raw,weekday,0.9097907420971749,6281
sleep__f_slp:fitbit_sleep_summary_rapids_avgdurationtofallasleepmain:weekday,sleep,f_slp:fitbit_sleep_summary_rapids_avgdurationtofallasleepmain:weekday,f_slp,fitbit_sleep_summary_rapids_avgdurationtofallasleepmain,raw,weekday,0.9097907420971749,6281
sleep__f_slp:fitbit_sleep_summary_rapids_avgdurationinbedmain:weekday,sleep,f_slp:fitbit_sleep_summary_rapids_avgdurationinbedmain:weekday,f_slp,fitbit_sleep_summary_rapids_avgdurationinbedmain,raw,weekday,0.9097907420971749,6281
sleep__f_slp:fitbit_sleep_summary_rapids_countepisodemain:weekday,sleep,f_slp:fitbit_sleep_summary_rapids_countepisodemain:weekday,f_slp,fitbit_sleep_summary_rapids_countepisodemain,raw,weekday,0.9097907420971749,6281
sleep__f_slp:fitbit_sleep_summary_rapids_firstbedtimemain:weekday,sleep,f_slp:fitbit_sleep_summary_rapids_firstbedtimemain:weekday,f_slp,fitbit_sleep_summary_rapids_firstbedtimemain,raw,weekday,0.9099774512760854,6268
sleep__f_slp:fitbit_sleep_summary_rapids_lastbedtimemain:weekday,sleep,f_slp:fitbit_sleep_summary_rapids_lastbedtimemain:weekday,f_slp,fitbit_sleep_summary_rapids_lastbedtimemain,raw,weekday,0.9099774512760854,6268
sleep__f_slp:fitbit_sleep_summary_rapids_firstwaketimemain:weekday,sleep,f_slp:fitbit_sleep_summary_rapids_firstwaketimemain:weekday,f_slp,fitbit_sleep_summary_rapids_firstwaketimemain,raw,weekday,0.9091300788487224,6327
sleep__f_slp:fitbit_sleep_summary_rapids_lastwaketimemain:weekday,sleep,f_slp:fitbit_sleep_summary_rapids_lastwaketimemain:weekday,f_slp,fitbit_sleep_summary_rapids_lastwaketimemain,raw,weekday,0.9091300788487224,6327
sleep__f_slp:fitbit_sleep_intraday_rapids_avgdurationasleepunifiedmain:weekday,sleep,f_slp:fitbit_sleep_intraday_rapids_avgdurationasleepunifiedmain:weekday,f_slp,fitbit_sleep_intraday_rapids_avgdurationasleepunifiedmain,raw,weekday,0.9118445430651902,6138
sleep__f_slp:fitbit_sleep_intraday_rapids_avgdurationawakeunifiedmain:weekday,sleep,f_slp:fitbit_sleep_intraday_rapids_avgdurationawakeunifiedmain:weekday,f_slp,fitbit_sleep_intraday_rapids_avgdurationawakeunifiedmain,raw,weekday,0.9118445430651902,6138
sleep__f_slp:fitbit_sleep_intraday_rapids_maxdurationasleepunifiedmain:weekday,sleep,f_slp:fitbit_sleep_intraday_rapids_maxdurationasleepunifiedmain:weekday,f_slp,fitbit_sleep_intraday_rapids_maxdurationasleepunifiedmain,raw,weekday,0.9118445430651902,6138
sleep__f_slp:fitbit_sleep_intraday_rapids_maxdurationawakeunifiedmain:weekday,sleep,f_slp:fitbit_sleep_intraday_rapids_maxdurationawakeunifiedmain:weekday,f_slp,fitbit_sleep_intraday_rapids_maxdurationawakeunifiedmain,raw,weekday,0.9118445430651902,6138
sleep__f_slp:fitbit_sleep_intraday_rapids_sumdurationasleepunifiedmain:weekday,sleep,f_slp:fitbit_sleep_intraday_rapids_sumdurationasleepunifiedmain:weekday,f_slp,fitbit_sleep_intraday_rapids_sumdurationasleepunifiedmain,raw,weekday,0.9118445430651902,6138
sleep__f_slp:fitbit_sleep_intraday_rapids_sumdurationawakeunifiedmain:weekday,sleep,f_slp:fitbit_sleep_intraday_rapids_sumdurationawakeunifiedmain:weekday,f_slp,fitbit_sleep_intraday_rapids_sumdurationawakeunifiedmain,raw,weekday,0.9118445430651902,6138
sleep__f_slp:fitbit_sleep_intraday_rapids_countepisodeasleepunifiedmain:weekday,sleep,f_slp:fitbit_sleep_intraday_rapids_countepisodeasleepunifiedmain:weekday,f_slp,fitbit_sleep_intraday_rapids_countepisodeasleepunifiedmain,raw,weekday,0.9118445430651902,6138
sleep__f_slp:fitbit_sleep_intraday_rapids_countepisodeawakeunifiedmain:weekday,sleep,f_slp:fitbit_sleep_intraday_rapids_countepisodeawakeunifiedmain:weekday,f_slp,fitbit_sleep_intraday_rapids_countepisodeawakeunifiedmain,raw,weekday,0.9118445430651902,6138
sleep__f_slp:fitbit_sleep_intraday_rapids_stddurationasleepunifiedmain:weekday,sleep,f_slp:fitbit_sleep_intraday_rapids_stddurationasleepunifiedmain:weekday,f_slp,fitbit_sleep_intraday_rapids_stddurationasleepunifiedmain,raw,weekday,0.9118445430651902,6138
sleep__f_slp:fitbit_sleep_intraday_rapids_stddurationawakeunifiedmain:weekday,sleep,f_slp:fitbit_sleep_intraday_rapids_stddurationawakeunifiedmain:weekday,f_slp,fitbit_sleep_intraday_rapids_stddurationawakeunifiedmain,raw,weekday,0.9118445430651902,6138
sleep__f_slp:fitbit_sleep_intraday_rapids_mindurationasleepunifiedmain:weekday,sleep,f_slp:fitbit_sleep_intraday_rapids_mindurationasleepunifiedmain:weekday,f_slp,fitbit_sleep_intraday_rapids_mindurationasleepunifiedmain,raw,weekday,0.9118445430651902,6138
sleep__f_slp:fitbit_sleep_intraday_rapids_mindurationawakeunifiedmain:weekday,sleep,f_slp:fitbit_sleep_intraday_rapids_mindurationawakeunifiedmain:weekday,f_slp,fitbit_sleep_intraday_rapids_mindurationawakeunifiedmain,raw,weekday,0.9118445430651902,6138
sleep__f_slp:fitbit_sleep_intraday_rapids_mediandurationasleepunifiedmain:weekday,sleep,f_slp:fitbit_sleep_intraday_rapids_mediandurationasleepunifiedmain:weekday,f_slp,fitbit_sleep_intraday_rapids_mediandurationasleepunifiedmain,raw,weekday,0.9118445430651902,6138
sleep__f_slp:fitbit_sleep_intraday_rapids_mediandurationawakeunifiedmain:weekday,sleep,f_slp:fitbit_sleep_intraday_rapids_mediandurationawakeunifiedmain:weekday,f_slp,fitbit_sleep_intraday_rapids_mediandurationawakeunifiedmain,raw,weekday,0.9118445430651902,6138
sleep__f_slp:fitbit_sleep_intraday_rapids_ratiocountasleepunifiedwithinmain:weekday,sleep,f_slp:fitbit_sleep_intraday_rapids_ratiocountasleepunifiedwithinmain:weekday,f_slp,fitbit_sleep_intraday_rapids_ratiocountasleepunifiedwithinmain,raw,weekday,0.9118445430651902,6138
sleep__f_slp:fitbit_sleep_intraday_rapids_ratiocountawakeunifiedwithinmain:weekday,sleep,f_slp:fitbit_sleep_intraday_rapids_ratiocountawakeunifiedwithinmain:weekday,f_slp,fitbit_sleep_intraday_rapids_ratiocountawakeunifiedwithinmain,raw,weekday,0.9118445430651902,6138
sleep__f_slp:fitbit_sleep_intraday_rapids_ratiodurationasleepunifiedwithinmain:weekday,sleep,f_slp:fitbit_sleep_intraday_rapids_ratiodurationasleepunifiedwithinmain:weekday,f_slp,fitbit_sleep_intraday_rapids_ratiodurationasleepunifiedwithinmain,raw,weekday,0.9118445430651902,6138
sleep__f_slp:fitbit_sleep_intraday_rapids_ratiodurationawakeunifiedwithinmain:weekday,sleep,f_slp:fitbit_sleep_intraday_rapids_ratiodurationawakeunifiedwithinmain:weekday,f_slp,fitbit_sleep_intraday_rapids_ratiodurationawakeunifiedwithinmain,raw,weekday,0.9118445430651902,6138
sleep__f_slp:fitbit_sleep_summary_rapids_sumdurationafterwakeupmain_dis:weekday,sleep,f_slp:fitbit_sleep_summary_rapids_sumdurationafterwakeupmain_dis:weekday,f_slp,fitbit_sleep_summary_rapids_sumdurationafterwakeupmain,dis,weekday,0.9097907420971749,6281
sleep__f_slp:fitbit_sleep_summary_rapids_sumdurationasleepmain_dis:weekday,sleep,f_slp:fitbit_sleep_summary_rapids_sumdurationasleepmain_dis:weekday,f_slp,fitbit_sleep_summary_rapids_sumdurationasleepmain,dis,weekday,0.9097907420971749,6281
sleep__f_slp:fitbit_sleep_summary_rapids_sumdurationawakemain_dis:weekday,sleep,f_slp:fitbit_sleep_summary_rapids_sumdurationawakemain_dis:weekday,f_slp,fitbit_sleep_summary_rapids_sumdurationawakemain,dis,weekday,0.9097907420971749,6281
sleep__f_slp:fitbit_sleep_summary_rapids_sumdurationtofallasleepmain_dis:weekday,sleep,f_slp:fitbit_sleep_summary_rapids_sumdurationtofallasleepmain_dis:weekday,f_slp,fitbit_sleep_summary_rapids_sumdurationtofallasleepmain,dis,weekday,0.9097907420971749,6281
sleep__f_slp:fitbit_sleep_summary_rapids_sumdurationinbedmain_dis:weekday,sleep,f_slp:fitbit_sleep_summary_rapids_sumdurationinbedmain_dis:weekday,f_slp,fitbit_sleep_summary_rapids_sumdurationinbedmain,dis,weekday,0.9097907420971749,6281
sleep__f_slp:fitbit_sleep_summary_rapids_avgefficiencymain_dis:weekday,sleep,f_slp:fitbit_sleep_summary_rapids_avgefficiencymain_dis:weekday,f_slp,fitbit_sleep_summary_rapids_avgefficiencymain,dis,weekday,0.9099774512760854,6268
sleep__f_slp:fitbit_sleep_summary_rapids_avgdurationafterwakeupmain_dis:weekday,sleep,f_slp:fitbit_sleep_summary_rapids_avgdurationafterwakeupmain_dis:weekday,f_slp,fitbit_sleep_summary_rapids_avgdurationafterwakeupmain,dis,weekday,0.9097907420971749,6281
sleep__f_slp:fitbit_sleep_summary_rapids_avgdurationasleepmain_dis:weekday,sleep,f_slp:fitbit_sleep_summary_rapids_avgdurationasleepmain_dis:weekday,f_slp,fitbit_sleep_summary_rapids_avgdurationasleepmain,dis,weekday,0.9097907420971749,6281
sleep__f_slp:fitbit_sleep_summary_rapids_avgdurationawakemain_dis:weekday,sleep,f_slp:fitbit_sleep_summary_rapids_avgdurationawakemain_dis:weekday,f_slp,fitbit_sleep_summary_rapids_avgdurationawakemain,dis,weekday,0.9097907420971749,6281
sleep__f_slp:fitbit_sleep_summary_rapids_avgdurationtofallasleepmain_dis:weekday,sleep,f_slp:fitbit_sleep_summary_rapids_avgdurationtofallasleepmain_dis:weekday,f_slp,fitbit_sleep_summary_rapids_avgdurationtofallasleepmain,dis,weekday,0.9097907420971749,6281
sleep__f_slp:fitbit_sleep_summary_rapids_avgdurationinbedmain_dis:weekday,sleep,f_slp:fitbit_sleep_summary_rapids_avgdurationinbedmain_dis:weekday,f_slp,fitbit_sleep_summary_rapids_avgdurationinbedmain,dis,weekday,0.9097907420971749,6281
sleep__f_slp:fitbit_sleep_summary_rapids_countepisodemain_dis:weekday,sleep,f_slp:fitbit_sleep_summary_rapids_countepisodemain_dis:weekday,f_slp,fitbit_sleep_summary_rapids_countepisodemain,dis,weekday,0.9097907420971749,6281
sleep__f_slp:fitbit_sleep_summary_rapids_firstbedtimemain_dis:weekday,sleep,f_slp:fitbit_sleep_summary_rapids_firstbedtimemain_dis:weekday,f_slp,fitbit_sleep_summary_rapids_firstbedtimemain,dis,weekday,0.9099774512760854,6268
sleep__f_slp:fitbit_sleep_summary_rapids_lastbedtimemain_dis:weekday,sleep,f_slp:fitbit_sleep_summary_rapids_lastbedtimemain_dis:weekday,f_slp,fitbit_sleep_summary_rapids_lastbedtimemain,dis,weekday,0.9099774512760854,6268
sleep__f_slp:fitbit_sleep_summary_rapids_firstwaketimemain_dis:weekday,sleep,f_slp:fitbit_sleep_summary_rapids_firstwaketimemain_dis:weekday,f_slp,fitbit_sleep_summary_rapids_firstwaketimemain,dis,weekday,0.9091300788487224,6327
sleep__f_slp:fitbit_sleep_summary_rapids_lastwaketimemain_dis:weekday,sleep,f_slp:fitbit_sleep_summary_rapids_lastwaketimemain_dis:weekday,f_slp,fitbit_sleep_summary_rapids_lastwaketimemain,dis,weekday,0.9091300788487224,6327
sleep__f_slp:fitbit_sleep_intraday_rapids_avgdurationasleepunifiedmain_dis:weekday,sleep,f_slp:fitbit_sleep_intraday_rapids_avgdurationasleepunifiedmain_dis:weekday,f_slp,fitbit_sleep_intraday_rapids_avgdurationasleepunifiedmain,dis,weekday,0.9118445430651902,6138
sleep__f_slp:fitbit_sleep_intraday_rapids_avgdurationawakeunifiedmain_dis:weekday,sleep,f_slp:fitbit_sleep_intraday_rapids_avgdurationawakeunifiedmain_dis:weekday,f_slp,fitbit_sleep_intraday_rapids_avgdurationawakeunifiedmain,dis,weekday,0.9118445430651902,6138
sleep__f_slp:fitbit_sleep_intraday_rapids_maxdurationasleepunifiedmain_dis:weekday,sleep,f_slp:fitbit_sleep_intraday_rapids_maxdurationasleepunifiedmain_dis:weekday,f_slp,fitbit_sleep_intraday_rapids_maxdurationasleepunifiedmain,dis,weekday,0.9118445430651902,6138
sleep__f_slp:fitbit_sleep_intraday_rapids_maxdurationawakeunifiedmain_dis:weekday,sleep,f_slp:fitbit_sleep_intraday_rapids_maxdurationawakeunifiedmain_dis:weekday,f_slp,fitbit_sleep_intraday_rapids_maxdurationawakeunifiedmain,dis,weekday,0.9118445430651902,6138
sleep__f_slp:fitbit_sleep_intraday_rapids_sumdurationasleepunifiedmain_dis:weekday,sleep,f_slp:fitbit_sleep_intraday_rapids_sumdurationasleepunifiedmain_dis:weekday,f_slp,fitbit_sleep_intraday_rapids_sumdurationasleepunifiedmain,dis,weekday,0.9118445430651902,6138
sleep__f_slp:fitbit_sleep_intraday_rapids_sumdurationawakeunifiedmain_dis:weekday,sleep,f_slp:fitbit_sleep_intraday_rapids_sumdurationawakeunifiedmain_dis:weekday,f_slp,fitbit_sleep_intraday_rapids_sumdurationawakeunifiedmain,dis,weekday,0.9118445430651902,6138
sleep__f_slp:fitbit_sleep_intraday_rapids_countepisodeasleepunifiedmain_dis:weekday,sleep,f_slp:fitbit_sleep_intraday_rapids_countepisodeasleepunifiedmain_dis:weekday,f_slp,fitbit_sleep_intraday_rapids_countepisodeasleepunifiedmain,dis,weekday,0.9118445430651902,6138
sleep__f_slp:fitbit_sleep_intraday_rapids_countepisodeawakeunifiedmain_dis:weekday,sleep,f_slp:fitbit_sleep_intraday_rapids_countepisodeawakeunifiedmain_dis:weekday,f_slp,fitbit_sleep_intraday_rapids_countepisodeawakeunifiedmain,dis,weekday,0.9118445430651902,6138
sleep__f_slp:fitbit_sleep_intraday_rapids_stddurationasleepunifiedmain_dis:weekday,sleep,f_slp:fitbit_sleep_intraday_rapids_stddurationasleepunifiedmain_dis:weekday,f_slp,fitbit_sleep_intraday_rapids_stddurationasleepunifiedmain,dis,weekday,0.9118445430651902,6138
sleep__f_slp:fitbit_sleep_intraday_rapids_stddurationawakeunifiedmain_dis:weekday,sleep,f_slp:fitbit_sleep_intraday_rapids_stddurationawakeunifiedmain_dis:weekday,f_slp,fitbit_sleep_intraday_rapids_stddurationawakeunifiedmain,dis,weekday,0.9118445430651902,6138
sleep__f_slp:fitbit_sleep_intraday_rapids_mindurationasleepunifiedmain_dis:weekday,sleep,f_slp:fitbit_sleep_intraday_rapids_mindurationasleepunifiedmain_dis:weekday,f_slp,fitbit_sleep_intraday_rapids_mindurationasleepunifiedmain,dis,weekday,0.9118445430651902,6138
sleep__f_slp:fitbit_sleep_intraday_rapids_mindurationawakeunifiedmain_dis:weekday,sleep,f_slp:fitbit_sleep_intraday_rapids_mindurationawakeunifiedmain_dis:weekday,f_slp,fitbit_sleep_intraday_rapids_mindurationawakeunifiedmain,dis,weekday,0.9118445430651902,6138
sleep__f_slp:fitbit_sleep_intraday_rapids_mediandurationasleepunifiedmain_dis:weekday,sleep,f_slp:fitbit_sleep_intraday_rapids_mediandurationasleepunifiedmain_dis:weekday,f_slp,fitbit_sleep_intraday_rapids_mediandurationasleepunifiedmain,dis,weekday,0.9118445430651902,6138
sleep__f_slp:fitbit_sleep_intraday_rapids_mediandurationawakeunifiedmain_dis:weekday,sleep,f_slp:fitbit_sleep_intraday_rapids_mediandurationawakeunifiedmain_dis:weekday,f_slp,fitbit_sleep_intraday_rapids_mediandurationawakeunifiedmain,dis,weekday,0.9118445430651902,6138
sleep__f_slp:fitbit_sleep_intraday_rapids_ratiocountasleepunifiedwithinmain_dis:weekday,sleep,f_slp:fitbit_sleep_intraday_rapids_ratiocountasleepunifiedwithinmain_dis:weekday,f_slp,fitbit_sleep_intraday_rapids_ratiocountasleepunifiedwithinmain,dis,weekday,0.9118445430651902,6138
sleep__f_slp:fitbit_sleep_intraday_rapids_ratiocountawakeunifiedwithinmain_dis:weekday,sleep,f_slp:fitbit_sleep_intraday_rapids_ratiocountawakeunifiedwithinmain_dis:weekday,f_slp,fitbit_sleep_intraday_rapids_ratiocountawakeunifiedwithinmain,dis,weekday,0.9118445430651902,6138
sleep__f_slp:fitbit_sleep_intraday_rapids_ratiodurationasleepunifiedwithinmain_dis:weekday,sleep,f_slp:fitbit_sleep_intraday_rapids_ratiodurationasleepunifiedwithinmain_dis:weekday,f_slp,fitbit_sleep_intraday_rapids_ratiodurationasleepunifiedwithinmain,dis,weekday,0.9118445430651902,6138
sleep__f_slp:fitbit_sleep_intraday_rapids_ratiodurationawakeunifiedwithinmain_dis:weekday,sleep,f_slp:fitbit_sleep_intraday_rapids_ratiodurationawakeunifiedwithinmain_dis:weekday,f_slp,fitbit_sleep_intraday_rapids_ratiodurationawakeunifiedwithinmain,dis,weekday,0.9118445430651902,6138
sleep__f_slp:fitbit_sleep_summary_rapids_sumdurationafterwakeupmain_norm:weekday,sleep,f_slp:fitbit_sleep_summary_rapids_sumdurationafterwakeupmain_norm:weekday,f_slp,fitbit_sleep_summary_rapids_sumdurationafterwakeupmain,norm,weekday,0.9097907420971749,6281
sleep__f_slp:fitbit_sleep_summary_rapids_sumdurationasleepmain_norm:weekday,sleep,f_slp:fitbit_sleep_summary_rapids_sumdurationasleepmain_norm:weekday,f_slp,fitbit_sleep_summary_rapids_sumdurationasleepmain,norm,weekday,0.9097907420971749,6281
sleep__f_slp:fitbit_sleep_summary_rapids_sumdurationawakemain_norm:weekday,sleep,f_slp:fitbit_sleep_summary_rapids_sumdurationawakemain_norm:weekday,f_slp,fitbit_sleep_summary_rapids_sumdurationawakemain,norm,weekday,0.9097907420971749,6281
sleep__f_slp:fitbit_sleep_summary_rapids_sumdurationtofallasleepmain_norm:weekday,sleep,f_slp:fitbit_sleep_summary_rapids_sumdurationtofallasleepmain_norm:weekday,f_slp,fitbit_sleep_summary_rapids_sumdurationtofallasleepmain,norm,weekday,0.9097907420971749,6281
sleep__f_slp:fitbit_sleep_summary_rapids_sumdurationinbedmain_norm:weekday,sleep,f_slp:fitbit_sleep_summary_rapids_sumdurationinbedmain_norm:weekday,f_slp,fitbit_sleep_summary_rapids_sumdurationinbedmain,norm,weekday,0.9097907420971749,6281
sleep__f_slp:fitbit_sleep_summary_rapids_avgefficiencymain_norm:weekday,sleep,f_slp:fitbit_sleep_summary_rapids_avgefficiencymain_norm:weekday,f_slp,fitbit_sleep_summary_rapids_avgefficiencymain,norm,weekday,0.9099774512760854,6268
sleep__f_slp:fitbit_sleep_summary_rapids_avgdurationafterwakeupmain_norm:weekday,sleep,f_slp:fitbit_sleep_summary_rapids_avgdurationafterwakeupmain_norm:weekday,f_slp,fitbit_sleep_summary_rapids_avgdurationafterwakeupmain,norm,weekday,0.9097907420971749,6281
sleep__f_slp:fitbit_sleep_summary_rapids_avgdurationasleepmain_norm:weekday,sleep,f_slp:fitbit_sleep_summary_rapids_avgdurationasleepmain_norm:weekday,f_slp,fitbit_sleep_summary_rapids_avgdurationasleepmain,norm,weekday,0.9097907420971749,6281
sleep__f_slp:fitbit_sleep_summary_rapids_avgdurationawakemain_norm:weekday,sleep,f_slp:fitbit_sleep_summary_rapids_avgdurationawakemain_norm:weekday,f_slp,fitbit_sleep_summary_rapids_avgdurationawakemain,norm,weekday,0.9097907420971749,6281
sleep__f_slp:fitbit_sleep_summary_rapids_avgdurationtofallasleepmain_norm:weekday,sleep,f_slp:fitbit_sleep_summary_rapids_avgdurationtofallasleepmain_norm:weekday,f_slp,fitbit_sleep_summary_rapids_avgdurationtofallasleepmain,norm,weekday,0.9097907420971749,6281
sleep__f_slp:fitbit_sleep_summary_rapids_avgdurationinbedmain_norm:weekday,sleep,f_slp:fitbit_sleep_summary_rapids_avgdurationinbedmain_norm:weekday,f_slp,fitbit_sleep_summary_rapids_avgdurationinbedmain,norm,weekday,0.9097907420971749,6281
sleep__f_slp:fitbit_sleep_summary_rapids_countepisodemain_norm:weekday,sleep,f_slp:fitbit_sleep_summary_rapids_countepisodemain_norm:weekday,f_slp,fitbit_sleep_summary_rapids_countepisodemain,norm,weekday,0.9097907420971749,6281
sleep__f_slp:fitbit_sleep_summary_rapids_firstbedtimemain_norm:weekday,sleep,f_slp:fitbit_sleep_summary_rapids_firstbedtimemain_norm:weekday,f_slp,fitbit_sleep_summary_rapids_firstbedtimemain,norm,weekday,0.9099774512760854,6268
sleep__f_slp:fitbit_sleep_summary_rapids_lastbedtimemain_norm:weekday,sleep,f_slp:fitbit_sleep_summary_rapids_lastbedtimemain_norm:weekday,f_slp,fitbit_sleep_summary_rapids_lastbedtimemain,norm,weekday,0.9099774512760854,6268
sleep__f_slp:fitbit_sleep_summary_rapids_firstwaketimemain_norm:weekday,sleep,f_slp:fitbit_sleep_summary_rapids_firstwaketimemain_norm:weekday,f_slp,fitbit_sleep_summary_rapids_firstwaketimemain,norm,weekday,0.9091300788487224,6327
sleep__f_slp:fitbit_sleep_summary_rapids_lastwaketimemain_norm:weekday,sleep,f_slp:fitbit_sleep_summary_rapids_lastwaketimemain_norm:weekday,f_slp,fitbit_sleep_summary_rapids_lastwaketimemain,norm,weekday,0.9091300788487224,6327
sleep__f_slp:fitbit_sleep_intraday_rapids_avgdurationasleepunifiedmain_norm:weekday,sleep,f_slp:fitbit_sleep_intraday_rapids_avgdurationasleepunifiedmain_norm:weekday,f_slp,fitbit_sleep_intraday_rapids_avgdurationasleepunifiedmain,norm,weekday,0.9118445430651902,6138
sleep__f_slp:fitbit_sleep_intraday_rapids_avgdurationawakeunifiedmain_norm:weekday,sleep,f_slp:fitbit_sleep_intraday_rapids_avgdurationawakeunifiedmain_norm:weekday,f_slp,fitbit_sleep_intraday_rapids_avgdurationawakeunifiedmain,norm,weekday,0.9118445430651902,6138
sleep__f_slp:fitbit_sleep_intraday_rapids_maxdurationasleepunifiedmain_norm:weekday,sleep,f_slp:fitbit_sleep_intraday_rapids_maxdurationasleepunifiedmain_norm:weekday,f_slp,fitbit_sleep_intraday_rapids_maxdurationasleepunifiedmain,norm,weekday,0.9118445430651902,6138
sleep__f_slp:fitbit_sleep_intraday_rapids_maxdurationawakeunifiedmain_norm:weekday,sleep,f_slp:fitbit_sleep_intraday_rapids_maxdurationawakeunifiedmain_norm:weekday,f_slp,fitbit_sleep_intraday_rapids_maxdurationawakeunifiedmain,norm,weekday,0.9118445430651902,6138
sleep__f_slp:fitbit_sleep_intraday_rapids_sumdurationasleepunifiedmain_norm:weekday,sleep,f_slp:fitbit_sleep_intraday_rapids_sumdurationasleepunifiedmain_norm:weekday,f_slp,fitbit_sleep_intraday_rapids_sumdurationasleepunifiedmain,norm,weekday,0.9118445430651902,6138
sleep__f_slp:fitbit_sleep_intraday_rapids_sumdurationawakeunifiedmain_norm:weekday,sleep,f_slp:fitbit_sleep_intraday_rapids_sumdurationawakeunifiedmain_norm:weekday,f_slp,fitbit_sleep_intraday_rapids_sumdurationawakeunifiedmain,norm,weekday,0.9118445430651902,6138
sleep__f_slp:fitbit_sleep_intraday_rapids_countepisodeasleepunifiedmain_norm:weekday,sleep,f_slp:fitbit_sleep_intraday_rapids_countepisodeasleepunifiedmain_norm:weekday,f_slp,fitbit_sleep_intraday_rapids_countepisodeasleepunifiedmain,norm,weekday,0.9118445430651902,6138
sleep__f_slp:fitbit_sleep_intraday_rapids_countepisodeawakeunifiedmain_norm:weekday,sleep,f_slp:fitbit_sleep_intraday_rapids_countepisodeawakeunifiedmain_norm:weekday,f_slp,fitbit_sleep_intraday_rapids_countepisodeawakeunifiedmain,norm,weekday,0.9118445430651902,6138
sleep__f_slp:fitbit_sleep_intraday_rapids_stddurationasleepunifiedmain_norm:weekday,sleep,f_slp:fitbit_sleep_intraday_rapids_stddurationasleepunifiedmain_norm:weekday,f_slp,fitbit_sleep_intraday_rapids_stddurationasleepunifiedmain,norm,weekday,0.9118445430651902,6138
sleep__f_slp:fitbit_sleep_intraday_rapids_stddurationawakeunifiedmain_norm:weekday,sleep,f_slp:fitbit_sleep_intraday_rapids_stddurationawakeunifiedmain_norm:weekday,f_slp,fitbit_sleep_intraday_rapids_stddurationawakeunifiedmain,norm,weekday,0.9118445430651902,6138
sleep__f_slp:fitbit_sleep_intraday_rapids_mindurationasleepunifiedmain_norm:weekday,sleep,f_slp:fitbit_sleep_intraday_rapids_mindurationasleepunifiedmain_norm:weekday,f_slp,fitbit_sleep_intraday_rapids_mindurationasleepunifiedmain,norm,weekday,0.9118445430651902,6138
sleep__f_slp:fitbit_sleep_intraday_rapids_mindurationawakeunifiedmain_norm:weekday,sleep,f_slp:fitbit_sleep_intraday_rapids_mindurationawakeunifiedmain_norm:weekday,f_slp,fitbit_sleep_intraday_rapids_mindurationawakeunifiedmain,norm,weekday,0.9118445430651902,6138
sleep__f_slp:fitbit_sleep_intraday_rapids_mediandurationasleepunifiedmain_norm:weekday,sleep,f_slp:fitbit_sleep_intraday_rapids_mediandurationasleepunifiedmain_norm:weekday,f_slp,fitbit_sleep_intraday_rapids_mediandurationasleepunifiedmain,norm,weekday,0.9118445430651902,6138
sleep__f_slp:fitbit_sleep_intraday_rapids_mediandurationawakeunifiedmain_norm:weekday,sleep,f_slp:fitbit_sleep_intraday_rapids_mediandurationawakeunifiedmain_norm:weekday,f_slp,fitbit_sleep_intraday_rapids_mediandurationawakeunifiedmain,norm,weekday,0.9118445430651902,6138
sleep__f_slp:fitbit_sleep_intraday_rapids_ratiocountasleepunifiedwithinmain_norm:weekday,sleep,f_slp:fitbit_sleep_intraday_rapids_ratiocountasleepunifiedwithinmain_norm:weekday,f_slp,fitbit_sleep_intraday_rapids_ratiocountasleepunifiedwithinmain,norm,weekday,0.9118445430651902,6138
sleep__f_slp:fitbit_sleep_intraday_rapids_ratiocountawakeunifiedwithinmain_norm:weekday,sleep,f_slp:fitbit_sleep_intraday_rapids_ratiocountawakeunifiedwithinmain_norm:weekday,f_slp,fitbit_sleep_intraday_rapids_ratiocountawakeunifiedwithinmain,norm,weekday,0.9118445430651902,6138
sleep__f_slp:fitbit_sleep_intraday_rapids_ratiodurationasleepunifiedwithinmain_norm:weekday,sleep,f_slp:fitbit_sleep_intraday_rapids_ratiodurationasleepunifiedwithinmain_norm:weekday,f_slp,fitbit_sleep_intraday_rapids_ratiodurationasleepunifiedwithinmain,norm,weekday,0.9118445430651902,6138
sleep__f_slp:fitbit_sleep_intraday_rapids_ratiodurationawakeunifiedwithinmain_norm:weekday,sleep,f_slp:fitbit_sleep_intraday_rapids_ratiodurationawakeunifiedwithinmain_norm:weekday,f_slp,fitbit_sleep_intraday_rapids_ratiodurationawakeunifiedwithinmain,norm,weekday,0.9118445430651902,6138
sleep__f_slp:fitbit_sleep_summary_rapids_sumdurationafterwakeupmain:weekend,sleep,f_slp:fitbit_sleep_summary_rapids_sumdurationafterwakeupmain:weekend,f_slp,fitbit_sleep_summary_rapids_sumdurationafterwakeupmain,raw,weekend,0.9136972726097634,6009
sleep__f_slp:fitbit_sleep_summary_rapids_sumdurationasleepmain:weekend,sleep,f_slp:fitbit_sleep_summary_rapids_sumdurationasleepmain:weekend,f_slp,fitbit_sleep_summary_rapids_sumdurationasleepmain,raw,weekend,0.9136972726097634,6009
sleep__f_slp:fitbit_sleep_summary_rapids_sumdurationawakemain:weekend,sleep,f_slp:fitbit_sleep_summary_rapids_sumdurationawakemain:weekend,f_slp,fitbit_sleep_summary_rapids_sumdurationawakemain,raw,weekend,0.9136972726097634,6009
sleep__f_slp:fitbit_sleep_summary_rapids_sumdurationtofallasleepmain:weekend,sleep,f_slp:fitbit_sleep_summary_rapids_sumdurationtofallasleepmain:weekend,f_slp,fitbit_sleep_summary_rapids_sumdurationtofallasleepmain,raw,weekend,0.9136972726097634,6009
sleep__f_slp:fitbit_sleep_summary_rapids_sumdurationinbedmain:weekend,sleep,f_slp:fitbit_sleep_summary_rapids_sumdurationinbedmain:weekend,f_slp,fitbit_sleep_summary_rapids_sumdurationinbedmain,raw,weekend,0.9136972726097634,6009
sleep__f_slp:fitbit_sleep_summary_rapids_avgefficiencymain:weekend,sleep,f_slp:fitbit_sleep_summary_rapids_avgefficiencymain:weekend,f_slp,fitbit_sleep_summary_rapids_avgefficiencymain,raw,weekend,0.9138983440332055,5995
sleep__f_slp:fitbit_sleep_summary_rapids_avgdurationafterwakeupmain:weekend,sleep,f_slp:fitbit_sleep_summary_rapids_avgdurationafterwakeupmain:weekend,f_slp,fitbit_sleep_summary_rapids_avgdurationafterwakeupmain,raw,weekend,0.9136972726097634,6009
sleep__f_slp:fitbit_sleep_summary_rapids_avgdurationasleepmain:weekend,sleep,f_slp:fitbit_sleep_summary_rapids_avgdurationasleepmain:weekend,f_slp,fitbit_sleep_summary_rapids_avgdurationasleepmain,raw,weekend,0.9136972726097634,6009
sleep__f_slp:fitbit_sleep_summary_rapids_avgdurationawakemain:weekend,sleep,f_slp:fitbit_sleep_summary_rapids_avgdurationawakemain:weekend,f_slp,fitbit_sleep_summary_rapids_avgdurationawakemain,raw,weekend,0.9136972726097634,6009
sleep__f_slp:fitbit_sleep_summary_rapids_avgdurationtofallasleepmain:weekend,sleep,f_slp:fitbit_sleep_summary_rapids_avgdurationtofallasleepmain:weekend,f_slp,fitbit_sleep_summary_rapids_avgdurationtofallasleepmain,raw,weekend,0.9136972726097634,6009
sleep__f_slp:fitbit_sleep_summary_rapids_avgdurationinbedmain:weekend,sleep,f_slp:fitbit_sleep_summary_rapids_avgdurationinbedmain:weekend,f_slp,fitbit_sleep_summary_rapids_avgdurationinbedmain,raw,weekend,0.9136972726097634,6009
sleep__f_slp:fitbit_sleep_summary_rapids_countepisodemain:weekend,sleep,f_slp:fitbit_sleep_summary_rapids_countepisodemain:weekend,f_slp,fitbit_sleep_summary_rapids_countepisodemain,raw,weekend,0.9136972726097634,6009
sleep__f_slp:fitbit_sleep_summary_rapids_firstbedtimemain:weekend,sleep,f_slp:fitbit_sleep_summary_rapids_firstbedtimemain:weekend,f_slp,fitbit_sleep_summary_rapids_firstbedtimemain,raw,weekend,0.9138983440332055,5995
sleep__f_slp:fitbit_sleep_summary_rapids_lastbedtimemain:weekend,sleep,f_slp:fitbit_sleep_summary_rapids_lastbedtimemain:weekend,f_slp,fitbit_sleep_summary_rapids_lastbedtimemain,raw,weekend,0.9138983440332055,5995
sleep__f_slp:fitbit_sleep_summary_rapids_firstwaketimemain:weekend,sleep,f_slp:fitbit_sleep_summary_rapids_firstwaketimemain:weekend,f_slp,fitbit_sleep_summary_rapids_firstwaketimemain,raw,weekend,0.9128211756933373,6070
sleep__f_slp:fitbit_sleep_summary_rapids_lastwaketimemain:weekend,sleep,f_slp:fitbit_sleep_summary_rapids_lastwaketimemain:weekend,f_slp,fitbit_sleep_summary_rapids_lastwaketimemain,raw,weekend,0.9128211756933373,6070
sleep__f_slp:fitbit_sleep_intraday_rapids_avgdurationasleepunifiedmain:weekend,sleep,f_slp:fitbit_sleep_intraday_rapids_avgdurationasleepunifiedmain:weekend,f_slp,fitbit_sleep_intraday_rapids_avgdurationasleepunifiedmain,raw,weekend,0.9137403593433582,6006
sleep__f_slp:fitbit_sleep_intraday_rapids_avgdurationawakeunifiedmain:weekend,sleep,f_slp:fitbit_sleep_intraday_rapids_avgdurationawakeunifiedmain:weekend,f_slp,fitbit_sleep_intraday_rapids_avgdurationawakeunifiedmain,raw,weekend,0.9137403593433582,6006
sleep__f_slp:fitbit_sleep_intraday_rapids_maxdurationasleepunifiedmain:weekend,sleep,f_slp:fitbit_sleep_intraday_rapids_maxdurationasleepunifiedmain:weekend,f_slp,fitbit_sleep_intraday_rapids_maxdurationasleepunifiedmain,raw,weekend,0.9137403593433582,6006
sleep__f_slp:fitbit_sleep_intraday_rapids_maxdurationawakeunifiedmain:weekend,sleep,f_slp:fitbit_sleep_intraday_rapids_maxdurationawakeunifiedmain:weekend,f_slp,fitbit_sleep_intraday_rapids_maxdurationawakeunifiedmain,raw,weekend,0.9137403593433582,6006
sleep__f_slp:fitbit_sleep_intraday_rapids_sumdurationasleepunifiedmain:weekend,sleep,f_slp:fitbit_sleep_intraday_rapids_sumdurationasleepunifiedmain:weekend,f_slp,fitbit_sleep_intraday_rapids_sumdurationasleepunifiedmain,raw,weekend,0.9137403593433582,6006
sleep__f_slp:fitbit_sleep_intraday_rapids_sumdurationawakeunifiedmain:weekend,sleep,f_slp:fitbit_sleep_intraday_rapids_sumdurationawakeunifiedmain:weekend,f_slp,fitbit_sleep_intraday_rapids_sumdurationawakeunifiedmain,raw,weekend,0.9137403593433582,6006
sleep__f_slp:fitbit_sleep_intraday_rapids_countepisodeasleepunifiedmain:weekend,sleep,f_slp:fitbit_sleep_intraday_rapids_countepisodeasleepunifiedmain:weekend,f_slp,fitbit_sleep_intraday_rapids_countepisodeasleepunifiedmain,raw,weekend,0.9137403593433582,6006
sleep__f_slp:fitbit_sleep_intraday_rapids_countepisodeawakeunifiedmain:weekend,sleep,f_slp:fitbit_sleep_intraday_rapids_countepisodeawakeunifiedmain:weekend,f_slp,fitbit_sleep_intraday_rapids_countepisodeawakeunifiedmain,raw,weekend,0.9137403593433582,6006
sleep__f_slp:fitbit_sleep_intraday_rapids_stddurationasleepunifiedmain:weekend,sleep,f_slp:fitbit_sleep_intraday_rapids_stddurationasleepunifiedmain:weekend,f_slp,fitbit_sleep_intraday_rapids_stddurationasleepunifiedmain,raw,weekend,0.9137403593433582,6006
sleep__f_slp:fitbit_sleep_intraday_rapids_stddurationawakeunifiedmain:weekend,sleep,f_slp:fitbit_sleep_intraday_rapids_stddurationawakeunifiedmain:weekend,f_slp,fitbit_sleep_intraday_rapids_stddurationawakeunifiedmain,raw,weekend,0.9137403593433582,6006
sleep__f_slp:fitbit_sleep_intraday_rapids_mindurationasleepunifiedmain:weekend,sleep,f_slp:fitbit_sleep_intraday_rapids_mindurationasleepunifiedmain:weekend,f_slp,fitbit_sleep_intraday_rapids_mindurationasleepunifiedmain,raw,weekend,0.9137403593433582,6006
sleep__f_slp:fitbit_sleep_intraday_rapids_mindurationawakeunifiedmain:weekend,sleep,f_slp:fitbit_sleep_intraday_rapids_mindurationawakeunifiedmain:weekend,f_slp,fitbit_sleep_intraday_rapids_mindurationawakeunifiedmain,raw,weekend,0.9137403593433582,6006
sleep__f_slp:fitbit_sleep_intraday_rapids_mediandurationasleepunifiedmain:weekend,sleep,f_slp:fitbit_sleep_intraday_rapids_mediandurationasleepunifiedmain:weekend,f_slp,fitbit_sleep_intraday_rapids_mediandurationasleepunifiedmain,raw,weekend,0.9137403593433582,6006
sleep__f_slp:fitbit_sleep_intraday_rapids_mediandurationawakeunifiedmain:weekend,sleep,f_slp:fitbit_sleep_intraday_rapids_mediandurationawakeunifiedmain:weekend,f_slp,fitbit_sleep_intraday_rapids_mediandurationawakeunifiedmain,raw,weekend,0.9137403593433582,6006
sleep__f_slp:fitbit_sleep_intraday_rapids_ratiocountasleepunifiedwithinmain:weekend,sleep,f_slp:fitbit_sleep_intraday_rapids_ratiocountasleepunifiedwithinmain:weekend,f_slp,fitbit_sleep_intraday_rapids_ratiocountasleepunifiedwithinmain,raw,weekend,0.9137690838324213,6004
sleep__f_slp:fitbit_sleep_intraday_rapids_ratiocountawakeunifiedwithinmain:weekend,sleep,f_slp:fitbit_sleep_intraday_rapids_ratiocountawakeunifiedwithinmain:weekend,f_slp,fitbit_sleep_intraday_rapids_ratiocountawakeunifiedwithinmain,raw,weekend,0.9137690838324213,6004
sleep__f_slp:fitbit_sleep_intraday_rapids_ratiodurationasleepunifiedwithinmain:weekend,sleep,f_slp:fitbit_sleep_intraday_rapids_ratiodurationasleepunifiedwithinmain:weekend,f_slp,fitbit_sleep_intraday_rapids_ratiodurationasleepunifiedwithinmain,raw,weekend,0.9137690838324213,6004
sleep__f_slp:fitbit_sleep_intraday_rapids_ratiodurationawakeunifiedwithinmain:weekend,sleep,f_slp:fitbit_sleep_intraday_rapids_ratiodurationawakeunifiedwithinmain:weekend,f_slp,fitbit_sleep_intraday_rapids_ratiodurationawakeunifiedwithinmain,raw,weekend,0.9137690838324213,6004
sleep__f_slp:fitbit_sleep_summary_rapids_sumdurationafterwakeupmain_dis:weekend,sleep,f_slp:fitbit_sleep_summary_rapids_sumdurationafterwakeupmain_dis:weekend,f_slp,fitbit_sleep_summary_rapids_sumdurationafterwakeupmain,dis,weekend,0.9136972726097634,6009
sleep__f_slp:fitbit_sleep_summary_rapids_sumdurationasleepmain_dis:weekend,sleep,f_slp:fitbit_sleep_summary_rapids_sumdurationasleepmain_dis:weekend,f_slp,fitbit_sleep_summary_rapids_sumdurationasleepmain,dis,weekend,0.9136972726097634,6009
sleep__f_slp:fitbit_sleep_summary_rapids_sumdurationawakemain_dis:weekend,sleep,f_slp:fitbit_sleep_summary_rapids_sumdurationawakemain_dis:weekend,f_slp,fitbit_sleep_summary_rapids_sumdurationawakemain,dis,weekend,0.9136972726097634,6009
sleep__f_slp:fitbit_sleep_summary_rapids_sumdurationtofallasleepmain_dis:weekend,sleep,f_slp:fitbit_sleep_summary_rapids_sumdurationtofallasleepmain_dis:weekend,f_slp,fitbit_sleep_summary_rapids_sumdurationtofallasleepmain,dis,weekend,0.9136972726097634,6009
sleep__f_slp:fitbit_sleep_summary_rapids_sumdurationinbedmain_dis:weekend,sleep,f_slp:fitbit_sleep_summary_rapids_sumdurationinbedmain_dis:weekend,f_slp,fitbit_sleep_summary_rapids_sumdurationinbedmain,dis,weekend,0.9136972726097634,6009
sleep__f_slp:fitbit_sleep_summary_rapids_avgefficiencymain_dis:weekend,sleep,f_slp:fitbit_sleep_summary_rapids_avgefficiencymain_dis:weekend,f_slp,fitbit_sleep_summary_rapids_avgefficiencymain,dis,weekend,0.9138983440332055,5995
sleep__f_slp:fitbit_sleep_summary_rapids_avgdurationafterwakeupmain_dis:weekend,sleep,f_slp:fitbit_sleep_summary_rapids_avgdurationafterwakeupmain_dis:weekend,f_slp,fitbit_sleep_summary_rapids_avgdurationafterwakeupmain,dis,weekend,0.9136972726097634,6009
sleep__f_slp:fitbit_sleep_summary_rapids_avgdurationasleepmain_dis:weekend,sleep,f_slp:fitbit_sleep_summary_rapids_avgdurationasleepmain_dis:weekend,f_slp,fitbit_sleep_summary_rapids_avgdurationasleepmain,dis,weekend,0.9136972726097634,6009
sleep__f_slp:fitbit_sleep_summary_rapids_avgdurationawakemain_dis:weekend,sleep,f_slp:fitbit_sleep_summary_rapids_avgdurationawakemain_dis:weekend,f_slp,fitbit_sleep_summary_rapids_avgdurationawakemain,dis,weekend,0.9136972726097634,6009
sleep__f_slp:fitbit_sleep_summary_rapids_avgdurationtofallasleepmain_dis:weekend,sleep,f_slp:fitbit_sleep_summary_rapids_avgdurationtofallasleepmain_dis:weekend,f_slp,fitbit_sleep_summary_rapids_avgdurationtofallasleepmain,dis,weekend,0.9136972726097634,6009
sleep__f_slp:fitbit_sleep_summary_rapids_avgdurationinbedmain_dis:weekend,sleep,f_slp:fitbit_sleep_summary_rapids_avgdurationinbedmain_dis:weekend,f_slp,fitbit_sleep_summary_rapids_avgdurationinbedmain,dis,weekend,0.9136972726097634,6009
sleep__f_slp:fitbit_sleep_summary_rapids_countepisodemain_dis:weekend,sleep,f_slp:fitbit_sleep_summary_rapids_countepisodemain_dis:weekend,f_slp,fitbit_sleep_summary_rapids_countepisodemain,dis,weekend,0.9136972726097634,6009
sleep__f_slp:fitbit_sleep_summary_rapids_firstbedtimemain_dis:weekend,sleep,f_slp:fitbit_sleep_summary_rapids_firstbedtimemain_dis:weekend,f_slp,fitbit_sleep_summary_rapids_firstbedtimemain,dis,weekend,0.9138983440332055,5995
sleep__f_slp:fitbit_sleep_summary_rapids_lastbedtimemain_dis:weekend,sleep,f_slp:fitbit_sleep_summary_rapids_lastbedtimemain_dis:weekend,f_slp,fitbit_sleep_summary_rapids_lastbedtimemain,dis,weekend,0.9138983440332055,5995
sleep__f_slp:fitbit_sleep_summary_rapids_firstwaketimemain_dis:weekend,sleep,f_slp:fitbit_sleep_summary_rapids_firstwaketimemain_dis:weekend,f_slp,fitbit_sleep_summary_rapids_firstwaketimemain,dis,weekend,0.9128211756933373,6070
sleep__f_slp:fitbit_sleep_summary_rapids_lastwaketimemain_dis:weekend,sleep,f_slp:fitbit_sleep_summary_rapids_lastwaketimemain_dis:weekend,f_slp,fitbit_sleep_summary_rapids_lastwaketimemain,dis,weekend,0.9128211756933373,6070
sleep__f_slp:fitbit_sleep_intraday_rapids_avgdurationasleepunifiedmain_dis:weekend,sleep,f_slp:fitbit_sleep_intraday_rapids_avgdurationasleepunifiedmain_dis:weekend,f_slp,fitbit_sleep_intraday_rapids_avgdurationasleepunifiedmain,dis,weekend,0.9137403593433582,6006
sleep__f_slp:fitbit_sleep_intraday_rapids_avgdurationawakeunifiedmain_dis:weekend,sleep,f_slp:fitbit_sleep_intraday_rapids_avgdurationawakeunifiedmain_dis:weekend,f_slp,fitbit_sleep_intraday_rapids_avgdurationawakeunifiedmain,dis,weekend,0.9137403593433582,6006
sleep__f_slp:fitbit_sleep_intraday_rapids_maxdurationasleepunifiedmain_dis:weekend,sleep,f_slp:fitbit_sleep_intraday_rapids_maxdurationasleepunifiedmain_dis:weekend,f_slp,fitbit_sleep_intraday_rapids_maxdurationasleepunifiedmain,dis,weekend,0.9137403593433582,6006
sleep__f_slp:fitbit_sleep_intraday_rapids_maxdurationawakeunifiedmain_dis:weekend,sleep,f_slp:fitbit_sleep_intraday_rapids_maxdurationawakeunifiedmain_dis:weekend,f_slp,fitbit_sleep_intraday_rapids_maxdurationawakeunifiedmain,dis,weekend,0.9137403593433582,6006
sleep__f_slp:fitbit_sleep_intraday_rapids_sumdurationasleepunifiedmain_dis:weekend,sleep,f_slp:fitbit_sleep_intraday_rapids_sumdurationasleepunifiedmain_dis:weekend,f_slp,fitbit_sleep_intraday_rapids_sumdurationasleepunifiedmain,dis,weekend,0.9137403593433582,6006
sleep__f_slp:fitbit_sleep_intraday_rapids_sumdurationawakeunifiedmain_dis:weekend,sleep,f_slp:fitbit_sleep_intraday_rapids_sumdurationawakeunifiedmain_dis:weekend,f_slp,fitbit_sleep_intraday_rapids_sumdurationawakeunifiedmain,dis,weekend,0.9137403593433582,6006
sleep__f_slp:fitbit_sleep_intraday_rapids_countepisodeasleepunifiedmain_dis:weekend,sleep,f_slp:fitbit_sleep_intraday_rapids_countepisodeasleepunifiedmain_dis:weekend,f_slp,fitbit_sleep_intraday_rapids_countepisodeasleepunifiedmain,dis,weekend,0.9137403593433582,6006
sleep__f_slp:fitbit_sleep_intraday_rapids_countepisodeawakeunifiedmain_dis:weekend,sleep,f_slp:fitbit_sleep_intraday_rapids_countepisodeawakeunifiedmain_dis:weekend,f_slp,fitbit_sleep_intraday_rapids_countepisodeawakeunifiedmain,dis,weekend,0.9137403593433582,6006
sleep__f_slp:fitbit_sleep_intraday_rapids_stddurationasleepunifiedmain_dis:weekend,sleep,f_slp:fitbit_sleep_intraday_rapids_stddurationasleepunifiedmain_dis:weekend,f_slp,fitbit_sleep_intraday_rapids_stddurationasleepunifiedmain,dis,weekend,0.9137403593433582,6006
sleep__f_slp:fitbit_sleep_intraday_rapids_stddurationawakeunifiedmain_dis:weekend,sleep,f_slp:fitbit_sleep_intraday_rapids_stddurationawakeunifiedmain_dis:weekend,f_slp,fitbit_sleep_intraday_rapids_stddurationawakeunifiedmain,dis,weekend,0.9137403593433582,6006
sleep__f_slp:fitbit_sleep_intraday_rapids_mindurationasleepunifiedmain_dis:weekend,sleep,f_slp:fitbit_sleep_intraday_rapids_mindurationasleepunifiedmain_dis:weekend,f_slp,fitbit_sleep_intraday_rapids_mindurationasleepunifiedmain,dis,weekend,0.9137403593433582,6006
sleep__f_slp:fitbit_sleep_intraday_rapids_mindurationawakeunifiedmain_dis:weekend,sleep,f_slp:fitbit_sleep_intraday_rapids_mindurationawakeunifiedmain_dis:weekend,f_slp,fitbit_sleep_intraday_rapids_mindurationawakeunifiedmain,dis,weekend,0.9137403593433582,6006
sleep__f_slp:fitbit_sleep_intraday_rapids_mediandurationasleepunifiedmain_dis:weekend,sleep,f_slp:fitbit_sleep_intraday_rapids_mediandurationasleepunifiedmain_dis:weekend,f_slp,fitbit_sleep_intraday_rapids_mediandurationasleepunifiedmain,dis,weekend,0.9137403593433582,6006
sleep__f_slp:fitbit_sleep_intraday_rapids_mediandurationawakeunifiedmain_dis:weekend,sleep,f_slp:fitbit_sleep_intraday_rapids_mediandurationawakeunifiedmain_dis:weekend,f_slp,fitbit_sleep_intraday_rapids_mediandurationawakeunifiedmain,dis,weekend,0.9137403593433582,6006
sleep__f_slp:fitbit_sleep_intraday_rapids_ratiocountasleepunifiedwithinmain_dis:weekend,sleep,f_slp:fitbit_sleep_intraday_rapids_ratiocountasleepunifiedwithinmain_dis:weekend,f_slp,fitbit_sleep_intraday_rapids_ratiocountasleepunifiedwithinmain,dis,weekend,0.9137690838324213,6004
sleep__f_slp:fitbit_sleep_intraday_rapids_ratiocountawakeunifiedwithinmain_dis:weekend,sleep,f_slp:fitbit_sleep_intraday_rapids_ratiocountawakeunifiedwithinmain_dis:weekend,f_slp,fitbit_sleep_intraday_rapids_ratiocountawakeunifiedwithinmain,dis,weekend,0.9137690838324213,6004
sleep__f_slp:fitbit_sleep_intraday_rapids_ratiodurationasleepunifiedwithinmain_dis:weekend,sleep,f_slp:fitbit_sleep_intraday_rapids_ratiodurationasleepunifiedwithinmain_dis:weekend,f_slp,fitbit_sleep_intraday_rapids_ratiodurationasleepunifiedwithinmain,dis,weekend,0.9137690838324213,6004
sleep__f_slp:fitbit_sleep_intraday_rapids_ratiodurationawakeunifiedwithinmain_dis:weekend,sleep,f_slp:fitbit_sleep_intraday_rapids_ratiodurationawakeunifiedwithinmain_dis:weekend,f_slp,fitbit_sleep_intraday_rapids_ratiodurationawakeunifiedwithinmain,dis,weekend,0.9137690838324213,6004
sleep__f_slp:fitbit_sleep_summary_rapids_sumdurationafterwakeupmain_norm:weekend,sleep,f_slp:fitbit_sleep_summary_rapids_sumdurationafterwakeupmain_norm:weekend,f_slp,fitbit_sleep_summary_rapids_sumdurationafterwakeupmain,norm,weekend,0.9136972726097634,6009
sleep__f_slp:fitbit_sleep_summary_rapids_sumdurationasleepmain_norm:weekend,sleep,f_slp:fitbit_sleep_summary_rapids_sumdurationasleepmain_norm:weekend,f_slp,fitbit_sleep_summary_rapids_sumdurationasleepmain,norm,weekend,0.9136972726097634,6009
sleep__f_slp:fitbit_sleep_summary_rapids_sumdurationawakemain_norm:weekend,sleep,f_slp:fitbit_sleep_summary_rapids_sumdurationawakemain_norm:weekend,f_slp,fitbit_sleep_summary_rapids_sumdurationawakemain,norm,weekend,0.9136972726097634,6009
sleep__f_slp:fitbit_sleep_summary_rapids_sumdurationtofallasleepmain_norm:weekend,sleep,f_slp:fitbit_sleep_summary_rapids_sumdurationtofallasleepmain_norm:weekend,f_slp,fitbit_sleep_summary_rapids_sumdurationtofallasleepmain,norm,weekend,0.9136972726097634,6009
sleep__f_slp:fitbit_sleep_summary_rapids_sumdurationinbedmain_norm:weekend,sleep,f_slp:fitbit_sleep_summary_rapids_sumdurationinbedmain_norm:weekend,f_slp,fitbit_sleep_summary_rapids_sumdurationinbedmain,norm,weekend,0.9136972726097634,6009
sleep__f_slp:fitbit_sleep_summary_rapids_avgefficiencymain_norm:weekend,sleep,f_slp:fitbit_sleep_summary_rapids_avgefficiencymain_norm:weekend,f_slp,fitbit_sleep_summary_rapids_avgefficiencymain,norm,weekend,0.9138983440332055,5995
sleep__f_slp:fitbit_sleep_summary_rapids_avgdurationafterwakeupmain_norm:weekend,sleep,f_slp:fitbit_sleep_summary_rapids_avgdurationafterwakeupmain_norm:weekend,f_slp,fitbit_sleep_summary_rapids_avgdurationafterwakeupmain,norm,weekend,0.9136972726097634,6009
sleep__f_slp:fitbit_sleep_summary_rapids_avgdurationasleepmain_norm:weekend,sleep,f_slp:fitbit_sleep_summary_rapids_avgdurationasleepmain_norm:weekend,f_slp,fitbit_sleep_summary_rapids_avgdurationasleepmain,norm,weekend,0.9136972726097634,6009
sleep__f_slp:fitbit_sleep_summary_rapids_avgdurationawakemain_norm:weekend,sleep,f_slp:fitbit_sleep_summary_rapids_avgdurationawakemain_norm:weekend,f_slp,fitbit_sleep_summary_rapids_avgdurationawakemain,norm,weekend,0.9136972726097634,6009
sleep__f_slp:fitbit_sleep_summary_rapids_avgdurationtofallasleepmain_norm:weekend,sleep,f_slp:fitbit_sleep_summary_rapids_avgdurationtofallasleepmain_norm:weekend,f_slp,fitbit_sleep_summary_rapids_avgdurationtofallasleepmain,norm,weekend,0.9136972726097634,6009
sleep__f_slp:fitbit_sleep_summary_rapids_avgdurationinbedmain_norm:weekend,sleep,f_slp:fitbit_sleep_summary_rapids_avgdurationinbedmain_norm:weekend,f_slp,fitbit_sleep_summary_rapids_avgdurationinbedmain,norm,weekend,0.9136972726097634,6009
sleep__f_slp:fitbit_sleep_summary_rapids_countepisodemain_norm:weekend,sleep,f_slp:fitbit_sleep_summary_rapids_countepisodemain_norm:weekend,f_slp,fitbit_sleep_summary_rapids_countepisodemain,norm,weekend,0.9136972726097634,6009
sleep__f_slp:fitbit_sleep_summary_rapids_firstbedtimemain_norm:weekend,sleep,f_slp:fitbit_sleep_summary_rapids_firstbedtimemain_norm:weekend,f_slp,fitbit_sleep_summary_rapids_firstbedtimemain,norm,weekend,0.9138983440332055,5995
sleep__f_slp:fitbit_sleep_summary_rapids_lastbedtimemain_norm:weekend,sleep,f_slp:fitbit_sleep_summary_rapids_lastbedtimemain_norm:weekend,f_slp,fitbit_sleep_summary_rapids_lastbedtimemain,norm,weekend,0.9138983440332055,5995
sleep__f_slp:fitbit_sleep_summary_rapids_firstwaketimemain_norm:weekend,sleep,f_slp:fitbit_sleep_summary_rapids_firstwaketimemain_norm:weekend,f_slp,fitbit_sleep_summary_rapids_firstwaketimemain,norm,weekend,0.9128211756933373,6070
sleep__f_slp:fitbit_sleep_summary_rapids_lastwaketimemain_norm:weekend,sleep,f_slp:fitbit_sleep_summary_rapids_lastwaketimemain_norm:weekend,f_slp,fitbit_sleep_summary_rapids_lastwaketimemain,norm,weekend,0.9128211756933373,6070
sleep__f_slp:fitbit_sleep_intraday_rapids_avgdurationasleepunifiedmain_norm:weekend,sleep,f_slp:fitbit_sleep_intraday_rapids_avgdurationasleepunifiedmain_norm:weekend,f_slp,fitbit_sleep_intraday_rapids_avgdurationasleepunifiedmain,norm,weekend,0.9137403593433582,6006
sleep__f_slp:fitbit_sleep_intraday_rapids_avgdurationawakeunifiedmain_norm:weekend,sleep,f_slp:fitbit_sleep_intraday_rapids_avgdurationawakeunifiedmain_norm:weekend,f_slp,fitbit_sleep_intraday_rapids_avgdurationawakeunifiedmain,norm,weekend,0.9137403593433582,6006
sleep__f_slp:fitbit_sleep_intraday_rapids_maxdurationasleepunifiedmain_norm:weekend,sleep,f_slp:fitbit_sleep_intraday_rapids_maxdurationasleepunifiedmain_norm:weekend,f_slp,fitbit_sleep_intraday_rapids_maxdurationasleepunifiedmain,norm,weekend,0.9137403593433582,6006
sleep__f_slp:fitbit_sleep_intraday_rapids_maxdurationawakeunifiedmain_norm:weekend,sleep,f_slp:fitbit_sleep_intraday_rapids_maxdurationawakeunifiedmain_norm:weekend,f_slp,fitbit_sleep_intraday_rapids_maxdurationawakeunifiedmain,norm,weekend,0.9137403593433582,6006
sleep__f_slp:fitbit_sleep_intraday_rapids_sumdurationasleepunifiedmain_norm:weekend,sleep,f_slp:fitbit_sleep_intraday_rapids_sumdurationasleepunifiedmain_norm:weekend,f_slp,fitbit_sleep_intraday_rapids_sumdurationasleepunifiedmain,norm,weekend,0.9137403593433582,6006
sleep__f_slp:fitbit_sleep_intraday_rapids_sumdurationawakeunifiedmain_norm:weekend,sleep,f_slp:fitbit_sleep_intraday_rapids_sumdurationawakeunifiedmain_norm:weekend,f_slp,fitbit_sleep_intraday_rapids_sumdurationawakeunifiedmain,norm,weekend,0.9137403593433582,6006
sleep__f_slp:fitbit_sleep_intraday_rapids_countepisodeasleepunifiedmain_norm:weekend,sleep,f_slp:fitbit_sleep_intraday_rapids_countepisodeasleepunifiedmain_norm:weekend,f_slp,fitbit_sleep_intraday_rapids_countepisodeasleepunifiedmain,norm,weekend,0.9137403593433582,6006
sleep__f_slp:fitbit_sleep_intraday_rapids_countepisodeawakeunifiedmain_norm:weekend,sleep,f_slp:fitbit_sleep_intraday_rapids_countepisodeawakeunifiedmain_norm:weekend,f_slp,fitbit_sleep_intraday_rapids_countepisodeawakeunifiedmain,norm,weekend,0.9137403593433582,6006
sleep__f_slp:fitbit_sleep_intraday_rapids_stddurationasleepunifiedmain_norm:weekend,sleep,f_slp:fitbit_sleep_intraday_rapids_stddurationasleepunifiedmain_norm:weekend,f_slp,fitbit_sleep_intraday_rapids_stddurationasleepunifiedmain,norm,weekend,0.9137403593433582,6006
sleep__f_slp:fitbit_sleep_intraday_rapids_stddurationawakeunifiedmain_norm:weekend,sleep,f_slp:fitbit_sleep_intraday_rapids_stddurationawakeunifiedmain_norm:weekend,f_slp,fitbit_sleep_intraday_rapids_stddurationawakeunifiedmain,norm,weekend,0.9137403593433582,6006
sleep__f_slp:fitbit_sleep_intraday_rapids_mindurationasleepunifiedmain_norm:weekend,sleep,f_slp:fitbit_sleep_intraday_rapids_mindurationasleepunifiedmain_norm:weekend,f_slp,fitbit_sleep_intraday_rapids_mindurationasleepunifiedmain,norm,weekend,0.9137403593433582,6006
sleep__f_slp:fitbit_sleep_intraday_rapids_mindurationawakeunifiedmain_norm:weekend,sleep,f_slp:fitbit_sleep_intraday_rapids_mindurationawakeunifiedmain_norm:weekend,f_slp,fitbit_sleep_intraday_rapids_mindurationawakeunifiedmain,norm,weekend,0.9137403593433582,6006
sleep__f_slp:fitbit_sleep_intraday_rapids_mediandurationasleepunifiedmain_norm:weekend,sleep,f_slp:fitbit_sleep_intraday_rapids_mediandurationasleepunifiedmain_norm:weekend,f_slp,fitbit_sleep_intraday_rapids_mediandurationasleepunifiedmain,norm,weekend,0.9137403593433582,6006
sleep__f_slp:fitbit_sleep_intraday_rapids_mediandurationawakeunifiedmain_norm:weekend,sleep,f_slp:fitbit_sleep_intraday_rapids_mediandurationawakeunifiedmain_norm:weekend,f_slp,fitbit_sleep_intraday_rapids_mediandurationawakeunifiedmain,norm,weekend,0.9137403593433582,6006
sleep__f_slp:fitbit_sleep_intraday_rapids_ratiocountasleepunifiedwithinmain_norm:weekend,sleep,f_slp:fitbit_sleep_intraday_rapids_ratiocountasleepunifiedwithinmain_norm:weekend,f_slp,fitbit_sleep_intraday_rapids_ratiocountasleepunifiedwithinmain,norm,weekend,0.9137690838324213,6004
sleep__f_slp:fitbit_sleep_intraday_rapids_ratiocountawakeunifiedwithinmain_norm:weekend,sleep,f_slp:fitbit_sleep_intraday_rapids_ratiocountawakeunifiedwithinmain_norm:weekend,f_slp,fitbit_sleep_intraday_rapids_ratiocountawakeunifiedwithinmain,norm,weekend,0.9137690838324213,6004
sleep__f_slp:fitbit_sleep_intraday_rapids_ratiodurationasleepunifiedwithinmain_norm:weekend,sleep,f_slp:fitbit_sleep_intraday_rapids_ratiodurationasleepunifiedwithinmain_norm:weekend,f_slp,fitbit_sleep_intraday_rapids_ratiodurationasleepunifiedwithinmain,norm,weekend,0.9137690838324213,6004
sleep__f_slp:fitbit_sleep_intraday_rapids_ratiodurationawakeunifiedwithinmain_norm:weekend,sleep,f_slp:fitbit_sleep_intraday_rapids_ratiodurationawakeunifiedwithinmain_norm:weekend,f_slp,fitbit_sleep_intraday_rapids_ratiodurationawakeunifiedwithinmain,norm,weekend,0.9137690838324213,6004
