target,horizon,issue_time,model,feature
screen_unlock_count,tomorrow,morning,calendar_only,weekday
screen_unlock_count,tomorrow,morning,calendar_only,is_weekend
screen_unlock_count,tomorrow,morning,calendar_only,study_day
screen_unlock_count,tomorrow,morning,recent_history_only,weekday
screen_unlock_count,tomorrow,morning,recent_history_only,is_weekend
screen_unlock_count,tomorrow,morning,recent_history_only,study_day
screen_unlock_count,tomorrow,morning,recent_history_only,screen_unlock_count__yesterday
screen_unlock_count,tomorrow,morning,recent_history_only,screen_unlock_count__roll7_mean
screen_unlock_count,tomorrow,morning,recent_history_only,screen_unlock_count__roll14_mean
screen_unlock_count,tomorrow,morning,fingerprint_42d_only,weekday
screen_unlock_count,tomorrow,morning,fingerprint_42d_only,is_weekend
screen_unlock_count,tomorrow,morning,fingerprint_42d_only,study_day
screen_unlock_count,tomorrow,morning,fingerprint_42d_only,screen_unlock_count__roll42_mean
screen_unlock_count,tomorrow,morning,fingerprint_42d_only,screen_unlock_count__roll42_std
screen_unlock_count,tomorrow,morning,today_partial_only,weekday
screen_unlock_count,tomorrow,morning,today_partial_only,is_weekend
screen_unlock_count,tomorrow,morning,today_partial_only,study_day
screen_unlock_count,tomorrow,morning,today_partial_only,f_screen:phone_screen_rapids_countepisodeunlock:morning
screen_unlock_count,tomorrow,morning,history_plus_fingerprint,weekday
screen_unlock_count,tomorrow,morning,history_plus_fingerprint,is_weekend
screen_unlock_count,tomorrow,morning,history_plus_fingerprint,study_day
screen_unlock_count,tomorrow,morning,history_plus_fingerprint,screen_unlock_count__yesterday
screen_unlock_count,tomorrow,morning,history_plus_fingerprint,screen_unlock_count__roll7_mean
screen_unlock_count,tomorrow,morning,history_plus_fingerprint,screen_unlock_count__roll14_mean
screen_unlock_count,tomorrow,morning,history_plus_fingerprint,screen_unlock_count__roll42_mean
screen_unlock_count,tomorrow,morning,history_plus_fingerprint,screen_unlock_count__roll42_std
screen_unlock_count,tomorrow,morning,history_fingerprint_plus_today,weekday
screen_unlock_count,tomorrow,morning,history_fingerprint_plus_today,is_weekend
screen_unlock_count,tomorrow,morning,history_fingerprint_plus_today,study_day
screen_unlock_count,tomorrow,morning,history_fingerprint_plus_today,screen_unlock_count__yesterday
screen_unlock_count,tomorrow,morning,history_fingerprint_plus_today,screen_unlock_count__roll7_mean
screen_unlock_count,tomorrow,morning,history_fingerprint_plus_today,screen_unlock_count__roll14_mean
screen_unlock_count,tomorrow,morning,history_fingerprint_plus_today,screen_unlock_count__roll42_mean
screen_unlock_count,tomorrow,morning,history_fingerprint_plus_today,screen_unlock_count__roll42_std
screen_unlock_count,tomorrow,morning,history_fingerprint_plus_today,f_screen:phone_screen_rapids_countepisodeunlock:morning
screen_unlock_count,tomorrow,afternoon,calendar_only,weekday
screen_unlock_count,tomorrow,afternoon,calendar_only,is_weekend
screen_unlock_count,tomorrow,afternoon,calendar_only,study_day
screen_unlock_count,tomorrow,afternoon,recent_history_only,weekday
screen_unlock_count,tomorrow,afternoon,recent_history_only,is_weekend
screen_unlock_count,tomorrow,afternoon,recent_history_only,study_day
screen_unlock_count,tomorrow,afternoon,recent_history_only,screen_unlock_count__yesterday
screen_unlock_count,tomorrow,afternoon,recent_history_only,screen_unlock_count__roll7_mean
screen_unlock_count,tomorrow,afternoon,recent_history_only,screen_unlock_count__roll14_mean
screen_unlock_count,tomorrow,afternoon,fingerprint_42d_only,weekday
screen_unlock_count,tomorrow,afternoon,fingerprint_42d_only,is_weekend
screen_unlock_count,tomorrow,afternoon,fingerprint_42d_only,study_day
screen_unlock_count,tomorrow,afternoon,fingerprint_42d_only,screen_unlock_count__roll42_mean
screen_unlock_count,tomorrow,afternoon,fingerprint_42d_only,screen_unlock_count__roll42_std
screen_unlock_count,tomorrow,afternoon,today_partial_only,weekday
screen_unlock_count,tomorrow,afternoon,today_partial_only,is_weekend
screen_unlock_count,tomorrow,afternoon,today_partial_only,study_day
screen_unlock_count,tomorrow,afternoon,today_partial_only,f_screen:phone_screen_rapids_countepisodeunlock:morning
screen_unlock_count,tomorrow,afternoon,today_partial_only,f_screen:phone_screen_rapids_countepisodeunlock:afternoon
screen_unlock_count,tomorrow,afternoon,history_plus_fingerprint,weekday
screen_unlock_count,tomorrow,afternoon,history_plus_fingerprint,is_weekend
screen_unlock_count,tomorrow,afternoon,history_plus_fingerprint,study_day
screen_unlock_count,tomorrow,afternoon,history_plus_fingerprint,screen_unlock_count__yesterday
screen_unlock_count,tomorrow,afternoon,history_plus_fingerprint,screen_unlock_count__roll7_mean
screen_unlock_count,tomorrow,afternoon,history_plus_fingerprint,screen_unlock_count__roll14_mean
screen_unlock_count,tomorrow,afternoon,history_plus_fingerprint,screen_unlock_count__roll42_mean
screen_unlock_count,tomorrow,afternoon,history_plus_fingerprint,screen_unlock_count__roll42_std
screen_unlock_count,tomorrow,afternoon,history_fingerprint_plus_today,weekday
screen_unlock_count,tomorrow,afternoon,history_fingerprint_plus_today,is_weekend
screen_unlock_count,tomorrow,afternoon,history_fingerprint_plus_today,study_day
screen_unlock_count,tomorrow,afternoon,history_fingerprint_plus_today,screen_unlock_count__yesterday
screen_unlock_count,tomorrow,afternoon,history_fingerprint_plus_today,screen_unlock_count__roll7_mean
screen_unlock_count,tomorrow,afternoon,history_fingerprint_plus_today,screen_unlock_count__roll14_mean
screen_unlock_count,tomorrow,afternoon,history_fingerprint_plus_today,screen_unlock_count__roll42_mean
screen_unlock_count,tomorrow,afternoon,history_fingerprint_plus_today,screen_unlock_count__roll42_std
screen_unlock_count,tomorrow,afternoon,history_fingerprint_plus_today,f_screen:phone_screen_rapids_countepisodeunlock:morning
screen_unlock_count,tomorrow,afternoon,history_fingerprint_plus_today,f_screen:phone_screen_rapids_countepisodeunlock:afternoon
screen_unlock_count,tomorrow,evening,calendar_only,weekday
screen_unlock_count,tomorrow,evening,calendar_only,is_weekend
screen_unlock_count,tomorrow,evening,calendar_only,study_day
screen_unlock_count,tomorrow,evening,recent_history_only,weekday
screen_unlock_count,tomorrow,evening,recent_history_only,is_weekend
screen_unlock_count,tomorrow,evening,recent_history_only,study_day
screen_unlock_count,tomorrow,evening,recent_history_only,screen_unlock_count__yesterday
screen_unlock_count,tomorrow,evening,recent_history_only,screen_unlock_count__roll7_mean
screen_unlock_count,tomorrow,evening,recent_history_only,screen_unlock_count__roll14_mean
screen_unlock_count,tomorrow,evening,fingerprint_42d_only,weekday
screen_unlock_count,tomorrow,evening,fingerprint_42d_only,is_weekend
screen_unlock_count,tomorrow,evening,fingerprint_42d_only,study_day
screen_unlock_count,tomorrow,evening,fingerprint_42d_only,screen_unlock_count__roll42_mean
screen_unlock_count,tomorrow,evening,fingerprint_42d_only,screen_unlock_count__roll42_std
screen_unlock_count,tomorrow,evening,today_partial_only,weekday
screen_unlock_count,tomorrow,evening,today_partial_only,is_weekend
screen_unlock_count,tomorrow,evening,today_partial_only,study_day
screen_unlock_count,tomorrow,evening,today_partial_only,f_screen:phone_screen_rapids_countepisodeunlock:morning
screen_unlock_count,tomorrow,evening,today_partial_only,f_screen:phone_screen_rapids_countepisodeunlock:afternoon
screen_unlock_count,tomorrow,evening,today_partial_only,f_screen:phone_screen_rapids_countepisodeunlock:evening
screen_unlock_count,tomorrow,evening,history_plus_fingerprint,weekday
screen_unlock_count,tomorrow,evening,history_plus_fingerprint,is_weekend
screen_unlock_count,tomorrow,evening,history_plus_fingerprint,study_day
screen_unlock_count,tomorrow,evening,history_plus_fingerprint,screen_unlock_count__yesterday
screen_unlock_count,tomorrow,evening,history_plus_fingerprint,screen_unlock_count__roll7_mean
screen_unlock_count,tomorrow,evening,history_plus_fingerprint,screen_unlock_count__roll14_mean
screen_unlock_count,tomorrow,evening,history_plus_fingerprint,screen_unlock_count__roll42_mean
screen_unlock_count,tomorrow,evening,history_plus_fingerprint,screen_unlock_count__roll42_std
screen_unlock_count,tomorrow,evening,history_fingerprint_plus_today,weekday
screen_unlock_count,tomorrow,evening,history_fingerprint_plus_today,is_weekend
screen_unlock_count,tomorrow,evening,history_fingerprint_plus_today,study_day
screen_unlock_count,tomorrow,evening,history_fingerprint_plus_today,screen_unlock_count__yesterday
screen_unlock_count,tomorrow,evening,history_fingerprint_plus_today,screen_unlock_count__roll7_mean
screen_unlock_count,tomorrow,evening,history_fingerprint_plus_today,screen_unlock_count__roll14_mean
screen_unlock_count,tomorrow,evening,history_fingerprint_plus_today,screen_unlock_count__roll42_mean
screen_unlock_count,tomorrow,evening,history_fingerprint_plus_today,screen_unlock_count__roll42_std
screen_unlock_count,tomorrow,evening,history_fingerprint_plus_today,f_screen:phone_screen_rapids_countepisodeunlock:morning
screen_unlock_count,tomorrow,evening,history_fingerprint_plus_today,f_screen:phone_screen_rapids_countepisodeunlock:afternoon
screen_unlock_count,tomorrow,evening,history_fingerprint_plus_today,f_screen:phone_screen_rapids_countepisodeunlock:evening
screen_unlock_count,next_week,morning,calendar_only,weekday
screen_unlock_count,next_week,morning,calendar_only,is_weekend
screen_unlock_count,next_week,morning,calendar_only,study_day
screen_unlock_count,next_week,morning,recent_history_only,weekday
screen_unlock_count,next_week,morning,recent_history_only,is_weekend
screen_unlock_count,next_week,morning,recent_history_only,study_day
screen_unlock_count,next_week,morning,recent_history_only,screen_unlock_count__yesterday
screen_unlock_count,next_week,morning,recent_history_only,screen_unlock_count__roll7_mean
screen_unlock_count,next_week,morning,recent_history_only,screen_unlock_count__roll14_mean
screen_unlock_count,next_week,morning,fingerprint_42d_only,weekday
screen_unlock_count,next_week,morning,fingerprint_42d_only,is_weekend
screen_unlock_count,next_week,morning,fingerprint_42d_only,study_day
screen_unlock_count,next_week,morning,fingerprint_42d_only,screen_unlock_count__roll42_mean
screen_unlock_count,next_week,morning,fingerprint_42d_only,screen_unlock_count__roll42_std
screen_unlock_count,next_week,morning,today_partial_only,weekday
screen_unlock_count,next_week,morning,today_partial_only,is_weekend
screen_unlock_count,next_week,morning,today_partial_only,study_day
screen_unlock_count,next_week,morning,today_partial_only,f_screen:phone_screen_rapids_countepisodeunlock:morning
screen_unlock_count,next_week,morning,history_plus_fingerprint,weekday
screen_unlock_count,next_week,morning,history_plus_fingerprint,is_weekend
screen_unlock_count,next_week,morning,history_plus_fingerprint,study_day
screen_unlock_count,next_week,morning,history_plus_fingerprint,screen_unlock_count__yesterday
screen_unlock_count,next_week,morning,history_plus_fingerprint,screen_unlock_count__roll7_mean
screen_unlock_count,next_week,morning,history_plus_fingerprint,screen_unlock_count__roll14_mean
screen_unlock_count,next_week,morning,history_plus_fingerprint,screen_unlock_count__roll42_mean
screen_unlock_count,next_week,morning,history_plus_fingerprint,screen_unlock_count__roll42_std
screen_unlock_count,next_week,morning,history_fingerprint_plus_today,weekday
screen_unlock_count,next_week,morning,history_fingerprint_plus_today,is_weekend
screen_unlock_count,next_week,morning,history_fingerprint_plus_today,study_day
screen_unlock_count,next_week,morning,history_fingerprint_plus_today,screen_unlock_count__yesterday
screen_unlock_count,next_week,morning,history_fingerprint_plus_today,screen_unlock_count__roll7_mean
screen_unlock_count,next_week,morning,history_fingerprint_plus_today,screen_unlock_count__roll14_mean
screen_unlock_count,next_week,morning,history_fingerprint_plus_today,screen_unlock_count__roll42_mean
screen_unlock_count,next_week,morning,history_fingerprint_plus_today,screen_unlock_count__roll42_std
screen_unlock_count,next_week,morning,history_fingerprint_plus_today,f_screen:phone_screen_rapids_countepisodeunlock:morning
screen_unlock_count,next_week,afternoon,calendar_only,weekday
screen_unlock_count,next_week,afternoon,calendar_only,is_weekend
screen_unlock_count,next_week,afternoon,calendar_only,study_day
screen_unlock_count,next_week,afternoon,recent_history_only,weekday
screen_unlock_count,next_week,afternoon,recent_history_only,is_weekend
screen_unlock_count,next_week,afternoon,recent_history_only,study_day
screen_unlock_count,next_week,afternoon,recent_history_only,screen_unlock_count__yesterday
screen_unlock_count,next_week,afternoon,recent_history_only,screen_unlock_count__roll7_mean
screen_unlock_count,next_week,afternoon,recent_history_only,screen_unlock_count__roll14_mean
screen_unlock_count,next_week,afternoon,fingerprint_42d_only,weekday
screen_unlock_count,next_week,afternoon,fingerprint_42d_only,is_weekend
screen_unlock_count,next_week,afternoon,fingerprint_42d_only,study_day
screen_unlock_count,next_week,afternoon,fingerprint_42d_only,screen_unlock_count__roll42_mean
screen_unlock_count,next_week,afternoon,fingerprint_42d_only,screen_unlock_count__roll42_std
screen_unlock_count,next_week,afternoon,today_partial_only,weekday
screen_unlock_count,next_week,afternoon,today_partial_only,is_weekend
screen_unlock_count,next_week,afternoon,today_partial_only,study_day
screen_unlock_count,next_week,afternoon,today_partial_only,f_screen:phone_screen_rapids_countepisodeunlock:morning
screen_unlock_count,next_week,afternoon,today_partial_only,f_screen:phone_screen_rapids_countepisodeunlock:afternoon
screen_unlock_count,next_week,afternoon,history_plus_fingerprint,weekday
screen_unlock_count,next_week,afternoon,history_plus_fingerprint,is_weekend
screen_unlock_count,next_week,afternoon,history_plus_fingerprint,study_day
screen_unlock_count,next_week,afternoon,history_plus_fingerprint,screen_unlock_count__yesterday
screen_unlock_count,next_week,afternoon,history_plus_fingerprint,screen_unlock_count__roll7_mean
screen_unlock_count,next_week,afternoon,history_plus_fingerprint,screen_unlock_count__roll14_mean
screen_unlock_count,next_week,afternoon,history_plus_fingerprint,screen_unlock_count__roll42_mean
screen_unlock_count,next_week,afternoon,history_plus_fingerprint,screen_unlock_count__roll42_std
screen_unlock_count,next_week,afternoon,history_fingerprint_plus_today,weekday
screen_unlock_count,next_week,afternoon,history_fingerprint_plus_today,is_weekend
screen_unlock_count,next_week,afternoon,history_fingerprint_plus_today,study_day
screen_unlock_count,next_week,afternoon,history_fingerprint_plus_today,screen_unlock_count__yesterday
screen_unlock_count,next_week,afternoon,history_fingerprint_plus_today,screen_unlock_count__roll7_mean
screen_unlock_count,next_week,afternoon,history_fingerprint_plus_today,screen_unlock_count__roll14_mean
screen_unlock_count,next_week,afternoon,history_fingerprint_plus_today,screen_unlock_count__roll42_mean
screen_unlock_count,next_week,afternoon,history_fingerprint_plus_today,screen_unlock_count__roll42_std
screen_unlock_count,next_week,afternoon,history_fingerprint_plus_today,f_screen:phone_screen_rapids_countepisodeunlock:morning
screen_unlock_count,next_week,afternoon,history_fingerprint_plus_today,f_screen:phone_screen_rapids_countepisodeunlock:afternoon
screen_unlock_count,next_week,evening,calendar_only,weekday
screen_unlock_count,next_week,evening,calendar_only,is_weekend
screen_unlock_count,next_week,evening,calendar_only,study_day
screen_unlock_count,next_week,evening,recent_history_only,weekday
screen_unlock_count,next_week,evening,recent_history_only,is_weekend
screen_unlock_count,next_week,evening,recent_history_only,study_day
screen_unlock_count,next_week,evening,recent_history_only,screen_unlock_count__yesterday
screen_unlock_count,next_week,evening,recent_history_only,screen_unlock_count__roll7_mean
screen_unlock_count,next_week,evening,recent_history_only,screen_unlock_count__roll14_mean
screen_unlock_count,next_week,evening,fingerprint_42d_only,weekday
screen_unlock_count,next_week,evening,fingerprint_42d_only,is_weekend
screen_unlock_count,next_week,evening,fingerprint_42d_only,study_day
screen_unlock_count,next_week,evening,fingerprint_42d_only,screen_unlock_count__roll42_mean
screen_unlock_count,next_week,evening,fingerprint_42d_only,screen_unlock_count__roll42_std
screen_unlock_count,next_week,evening,today_partial_only,weekday
screen_unlock_count,next_week,evening,today_partial_only,is_weekend
screen_unlock_count,next_week,evening,today_partial_only,study_day
screen_unlock_count,next_week,evening,today_partial_only,f_screen:phone_screen_rapids_countepisodeunlock:morning
screen_unlock_count,next_week,evening,today_partial_only,f_screen:phone_screen_rapids_countepisodeunlock:afternoon
screen_unlock_count,next_week,evening,today_partial_only,f_screen:phone_screen_rapids_countepisodeunlock:evening
screen_unlock_count,next_week,evening,history_plus_fingerprint,weekday
screen_unlock_count,next_week,evening,history_plus_fingerprint,is_weekend
screen_unlock_count,next_week,evening,history_plus_fingerprint,study_day
screen_unlock_count,next_week,evening,history_plus_fingerprint,screen_unlock_count__yesterday
screen_unlock_count,next_week,evening,history_plus_fingerprint,screen_unlock_count__roll7_mean
screen_unlock_count,next_week,evening,history_plus_fingerprint,screen_unlock_count__roll14_mean
screen_unlock_count,next_week,evening,history_plus_fingerprint,screen_unlock_count__roll42_mean
screen_unlock_count,next_week,evening,history_plus_fingerprint,screen_unlock_count__roll42_std
screen_unlock_count,next_week,evening,history_fingerprint_plus_today,weekday
screen_unlock_count,next_week,evening,history_fingerprint_plus_today,is_weekend
screen_unlock_count,next_week,evening,history_fingerprint_plus_today,study_day
screen_unlock_count,next_week,evening,history_fingerprint_plus_today,screen_unlock_count__yesterday
screen_unlock_count,next_week,evening,history_fingerprint_plus_today,screen_unlock_count__roll7_mean
screen_unlock_count,next_week,evening,history_fingerprint_plus_today,screen_unlock_count__roll14_mean
screen_unlock_count,next_week,evening,history_fingerprint_plus_today,screen_unlock_count__roll42_mean
screen_unlock_count,next_week,evening,history_fingerprint_plus_today,screen_unlock_count__roll42_std
screen_unlock_count,next_week,evening,history_fingerprint_plus_today,f_screen:phone_screen_rapids_countepisodeunlock:morning
screen_unlock_count,next_week,evening,history_fingerprint_plus_today,f_screen:phone_screen_rapids_countepisodeunlock:afternoon
screen_unlock_count,next_week,evening,history_fingerprint_plus_today,f_screen:phone_screen_rapids_countepisodeunlock:evening
screen_unlock_duration,tomorrow,morning,calendar_only,weekday
screen_unlock_duration,tomorrow,morning,calendar_only,is_weekend
screen_unlock_duration,tomorrow,morning,calendar_only,study_day
screen_unlock_duration,tomorrow,morning,recent_history_only,weekday
screen_unlock_duration,tomorrow,morning,recent_history_only,is_weekend
screen_unlock_duration,tomorrow,morning,recent_history_only,study_day
screen_unlock_duration,tomorrow,morning,recent_history_only,screen_unlock_duration__yesterday
screen_unlock_duration,tomorrow,morning,recent_history_only,screen_unlock_duration__roll7_mean
screen_unlock_duration,tomorrow,morning,recent_history_only,screen_unlock_duration__roll14_mean
screen_unlock_duration,tomorrow,morning,fingerprint_42d_only,weekday
screen_unlock_duration,tomorrow,morning,fingerprint_42d_only,is_weekend
screen_unlock_duration,tomorrow,morning,fingerprint_42d_only,study_day
screen_unlock_duration,tomorrow,morning,fingerprint_42d_only,screen_unlock_duration__roll42_mean
screen_unlock_duration,tomorrow,morning,fingerprint_42d_only,screen_unlock_duration__roll42_std
screen_unlock_duration,tomorrow,morning,today_partial_only,weekday
screen_unlock_duration,tomorrow,morning,today_partial_only,is_weekend
screen_unlock_duration,tomorrow,morning,today_partial_only,study_day
screen_unlock_duration,tomorrow,morning,today_partial_only,f_screen:phone_screen_rapids_sumdurationunlock:morning
screen_unlock_duration,tomorrow,morning,history_plus_fingerprint,weekday
screen_unlock_duration,tomorrow,morning,history_plus_fingerprint,is_weekend
screen_unlock_duration,tomorrow,morning,history_plus_fingerprint,study_day
screen_unlock_duration,tomorrow,morning,history_plus_fingerprint,screen_unlock_duration__yesterday
screen_unlock_duration,tomorrow,morning,history_plus_fingerprint,screen_unlock_duration__roll7_mean
screen_unlock_duration,tomorrow,morning,history_plus_fingerprint,screen_unlock_duration__roll14_mean
screen_unlock_duration,tomorrow,morning,history_plus_fingerprint,screen_unlock_duration__roll42_mean
screen_unlock_duration,tomorrow,morning,history_plus_fingerprint,screen_unlock_duration__roll42_std
screen_unlock_duration,tomorrow,morning,history_fingerprint_plus_today,weekday
screen_unlock_duration,tomorrow,morning,history_fingerprint_plus_today,is_weekend
screen_unlock_duration,tomorrow,morning,history_fingerprint_plus_today,study_day
screen_unlock_duration,tomorrow,morning,history_fingerprint_plus_today,screen_unlock_duration__yesterday
screen_unlock_duration,tomorrow,morning,history_fingerprint_plus_today,screen_unlock_duration__roll7_mean
screen_unlock_duration,tomorrow,morning,history_fingerprint_plus_today,screen_unlock_duration__roll14_mean
screen_unlock_duration,tomorrow,morning,history_fingerprint_plus_today,screen_unlock_duration__roll42_mean
screen_unlock_duration,tomorrow,morning,history_fingerprint_plus_today,screen_unlock_duration__roll42_std
screen_unlock_duration,tomorrow,morning,history_fingerprint_plus_today,f_screen:phone_screen_rapids_sumdurationunlock:morning
screen_unlock_duration,tomorrow,afternoon,calendar_only,weekday
screen_unlock_duration,tomorrow,afternoon,calendar_only,is_weekend
screen_unlock_duration,tomorrow,afternoon,calendar_only,study_day
screen_unlock_duration,tomorrow,afternoon,recent_history_only,weekday
screen_unlock_duration,tomorrow,afternoon,recent_history_only,is_weekend
screen_unlock_duration,tomorrow,afternoon,recent_history_only,study_day
screen_unlock_duration,tomorrow,afternoon,recent_history_only,screen_unlock_duration__yesterday
screen_unlock_duration,tomorrow,afternoon,recent_history_only,screen_unlock_duration__roll7_mean
screen_unlock_duration,tomorrow,afternoon,recent_history_only,screen_unlock_duration__roll14_mean
screen_unlock_duration,tomorrow,afternoon,fingerprint_42d_only,weekday
screen_unlock_duration,tomorrow,afternoon,fingerprint_42d_only,is_weekend
screen_unlock_duration,tomorrow,afternoon,fingerprint_42d_only,study_day
screen_unlock_duration,tomorrow,afternoon,fingerprint_42d_only,screen_unlock_duration__roll42_mean
screen_unlock_duration,tomorrow,afternoon,fingerprint_42d_only,screen_unlock_duration__roll42_std
screen_unlock_duration,tomorrow,afternoon,today_partial_only,weekday
screen_unlock_duration,tomorrow,afternoon,today_partial_only,is_weekend
screen_unlock_duration,tomorrow,afternoon,today_partial_only,study_day
screen_unlock_duration,tomorrow,afternoon,today_partial_only,f_screen:phone_screen_rapids_sumdurationunlock:morning
screen_unlock_duration,tomorrow,afternoon,today_partial_only,f_screen:phone_screen_rapids_sumdurationunlock:afternoon
screen_unlock_duration,tomorrow,afternoon,history_plus_fingerprint,weekday
screen_unlock_duration,tomorrow,afternoon,history_plus_fingerprint,is_weekend
screen_unlock_duration,tomorrow,afternoon,history_plus_fingerprint,study_day
screen_unlock_duration,tomorrow,afternoon,history_plus_fingerprint,screen_unlock_duration__yesterday
screen_unlock_duration,tomorrow,afternoon,history_plus_fingerprint,screen_unlock_duration__roll7_mean
screen_unlock_duration,tomorrow,afternoon,history_plus_fingerprint,screen_unlock_duration__roll14_mean
screen_unlock_duration,tomorrow,afternoon,history_plus_fingerprint,screen_unlock_duration__roll42_mean
screen_unlock_duration,tomorrow,afternoon,history_plus_fingerprint,screen_unlock_duration__roll42_std
screen_unlock_duration,tomorrow,afternoon,history_fingerprint_plus_today,weekday
screen_unlock_duration,tomorrow,afternoon,history_fingerprint_plus_today,is_weekend
screen_unlock_duration,tomorrow,afternoon,history_fingerprint_plus_today,study_day
screen_unlock_duration,tomorrow,afternoon,history_fingerprint_plus_today,screen_unlock_duration__yesterday
screen_unlock_duration,tomorrow,afternoon,history_fingerprint_plus_today,screen_unlock_duration__roll7_mean
screen_unlock_duration,tomorrow,afternoon,history_fingerprint_plus_today,screen_unlock_duration__roll14_mean
screen_unlock_duration,tomorrow,afternoon,history_fingerprint_plus_today,screen_unlock_duration__roll42_mean
screen_unlock_duration,tomorrow,afternoon,history_fingerprint_plus_today,screen_unlock_duration__roll42_std
screen_unlock_duration,tomorrow,afternoon,history_fingerprint_plus_today,f_screen:phone_screen_rapids_sumdurationunlock:morning
screen_unlock_duration,tomorrow,afternoon,history_fingerprint_plus_today,f_screen:phone_screen_rapids_sumdurationunlock:afternoon
screen_unlock_duration,tomorrow,evening,calendar_only,weekday
screen_unlock_duration,tomorrow,evening,calendar_only,is_weekend
screen_unlock_duration,tomorrow,evening,calendar_only,study_day
screen_unlock_duration,tomorrow,evening,recent_history_only,weekday
screen_unlock_duration,tomorrow,evening,recent_history_only,is_weekend
screen_unlock_duration,tomorrow,evening,recent_history_only,study_day
screen_unlock_duration,tomorrow,evening,recent_history_only,screen_unlock_duration__yesterday
screen_unlock_duration,tomorrow,evening,recent_history_only,screen_unlock_duration__roll7_mean
screen_unlock_duration,tomorrow,evening,recent_history_only,screen_unlock_duration__roll14_mean
screen_unlock_duration,tomorrow,evening,fingerprint_42d_only,weekday
screen_unlock_duration,tomorrow,evening,fingerprint_42d_only,is_weekend
screen_unlock_duration,tomorrow,evening,fingerprint_42d_only,study_day
screen_unlock_duration,tomorrow,evening,fingerprint_42d_only,screen_unlock_duration__roll42_mean
screen_unlock_duration,tomorrow,evening,fingerprint_42d_only,screen_unlock_duration__roll42_std
screen_unlock_duration,tomorrow,evening,today_partial_only,weekday
screen_unlock_duration,tomorrow,evening,today_partial_only,is_weekend
screen_unlock_duration,tomorrow,evening,today_partial_only,study_day
screen_unlock_duration,tomorrow,evening,today_partial_only,f_screen:phone_screen_rapids_sumdurationunlock:morning
screen_unlock_duration,tomorrow,evening,today_partial_only,f_screen:phone_screen_rapids_sumdurationunlock:afternoon
screen_unlock_duration,tomorrow,evening,today_partial_only,f_screen:phone_screen_rapids_sumdurationunlock:evening
screen_unlock_duration,tomorrow,evening,history_plus_fingerprint,weekday
screen_unlock_duration,tomorrow,evening,history_plus_fingerprint,is_weekend
screen_unlock_duration,tomorrow,evening,history_plus_fingerprint,study_day
screen_unlock_duration,tomorrow,evening,history_plus_fingerprint,screen_unlock_duration__yesterday
screen_unlock_duration,tomorrow,evening,history_plus_fingerprint,screen_unlock_duration__roll7_mean
screen_unlock_duration,tomorrow,evening,history_plus_fingerprint,screen_unlock_duration__roll14_mean
screen_unlock_duration,tomorrow,evening,history_plus_fingerprint,screen_unlock_duration__roll42_mean
screen_unlock_duration,tomorrow,evening,history_plus_fingerprint,screen_unlock_duration__roll42_std
screen_unlock_duration,tomorrow,evening,history_fingerprint_plus_today,weekday
screen_unlock_duration,tomorrow,evening,history_fingerprint_plus_today,is_weekend
screen_unlock_duration,tomorrow,evening,history_fingerprint_plus_today,study_day
screen_unlock_duration,tomorrow,evening,history_fingerprint_plus_today,screen_unlock_duration__yesterday
screen_unlock_duration,tomorrow,evening,history_fingerprint_plus_today,screen_unlock_duration__roll7_mean
screen_unlock_duration,tomorrow,evening,history_fingerprint_plus_today,screen_unlock_duration__roll14_mean
screen_unlock_duration,tomorrow,evening,history_fingerprint_plus_today,screen_unlock_duration__roll42_mean
screen_unlock_duration,tomorrow,evening,history_fingerprint_plus_today,screen_unlock_duration__roll42_std
screen_unlock_duration,tomorrow,evening,history_fingerprint_plus_today,f_screen:phone_screen_rapids_sumdurationunlock:morning
screen_unlock_duration,tomorrow,evening,history_fingerprint_plus_today,f_screen:phone_screen_rapids_sumdurationunlock:afternoon
screen_unlock_duration,tomorrow,evening,history_fingerprint_plus_today,f_screen:phone_screen_rapids_sumdurationunlock:evening
screen_unlock_duration,next_week,morning,calendar_only,weekday
screen_unlock_duration,next_week,morning,calendar_only,is_weekend
screen_unlock_duration,next_week,morning,calendar_only,study_day
screen_unlock_duration,next_week,morning,recent_history_only,weekday
screen_unlock_duration,next_week,morning,recent_history_only,is_weekend
screen_unlock_duration,next_week,morning,recent_history_only,study_day
screen_unlock_duration,next_week,morning,recent_history_only,screen_unlock_duration__yesterday
screen_unlock_duration,next_week,morning,recent_history_only,screen_unlock_duration__roll7_mean
screen_unlock_duration,next_week,morning,recent_history_only,screen_unlock_duration__roll14_mean
screen_unlock_duration,next_week,morning,fingerprint_42d_only,weekday
screen_unlock_duration,next_week,morning,fingerprint_42d_only,is_weekend
screen_unlock_duration,next_week,morning,fingerprint_42d_only,study_day
screen_unlock_duration,next_week,morning,fingerprint_42d_only,screen_unlock_duration__roll42_mean
screen_unlock_duration,next_week,morning,fingerprint_42d_only,screen_unlock_duration__roll42_std
screen_unlock_duration,next_week,morning,today_partial_only,weekday
screen_unlock_duration,next_week,morning,today_partial_only,is_weekend
screen_unlock_duration,next_week,morning,today_partial_only,study_day
screen_unlock_duration,next_week,morning,today_partial_only,f_screen:phone_screen_rapids_sumdurationunlock:morning
screen_unlock_duration,next_week,morning,history_plus_fingerprint,weekday
screen_unlock_duration,next_week,morning,history_plus_fingerprint,is_weekend
screen_unlock_duration,next_week,morning,history_plus_fingerprint,study_day
screen_unlock_duration,next_week,morning,history_plus_fingerprint,screen_unlock_duration__yesterday
screen_unlock_duration,next_week,morning,history_plus_fingerprint,screen_unlock_duration__roll7_mean
screen_unlock_duration,next_week,morning,history_plus_fingerprint,screen_unlock_duration__roll14_mean
screen_unlock_duration,next_week,morning,history_plus_fingerprint,screen_unlock_duration__roll42_mean
screen_unlock_duration,next_week,morning,history_plus_fingerprint,screen_unlock_duration__roll42_std
screen_unlock_duration,next_week,morning,history_fingerprint_plus_today,weekday
screen_unlock_duration,next_week,morning,history_fingerprint_plus_today,is_weekend
screen_unlock_duration,next_week,morning,history_fingerprint_plus_today,study_day
screen_unlock_duration,next_week,morning,history_fingerprint_plus_today,screen_unlock_duration__yesterday
screen_unlock_duration,next_week,morning,history_fingerprint_plus_today,screen_unlock_duration__roll7_mean
screen_unlock_duration,next_week,morning,history_fingerprint_plus_today,screen_unlock_duration__roll14_mean
screen_unlock_duration,next_week,morning,history_fingerprint_plus_today,screen_unlock_duration__roll42_mean
screen_unlock_duration,next_week,morning,history_fingerprint_plus_today,screen_unlock_duration__roll42_std
screen_unlock_duration,next_week,morning,history_fingerprint_plus_today,f_screen:phone_screen_rapids_sumdurationunlock:morning
screen_unlock_duration,next_week,afternoon,calendar_only,weekday
screen_unlock_duration,next_week,afternoon,calendar_only,is_weekend
screen_unlock_duration,next_week,afternoon,calendar_only,study_day
screen_unlock_duration,next_week,afternoon,recent_history_only,weekday
screen_unlock_duration,next_week,afternoon,recent_history_only,is_weekend
screen_unlock_duration,next_week,afternoon,recent_history_only,study_day
screen_unlock_duration,next_week,afternoon,recent_history_only,screen_unlock_duration__yesterday
screen_unlock_duration,next_week,afternoon,recent_history_only,screen_unlock_duration__roll7_mean
screen_unlock_duration,next_week,afternoon,recent_history_only,screen_unlock_duration__roll14_mean
screen_unlock_duration,next_week,afternoon,fingerprint_42d_only,weekday
screen_unlock_duration,next_week,afternoon,fingerprint_42d_only,is_weekend
screen_unlock_duration,next_week,afternoon,fingerprint_42d_only,study_day
screen_unlock_duration,next_week,afternoon,fingerprint_42d_only,screen_unlock_duration__roll42_mean
screen_unlock_duration,next_week,afternoon,fingerprint_42d_only,screen_unlock_duration__roll42_std
screen_unlock_duration,next_week,afternoon,today_partial_only,weekday
screen_unlock_duration,next_week,afternoon,today_partial_only,is_weekend
screen_unlock_duration,next_week,afternoon,today_partial_only,study_day
screen_unlock_duration,next_week,afternoon,today_partial_only,f_screen:phone_screen_rapids_sumdurationunlock:morning
screen_unlock_duration,next_week,afternoon,today_partial_only,f_screen:phone_screen_rapids_sumdurationunlock:afternoon
screen_unlock_duration,next_week,afternoon,history_plus_fingerprint,weekday
screen_unlock_duration,next_week,afternoon,history_plus_fingerprint,is_weekend
screen_unlock_duration,next_week,afternoon,history_plus_fingerprint,study_day
screen_unlock_duration,next_week,afternoon,history_plus_fingerprint,screen_unlock_duration__yesterday
screen_unlock_duration,next_week,afternoon,history_plus_fingerprint,screen_unlock_duration__roll7_mean
screen_unlock_duration,next_week,afternoon,history_plus_fingerprint,screen_unlock_duration__roll14_mean
screen_unlock_duration,next_week,afternoon,history_plus_fingerprint,screen_unlock_duration__roll42_mean
screen_unlock_duration,next_week,afternoon,history_plus_fingerprint,screen_unlock_duration__roll42_std
screen_unlock_duration,next_week,afternoon,history_fingerprint_plus_today,weekday
screen_unlock_duration,next_week,afternoon,history_fingerprint_plus_today,is_weekend
screen_unlock_duration,next_week,afternoon,history_fingerprint_plus_today,study_day
screen_unlock_duration,next_week,afternoon,history_fingerprint_plus_today,screen_unlock_duration__yesterday
screen_unlock_duration,next_week,afternoon,history_fingerprint_plus_today,screen_unlock_duration__roll7_mean
screen_unlock_duration,next_week,afternoon,history_fingerprint_plus_today,screen_unlock_duration__roll14_mean
screen_unlock_duration,next_week,afternoon,history_fingerprint_plus_today,screen_unlock_duration__roll42_mean
screen_unlock_duration,next_week,afternoon,history_fingerprint_plus_today,screen_unlock_duration__roll42_std
screen_unlock_duration,next_week,afternoon,history_fingerprint_plus_today,f_screen:phone_screen_rapids_sumdurationunlock:morning
screen_unlock_duration,next_week,afternoon,history_fingerprint_plus_today,f_screen:phone_screen_rapids_sumdurationunlock:afternoon
screen_unlock_duration,next_week,evening,calendar_only,weekday
screen_unlock_duration,next_week,evening,calendar_only,is_weekend
screen_unlock_duration,next_week,evening,calendar_only,study_day
screen_unlock_duration,next_week,evening,recent_history_only,weekday
screen_unlock_duration,next_week,evening,recent_history_only,is_weekend
screen_unlock_duration,next_week,evening,recent_history_only,study_day
screen_unlock_duration,next_week,evening,recent_history_only,screen_unlock_duration__yesterday
screen_unlock_duration,next_week,evening,recent_history_only,screen_unlock_duration__roll7_mean
screen_unlock_duration,next_week,evening,recent_history_only,screen_unlock_duration__roll14_mean
screen_unlock_duration,next_week,evening,fingerprint_42d_only,weekday
screen_unlock_duration,next_week,evening,fingerprint_42d_only,is_weekend
screen_unlock_duration,next_week,evening,fingerprint_42d_only,study_day
screen_unlock_duration,next_week,evening,fingerprint_42d_only,screen_unlock_duration__roll42_mean
screen_unlock_duration,next_week,evening,fingerprint_42d_only,screen_unlock_duration__roll42_std
screen_unlock_duration,next_week,evening,today_partial_only,weekday
screen_unlock_duration,next_week,evening,today_partial_only,is_weekend
screen_unlock_duration,next_week,evening,today_partial_only,study_day
screen_unlock_duration,next_week,evening,today_partial_only,f_screen:phone_screen_rapids_sumdurationunlock:morning
screen_unlock_duration,next_week,evening,today_partial_only,f_screen:phone_screen_rapids_sumdurationunlock:afternoon
screen_unlock_duration,next_week,evening,today_partial_only,f_screen:phone_screen_rapids_sumdurationunlock:evening
screen_unlock_duration,next_week,evening,history_plus_fingerprint,weekday
screen_unlock_duration,next_week,evening,history_plus_fingerprint,is_weekend
screen_unlock_duration,next_week,evening,history_plus_fingerprint,study_day
screen_unlock_duration,next_week,evening,history_plus_fingerprint,screen_unlock_duration__yesterday
screen_unlock_duration,next_week,evening,history_plus_fingerprint,screen_unlock_duration__roll7_mean
screen_unlock_duration,next_week,evening,history_plus_fingerprint,screen_unlock_duration__roll14_mean
screen_unlock_duration,next_week,evening,history_plus_fingerprint,screen_unlock_duration__roll42_mean
screen_unlock_duration,next_week,evening,history_plus_fingerprint,screen_unlock_duration__roll42_std
screen_unlock_duration,next_week,evening,history_fingerprint_plus_today,weekday
screen_unlock_duration,next_week,evening,history_fingerprint_plus_today,is_weekend
screen_unlock_duration,next_week,evening,history_fingerprint_plus_today,study_day
screen_unlock_duration,next_week,evening,history_fingerprint_plus_today,screen_unlock_duration__yesterday
screen_unlock_duration,next_week,evening,history_fingerprint_plus_today,screen_unlock_duration__roll7_mean
screen_unlock_duration,next_week,evening,history_fingerprint_plus_today,screen_unlock_duration__roll14_mean
screen_unlock_duration,next_week,evening,history_fingerprint_plus_today,screen_unlock_duration__roll42_mean
screen_unlock_duration,next_week,evening,history_fingerprint_plus_today,screen_unlock_duration__roll42_std
screen_unlock_duration,next_week,evening,history_fingerprint_plus_today,f_screen:phone_screen_rapids_sumdurationunlock:morning
screen_unlock_duration,next_week,evening,history_fingerprint_plus_today,f_screen:phone_screen_rapids_sumdurationunlock:afternoon
screen_unlock_duration,next_week,evening,history_fingerprint_plus_today,f_screen:phone_screen_rapids_sumdurationunlock:evening
steps_sum,tomorrow,morning,calendar_only,weekday
steps_sum,tomorrow,morning,calendar_only,is_weekend
steps_sum,tomorrow,morning,calendar_only,study_day
steps_sum,tomorrow,morning,recent_history_only,weekday
steps_sum,tomorrow,morning,recent_history_only,is_weekend
steps_sum,tomorrow,morning,recent_history_only,study_day
steps_sum,tomorrow,morning,recent_history_only,steps_sum__yesterday
steps_sum,tomorrow,morning,recent_history_only,steps_sum__roll7_mean
steps_sum,tomorrow,morning,recent_history_only,steps_sum__roll14_mean
steps_sum,tomorrow,morning,fingerprint_42d_only,weekday
steps_sum,tomorrow,morning,fingerprint_42d_only,is_weekend
steps_sum,tomorrow,morning,fingerprint_42d_only,study_day
steps_sum,tomorrow,morning,fingerprint_42d_only,steps_sum__roll42_mean
steps_sum,tomorrow,morning,fingerprint_42d_only,steps_sum__roll42_std
steps_sum,tomorrow,morning,today_partial_only,weekday
steps_sum,tomorrow,morning,today_partial_only,is_weekend
steps_sum,tomorrow,morning,today_partial_only,study_day
steps_sum,tomorrow,morning,today_partial_only,f_steps:fitbit_steps_intraday_rapids_sumsteps:morning
steps_sum,tomorrow,morning,history_plus_fingerprint,weekday
steps_sum,tomorrow,morning,history_plus_fingerprint,is_weekend
steps_sum,tomorrow,morning,history_plus_fingerprint,study_day
steps_sum,tomorrow,morning,history_plus_fingerprint,steps_sum__yesterday
steps_sum,tomorrow,morning,history_plus_fingerprint,steps_sum__roll7_mean
steps_sum,tomorrow,morning,history_plus_fingerprint,steps_sum__roll14_mean
steps_sum,tomorrow,morning,history_plus_fingerprint,steps_sum__roll42_mean
steps_sum,tomorrow,morning,history_plus_fingerprint,steps_sum__roll42_std
steps_sum,tomorrow,morning,history_fingerprint_plus_today,weekday
steps_sum,tomorrow,morning,history_fingerprint_plus_today,is_weekend
steps_sum,tomorrow,morning,history_fingerprint_plus_today,study_day
steps_sum,tomorrow,morning,history_fingerprint_plus_today,steps_sum__yesterday
steps_sum,tomorrow,morning,history_fingerprint_plus_today,steps_sum__roll7_mean
steps_sum,tomorrow,morning,history_fingerprint_plus_today,steps_sum__roll14_mean
steps_sum,tomorrow,morning,history_fingerprint_plus_today,steps_sum__roll42_mean
steps_sum,tomorrow,morning,history_fingerprint_plus_today,steps_sum__roll42_std
steps_sum,tomorrow,morning,history_fingerprint_plus_today,f_steps:fitbit_steps_intraday_rapids_sumsteps:morning
steps_sum,tomorrow,afternoon,calendar_only,weekday
steps_sum,tomorrow,afternoon,calendar_only,is_weekend
steps_sum,tomorrow,afternoon,calendar_only,study_day
steps_sum,tomorrow,afternoon,recent_history_only,weekday
steps_sum,tomorrow,afternoon,recent_history_only,is_weekend
steps_sum,tomorrow,afternoon,recent_history_only,study_day
steps_sum,tomorrow,afternoon,recent_history_only,steps_sum__yesterday
steps_sum,tomorrow,afternoon,recent_history_only,steps_sum__roll7_mean
steps_sum,tomorrow,afternoon,recent_history_only,steps_sum__roll14_mean
steps_sum,tomorrow,afternoon,fingerprint_42d_only,weekday
steps_sum,tomorrow,afternoon,fingerprint_42d_only,is_weekend
steps_sum,tomorrow,afternoon,fingerprint_42d_only,study_day
steps_sum,tomorrow,afternoon,fingerprint_42d_only,steps_sum__roll42_mean
steps_sum,tomorrow,afternoon,fingerprint_42d_only,steps_sum__roll42_std
steps_sum,tomorrow,afternoon,today_partial_only,weekday
steps_sum,tomorrow,afternoon,today_partial_only,is_weekend
steps_sum,tomorrow,afternoon,today_partial_only,study_day
steps_sum,tomorrow,afternoon,today_partial_only,f_steps:fitbit_steps_intraday_rapids_sumsteps:morning
steps_sum,tomorrow,afternoon,today_partial_only,f_steps:fitbit_steps_intraday_rapids_sumsteps:afternoon
steps_sum,tomorrow,afternoon,history_plus_fingerprint,weekday
steps_sum,tomorrow,afternoon,history_plus_fingerprint,is_weekend
steps_sum,tomorrow,afternoon,history_plus_fingerprint,study_day
steps_sum,tomorrow,afternoon,history_plus_fingerprint,steps_sum__yesterday
steps_sum,tomorrow,afternoon,history_plus_fingerprint,steps_sum__roll7_mean
steps_sum,tomorrow,afternoon,history_plus_fingerprint,steps_sum__roll14_mean
steps_sum,tomorrow,afternoon,history_plus_fingerprint,steps_sum__roll42_mean
steps_sum,tomorrow,afternoon,history_plus_fingerprint,steps_sum__roll42_std
steps_sum,tomorrow,afternoon,history_fingerprint_plus_today,weekday
steps_sum,tomorrow,afternoon,history_fingerprint_plus_today,is_weekend
steps_sum,tomorrow,afternoon,history_fingerprint_plus_today,study_day
steps_sum,tomorrow,afternoon,history_fingerprint_plus_today,steps_sum__yesterday
steps_sum,tomorrow,afternoon,history_fingerprint_plus_today,steps_sum__roll7_mean
steps_sum,tomorrow,afternoon,history_fingerprint_plus_today,steps_sum__roll14_mean
steps_sum,tomorrow,afternoon,history_fingerprint_plus_today,steps_sum__roll42_mean
steps_sum,tomorrow,afternoon,history_fingerprint_plus_today,steps_sum__roll42_std
steps_sum,tomorrow,afternoon,history_fingerprint_plus_today,f_steps:fitbit_steps_intraday_rapids_sumsteps:morning
steps_sum,tomorrow,afternoon,history_fingerprint_plus_today,f_steps:fitbit_steps_intraday_rapids_sumsteps:afternoon
steps_sum,tomorrow,evening,calendar_only,weekday
steps_sum,tomorrow,evening,calendar_only,is_weekend
steps_sum,tomorrow,evening,calendar_only,study_day
steps_sum,tomorrow,evening,recent_history_only,weekday
steps_sum,tomorrow,evening,recent_history_only,is_weekend
steps_sum,tomorrow,evening,recent_history_only,study_day
steps_sum,tomorrow,evening,recent_history_only,steps_sum__yesterday
steps_sum,tomorrow,evening,recent_history_only,steps_sum__roll7_mean
steps_sum,tomorrow,evening,recent_history_only,steps_sum__roll14_mean
steps_sum,tomorrow,evening,fingerprint_42d_only,weekday
steps_sum,tomorrow,evening,fingerprint_42d_only,is_weekend
steps_sum,tomorrow,evening,fingerprint_42d_only,study_day
steps_sum,tomorrow,evening,fingerprint_42d_only,steps_sum__roll42_mean
steps_sum,tomorrow,evening,fingerprint_42d_only,steps_sum__roll42_std
steps_sum,tomorrow,evening,today_partial_only,weekday
steps_sum,tomorrow,evening,today_partial_only,is_weekend
steps_sum,tomorrow,evening,today_partial_only,study_day
steps_sum,tomorrow,evening,today_partial_only,f_steps:fitbit_steps_intraday_rapids_sumsteps:morning
steps_sum,tomorrow,evening,today_partial_only,f_steps:fitbit_steps_intraday_rapids_sumsteps:afternoon
steps_sum,tomorrow,evening,today_partial_only,f_steps:fitbit_steps_intraday_rapids_sumsteps:evening
steps_sum,tomorrow,evening,history_plus_fingerprint,weekday
steps_sum,tomorrow,evening,history_plus_fingerprint,is_weekend
steps_sum,tomorrow,evening,history_plus_fingerprint,study_day
steps_sum,tomorrow,evening,history_plus_fingerprint,steps_sum__yesterday
steps_sum,tomorrow,evening,history_plus_fingerprint,steps_sum__roll7_mean
steps_sum,tomorrow,evening,history_plus_fingerprint,steps_sum__roll14_mean
steps_sum,tomorrow,evening,history_plus_fingerprint,steps_sum__roll42_mean
steps_sum,tomorrow,evening,history_plus_fingerprint,steps_sum__roll42_std
steps_sum,tomorrow,evening,history_fingerprint_plus_today,weekday
steps_sum,tomorrow,evening,history_fingerprint_plus_today,is_weekend
steps_sum,tomorrow,evening,history_fingerprint_plus_today,study_day
steps_sum,tomorrow,evening,history_fingerprint_plus_today,steps_sum__yesterday
steps_sum,tomorrow,evening,history_fingerprint_plus_today,steps_sum__roll7_mean
steps_sum,tomorrow,evening,history_fingerprint_plus_today,steps_sum__roll14_mean
steps_sum,tomorrow,evening,history_fingerprint_plus_today,steps_sum__roll42_mean
steps_sum,tomorrow,evening,history_fingerprint_plus_today,steps_sum__roll42_std
steps_sum,tomorrow,evening,history_fingerprint_plus_today,f_steps:fitbit_steps_intraday_rapids_sumsteps:morning
steps_sum,tomorrow,evening,history_fingerprint_plus_today,f_steps:fitbit_steps_intraday_rapids_sumsteps:afternoon
steps_sum,tomorrow,evening,history_fingerprint_plus_today,f_steps:fitbit_steps_intraday_rapids_sumsteps:evening
steps_sum,next_week,morning,calendar_only,weekday
steps_sum,next_week,morning,calendar_only,is_weekend
steps_sum,next_week,morning,calendar_only,study_day
steps_sum,next_week,morning,recent_history_only,weekday
steps_sum,next_week,morning,recent_history_only,is_weekend
steps_sum,next_week,morning,recent_history_only,study_day
steps_sum,next_week,morning,recent_history_only,steps_sum__yesterday
steps_sum,next_week,morning,recent_history_only,steps_sum__roll7_mean
steps_sum,next_week,morning,recent_history_only,steps_sum__roll14_mean
steps_sum,next_week,morning,fingerprint_42d_only,weekday
steps_sum,next_week,morning,fingerprint_42d_only,is_weekend
steps_sum,next_week,morning,fingerprint_42d_only,study_day
steps_sum,next_week,morning,fingerprint_42d_only,steps_sum__roll42_mean
steps_sum,next_week,morning,fingerprint_42d_only,steps_sum__roll42_std
steps_sum,next_week,morning,today_partial_only,weekday
steps_sum,next_week,morning,today_partial_only,is_weekend
steps_sum,next_week,morning,today_partial_only,study_day
steps_sum,next_week,morning,today_partial_only,f_steps:fitbit_steps_intraday_rapids_sumsteps:morning
steps_sum,next_week,morning,history_plus_fingerprint,weekday
steps_sum,next_week,morning,history_plus_fingerprint,is_weekend
steps_sum,next_week,morning,history_plus_fingerprint,study_day
steps_sum,next_week,morning,history_plus_fingerprint,steps_sum__yesterday
steps_sum,next_week,morning,history_plus_fingerprint,steps_sum__roll7_mean
steps_sum,next_week,morning,history_plus_fingerprint,steps_sum__roll14_mean
steps_sum,next_week,morning,history_plus_fingerprint,steps_sum__roll42_mean
steps_sum,next_week,morning,history_plus_fingerprint,steps_sum__roll42_std
steps_sum,next_week,morning,history_fingerprint_plus_today,weekday
steps_sum,next_week,morning,history_fingerprint_plus_today,is_weekend
steps_sum,next_week,morning,history_fingerprint_plus_today,study_day
steps_sum,next_week,morning,history_fingerprint_plus_today,steps_sum__yesterday
steps_sum,next_week,morning,history_fingerprint_plus_today,steps_sum__roll7_mean
steps_sum,next_week,morning,history_fingerprint_plus_today,steps_sum__roll14_mean
steps_sum,next_week,morning,history_fingerprint_plus_today,steps_sum__roll42_mean
steps_sum,next_week,morning,history_fingerprint_plus_today,steps_sum__roll42_std
steps_sum,next_week,morning,history_fingerprint_plus_today,f_steps:fitbit_steps_intraday_rapids_sumsteps:morning
steps_sum,next_week,afternoon,calendar_only,weekday
steps_sum,next_week,afternoon,calendar_only,is_weekend
steps_sum,next_week,afternoon,calendar_only,study_day
steps_sum,next_week,afternoon,recent_history_only,weekday
steps_sum,next_week,afternoon,recent_history_only,is_weekend
steps_sum,next_week,afternoon,recent_history_only,study_day
steps_sum,next_week,afternoon,recent_history_only,steps_sum__yesterday
steps_sum,next_week,afternoon,recent_history_only,steps_sum__roll7_mean
steps_sum,next_week,afternoon,recent_history_only,steps_sum__roll14_mean
steps_sum,next_week,afternoon,fingerprint_42d_only,weekday
steps_sum,next_week,afternoon,fingerprint_42d_only,is_weekend
steps_sum,next_week,afternoon,fingerprint_42d_only,study_day
steps_sum,next_week,afternoon,fingerprint_42d_only,steps_sum__roll42_mean
steps_sum,next_week,afternoon,fingerprint_42d_only,steps_sum__roll42_std
steps_sum,next_week,afternoon,today_partial_only,weekday
steps_sum,next_week,afternoon,today_partial_only,is_weekend
steps_sum,next_week,afternoon,today_partial_only,study_day
steps_sum,next_week,afternoon,today_partial_only,f_steps:fitbit_steps_intraday_rapids_sumsteps:morning
steps_sum,next_week,afternoon,today_partial_only,f_steps:fitbit_steps_intraday_rapids_sumsteps:afternoon
steps_sum,next_week,afternoon,history_plus_fingerprint,weekday
steps_sum,next_week,afternoon,history_plus_fingerprint,is_weekend
steps_sum,next_week,afternoon,history_plus_fingerprint,study_day
steps_sum,next_week,afternoon,history_plus_fingerprint,steps_sum__yesterday
steps_sum,next_week,afternoon,history_plus_fingerprint,steps_sum__roll7_mean
steps_sum,next_week,afternoon,history_plus_fingerprint,steps_sum__roll14_mean
steps_sum,next_week,afternoon,history_plus_fingerprint,steps_sum__roll42_mean
steps_sum,next_week,afternoon,history_plus_fingerprint,steps_sum__roll42_std
steps_sum,next_week,afternoon,history_fingerprint_plus_today,weekday
steps_sum,next_week,afternoon,history_fingerprint_plus_today,is_weekend
steps_sum,next_week,afternoon,history_fingerprint_plus_today,study_day
steps_sum,next_week,afternoon,history_fingerprint_plus_today,steps_sum__yesterday
steps_sum,next_week,afternoon,history_fingerprint_plus_today,steps_sum__roll7_mean
steps_sum,next_week,afternoon,history_fingerprint_plus_today,steps_sum__roll14_mean
steps_sum,next_week,afternoon,history_fingerprint_plus_today,steps_sum__roll42_mean
steps_sum,next_week,afternoon,history_fingerprint_plus_today,steps_sum__roll42_std
steps_sum,next_week,afternoon,history_fingerprint_plus_today,f_steps:fitbit_steps_intraday_rapids_sumsteps:morning
steps_sum,next_week,afternoon,history_fingerprint_plus_today,f_steps:fitbit_steps_intraday_rapids_sumsteps:afternoon
steps_sum,next_week,evening,calendar_only,weekday
steps_sum,next_week,evening,calendar_only,is_weekend
steps_sum,next_week,evening,calendar_only,study_day
steps_sum,next_week,evening,recent_history_only,weekday
steps_sum,next_week,evening,recent_history_only,is_weekend
steps_sum,next_week,evening,recent_history_only,study_day
steps_sum,next_week,evening,recent_history_only,steps_sum__yesterday
steps_sum,next_week,evening,recent_history_only,steps_sum__roll7_mean
steps_sum,next_week,evening,recent_history_only,steps_sum__roll14_mean
steps_sum,next_week,evening,fingerprint_42d_only,weekday
steps_sum,next_week,evening,fingerprint_42d_only,is_weekend
steps_sum,next_week,evening,fingerprint_42d_only,study_day
steps_sum,next_week,evening,fingerprint_42d_only,steps_sum__roll42_mean
steps_sum,next_week,evening,fingerprint_42d_only,steps_sum__roll42_std
steps_sum,next_week,evening,today_partial_only,weekday
steps_sum,next_week,evening,today_partial_only,is_weekend
steps_sum,next_week,evening,today_partial_only,study_day
steps_sum,next_week,evening,today_partial_only,f_steps:fitbit_steps_intraday_rapids_sumsteps:morning
steps_sum,next_week,evening,today_partial_only,f_steps:fitbit_steps_intraday_rapids_sumsteps:afternoon
steps_sum,next_week,evening,today_partial_only,f_steps:fitbit_steps_intraday_rapids_sumsteps:evening
steps_sum,next_week,evening,history_plus_fingerprint,weekday
steps_sum,next_week,evening,history_plus_fingerprint,is_weekend
steps_sum,next_week,evening,history_plus_fingerprint,study_day
steps_sum,next_week,evening,history_plus_fingerprint,steps_sum__yesterday
steps_sum,next_week,evening,history_plus_fingerprint,steps_sum__roll7_mean
steps_sum,next_week,evening,history_plus_fingerprint,steps_sum__roll14_mean
steps_sum,next_week,evening,history_plus_fingerprint,steps_sum__roll42_mean
steps_sum,next_week,evening,history_plus_fingerprint,steps_sum__roll42_std
steps_sum,next_week,evening,history_fingerprint_plus_today,weekday
steps_sum,next_week,evening,history_fingerprint_plus_today,is_weekend
steps_sum,next_week,evening,history_fingerprint_plus_today,study_day
steps_sum,next_week,evening,history_fingerprint_plus_today,steps_sum__yesterday
steps_sum,next_week,evening,history_fingerprint_plus_today,steps_sum__roll7_mean
steps_sum,next_week,evening,history_fingerprint_plus_today,steps_sum__roll14_mean
steps_sum,next_week,evening,history_fingerprint_plus_today,steps_sum__roll42_mean
steps_sum,next_week,evening,history_fingerprint_plus_today,steps_sum__roll42_std
steps_sum,next_week,evening,history_fingerprint_plus_today,f_steps:fitbit_steps_intraday_rapids_sumsteps:morning
steps_sum,next_week,evening,history_fingerprint_plus_today,f_steps:fitbit_steps_intraday_rapids_sumsteps:afternoon
steps_sum,next_week,evening,history_fingerprint_plus_today,f_steps:fitbit_steps_intraday_rapids_sumsteps:evening
active_duration,tomorrow,morning,calendar_only,weekday
active_duration,tomorrow,morning,calendar_only,is_weekend
active_duration,tomorrow,morning,calendar_only,study_day
active_duration,tomorrow,morning,recent_history_only,weekday
active_duration,tomorrow,morning,recent_history_only,is_weekend
active_duration,tomorrow,morning,recent_history_only,study_day
active_duration,tomorrow,morning,recent_history_only,active_duration__yesterday
active_duration,tomorrow,morning,recent_history_only,active_duration__roll7_mean
active_duration,tomorrow,morning,recent_history_only,active_duration__roll14_mean
active_duration,tomorrow,morning,fingerprint_42d_only,weekday
active_duration,tomorrow,morning,fingerprint_42d_only,is_weekend
active_duration,tomorrow,morning,fingerprint_42d_only,study_day
active_duration,tomorrow,morning,fingerprint_42d_only,active_duration__roll42_mean
active_duration,tomorrow,morning,fingerprint_42d_only,active_duration__roll42_std
active_duration,tomorrow,morning,today_partial_only,weekday
active_duration,tomorrow,morning,today_partial_only,is_weekend
active_duration,tomorrow,morning,today_partial_only,study_day
active_duration,tomorrow,morning,today_partial_only,f_steps:fitbit_steps_intraday_rapids_sumdurationactivebout:morning
active_duration,tomorrow,morning,history_plus_fingerprint,weekday
active_duration,tomorrow,morning,history_plus_fingerprint,is_weekend
active_duration,tomorrow,morning,history_plus_fingerprint,study_day
active_duration,tomorrow,morning,history_plus_fingerprint,active_duration__yesterday
active_duration,tomorrow,morning,history_plus_fingerprint,active_duration__roll7_mean
active_duration,tomorrow,morning,history_plus_fingerprint,active_duration__roll14_mean
active_duration,tomorrow,morning,history_plus_fingerprint,active_duration__roll42_mean
active_duration,tomorrow,morning,history_plus_fingerprint,active_duration__roll42_std
active_duration,tomorrow,morning,history_fingerprint_plus_today,weekday
active_duration,tomorrow,morning,history_fingerprint_plus_today,is_weekend
active_duration,tomorrow,morning,history_fingerprint_plus_today,study_day
active_duration,tomorrow,morning,history_fingerprint_plus_today,active_duration__yesterday
active_duration,tomorrow,morning,history_fingerprint_plus_today,active_duration__roll7_mean
active_duration,tomorrow,morning,history_fingerprint_plus_today,active_duration__roll14_mean
active_duration,tomorrow,morning,history_fingerprint_plus_today,active_duration__roll42_mean
active_duration,tomorrow,morning,history_fingerprint_plus_today,active_duration__roll42_std
active_duration,tomorrow,morning,history_fingerprint_plus_today,f_steps:fitbit_steps_intraday_rapids_sumdurationactivebout:morning
active_duration,tomorrow,afternoon,calendar_only,weekday
active_duration,tomorrow,afternoon,calendar_only,is_weekend
active_duration,tomorrow,afternoon,calendar_only,study_day
active_duration,tomorrow,afternoon,recent_history_only,weekday
active_duration,tomorrow,afternoon,recent_history_only,is_weekend
active_duration,tomorrow,afternoon,recent_history_only,study_day
active_duration,tomorrow,afternoon,recent_history_only,active_duration__yesterday
active_duration,tomorrow,afternoon,recent_history_only,active_duration__roll7_mean
active_duration,tomorrow,afternoon,recent_history_only,active_duration__roll14_mean
active_duration,tomorrow,afternoon,fingerprint_42d_only,weekday
active_duration,tomorrow,afternoon,fingerprint_42d_only,is_weekend
active_duration,tomorrow,afternoon,fingerprint_42d_only,study_day
active_duration,tomorrow,afternoon,fingerprint_42d_only,active_duration__roll42_mean
active_duration,tomorrow,afternoon,fingerprint_42d_only,active_duration__roll42_std
active_duration,tomorrow,afternoon,today_partial_only,weekday
active_duration,tomorrow,afternoon,today_partial_only,is_weekend
active_duration,tomorrow,afternoon,today_partial_only,study_day
active_duration,tomorrow,afternoon,today_partial_only,f_steps:fitbit_steps_intraday_rapids_sumdurationactivebout:morning
active_duration,tomorrow,afternoon,today_partial_only,f_steps:fitbit_steps_intraday_rapids_sumdurationactivebout:afternoon
active_duration,tomorrow,afternoon,history_plus_fingerprint,weekday
active_duration,tomorrow,afternoon,history_plus_fingerprint,is_weekend
active_duration,tomorrow,afternoon,history_plus_fingerprint,study_day
active_duration,tomorrow,afternoon,history_plus_fingerprint,active_duration__yesterday
active_duration,tomorrow,afternoon,history_plus_fingerprint,active_duration__roll7_mean
active_duration,tomorrow,afternoon,history_plus_fingerprint,active_duration__roll14_mean
active_duration,tomorrow,afternoon,history_plus_fingerprint,active_duration__roll42_mean
active_duration,tomorrow,afternoon,history_plus_fingerprint,active_duration__roll42_std
active_duration,tomorrow,afternoon,history_fingerprint_plus_today,weekday
active_duration,tomorrow,afternoon,history_fingerprint_plus_today,is_weekend
active_duration,tomorrow,afternoon,history_fingerprint_plus_today,study_day
active_duration,tomorrow,afternoon,history_fingerprint_plus_today,active_duration__yesterday
active_duration,tomorrow,afternoon,history_fingerprint_plus_today,active_duration__roll7_mean
active_duration,tomorrow,afternoon,history_fingerprint_plus_today,active_duration__roll14_mean
active_duration,tomorrow,afternoon,history_fingerprint_plus_today,active_duration__roll42_mean
active_duration,tomorrow,afternoon,history_fingerprint_plus_today,active_duration__roll42_std
active_duration,tomorrow,afternoon,history_fingerprint_plus_today,f_steps:fitbit_steps_intraday_rapids_sumdurationactivebout:morning
active_duration,tomorrow,afternoon,history_fingerprint_plus_today,f_steps:fitbit_steps_intraday_rapids_sumdurationactivebout:afternoon
active_duration,tomorrow,evening,calendar_only,weekday
active_duration,tomorrow,evening,calendar_only,is_weekend
active_duration,tomorrow,evening,calendar_only,study_day
active_duration,tomorrow,evening,recent_history_only,weekday
active_duration,tomorrow,evening,recent_history_only,is_weekend
active_duration,tomorrow,evening,recent_history_only,study_day
active_duration,tomorrow,evening,recent_history_only,active_duration__yesterday
active_duration,tomorrow,evening,recent_history_only,active_duration__roll7_mean
active_duration,tomorrow,evening,recent_history_only,active_duration__roll14_mean
active_duration,tomorrow,evening,fingerprint_42d_only,weekday
active_duration,tomorrow,evening,fingerprint_42d_only,is_weekend
active_duration,tomorrow,evening,fingerprint_42d_only,study_day
active_duration,tomorrow,evening,fingerprint_42d_only,active_duration__roll42_mean
active_duration,tomorrow,evening,fingerprint_42d_only,active_duration__roll42_std
active_duration,tomorrow,evening,today_partial_only,weekday
active_duration,tomorrow,evening,today_partial_only,is_weekend
active_duration,tomorrow,evening,today_partial_only,study_day
active_duration,tomorrow,evening,today_partial_only,f_steps:fitbit_steps_intraday_rapids_sumdurationactivebout:morning
active_duration,tomorrow,evening,today_partial_only,f_steps:fitbit_steps_intraday_rapids_sumdurationactivebout:afternoon
active_duration,tomorrow,evening,today_partial_only,f_steps:fitbit_steps_intraday_rapids_sumdurationactivebout:evening
active_duration,tomorrow,evening,history_plus_fingerprint,weekday
active_duration,tomorrow,evening,history_plus_fingerprint,is_weekend
active_duration,tomorrow,evening,history_plus_fingerprint,study_day
active_duration,tomorrow,evening,history_plus_fingerprint,active_duration__yesterday
active_duration,tomorrow,evening,history_plus_fingerprint,active_duration__roll7_mean
active_duration,tomorrow,evening,history_plus_fingerprint,active_duration__roll14_mean
active_duration,tomorrow,evening,history_plus_fingerprint,active_duration__roll42_mean
active_duration,tomorrow,evening,history_plus_fingerprint,active_duration__roll42_std
active_duration,tomorrow,evening,history_fingerprint_plus_today,weekday
active_duration,tomorrow,evening,history_fingerprint_plus_today,is_weekend
active_duration,tomorrow,evening,history_fingerprint_plus_today,study_day
active_duration,tomorrow,evening,history_fingerprint_plus_today,active_duration__yesterday
active_duration,tomorrow,evening,history_fingerprint_plus_today,active_duration__roll7_mean
active_duration,tomorrow,evening,history_fingerprint_plus_today,active_duration__roll14_mean
active_duration,tomorrow,evening,history_fingerprint_plus_today,active_duration__roll42_mean
active_duration,tomorrow,evening,history_fingerprint_plus_today,active_duration__roll42_std
active_duration,tomorrow,evening,history_fingerprint_plus_today,f_steps:fitbit_steps_intraday_rapids_sumdurationactivebout:morning
active_duration,tomorrow,evening,history_fingerprint_plus_today,f_steps:fitbit_steps_intraday_rapids_sumdurationactivebout:afternoon
active_duration,tomorrow,evening,history_fingerprint_plus_today,f_steps:fitbit_steps_intraday_rapids_sumdurationactivebout:evening
active_duration,next_week,morning,calendar_only,weekday
active_duration,next_week,morning,calendar_only,is_weekend
active_duration,next_week,morning,calendar_only,study_day
active_duration,next_week,morning,recent_history_only,weekday
active_duration,next_week,morning,recent_history_only,is_weekend
active_duration,next_week,morning,recent_history_only,study_day
active_duration,next_week,morning,recent_history_only,active_duration__yesterday
active_duration,next_week,morning,recent_history_only,active_duration__roll7_mean
active_duration,next_week,morning,recent_history_only,active_duration__roll14_mean
active_duration,next_week,morning,fingerprint_42d_only,weekday
active_duration,next_week,morning,fingerprint_42d_only,is_weekend
active_duration,next_week,morning,fingerprint_42d_only,study_day
active_duration,next_week,morning,fingerprint_42d_only,active_duration__roll42_mean
active_duration,next_week,morning,fingerprint_42d_only,active_duration__roll42_std
active_duration,next_week,morning,today_partial_only,weekday
active_duration,next_week,morning,today_partial_only,is_weekend
active_duration,next_week,morning,today_partial_only,study_day
active_duration,next_week,morning,today_partial_only,f_steps:fitbit_steps_intraday_rapids_sumdurationactivebout:morning
active_duration,next_week,morning,history_plus_fingerprint,weekday
active_duration,next_week,morning,history_plus_fingerprint,is_weekend
active_duration,next_week,morning,history_plus_fingerprint,study_day
active_duration,next_week,morning,history_plus_fingerprint,active_duration__yesterday
active_duration,next_week,morning,history_plus_fingerprint,active_duration__roll7_mean
active_duration,next_week,morning,history_plus_fingerprint,active_duration__roll14_mean
active_duration,next_week,morning,history_plus_fingerprint,active_duration__roll42_mean
active_duration,next_week,morning,history_plus_fingerprint,active_duration__roll42_std
active_duration,next_week,morning,history_fingerprint_plus_today,weekday
active_duration,next_week,morning,history_fingerprint_plus_today,is_weekend
active_duration,next_week,morning,history_fingerprint_plus_today,study_day
active_duration,next_week,morning,history_fingerprint_plus_today,active_duration__yesterday
active_duration,next_week,morning,history_fingerprint_plus_today,active_duration__roll7_mean
active_duration,next_week,morning,history_fingerprint_plus_today,active_duration__roll14_mean
active_duration,next_week,morning,history_fingerprint_plus_today,active_duration__roll42_mean
active_duration,next_week,morning,history_fingerprint_plus_today,active_duration__roll42_std
active_duration,next_week,morning,history_fingerprint_plus_today,f_steps:fitbit_steps_intraday_rapids_sumdurationactivebout:morning
active_duration,next_week,afternoon,calendar_only,weekday
active_duration,next_week,afternoon,calendar_only,is_weekend
active_duration,next_week,afternoon,calendar_only,study_day
active_duration,next_week,afternoon,recent_history_only,weekday
active_duration,next_week,afternoon,recent_history_only,is_weekend
active_duration,next_week,afternoon,recent_history_only,study_day
active_duration,next_week,afternoon,recent_history_only,active_duration__yesterday
active_duration,next_week,afternoon,recent_history_only,active_duration__roll7_mean
active_duration,next_week,afternoon,recent_history_only,active_duration__roll14_mean
active_duration,next_week,afternoon,fingerprint_42d_only,weekday
active_duration,next_week,afternoon,fingerprint_42d_only,is_weekend
active_duration,next_week,afternoon,fingerprint_42d_only,study_day
active_duration,next_week,afternoon,fingerprint_42d_only,active_duration__roll42_mean
active_duration,next_week,afternoon,fingerprint_42d_only,active_duration__roll42_std
active_duration,next_week,afternoon,today_partial_only,weekday
active_duration,next_week,afternoon,today_partial_only,is_weekend
active_duration,next_week,afternoon,today_partial_only,study_day
active_duration,next_week,afternoon,today_partial_only,f_steps:fitbit_steps_intraday_rapids_sumdurationactivebout:morning
active_duration,next_week,afternoon,today_partial_only,f_steps:fitbit_steps_intraday_rapids_sumdurationactivebout:afternoon
active_duration,next_week,afternoon,history_plus_fingerprint,weekday
active_duration,next_week,afternoon,history_plus_fingerprint,is_weekend
active_duration,next_week,afternoon,history_plus_fingerprint,study_day
active_duration,next_week,afternoon,history_plus_fingerprint,active_duration__yesterday
active_duration,next_week,afternoon,history_plus_fingerprint,active_duration__roll7_mean
active_duration,next_week,afternoon,history_plus_fingerprint,active_duration__roll14_mean
active_duration,next_week,afternoon,history_plus_fingerprint,active_duration__roll42_mean
active_duration,next_week,afternoon,history_plus_fingerprint,active_duration__roll42_std
active_duration,next_week,afternoon,history_fingerprint_plus_today,weekday
active_duration,next_week,afternoon,history_fingerprint_plus_today,is_weekend
active_duration,next_week,afternoon,history_fingerprint_plus_today,study_day
active_duration,next_week,afternoon,history_fingerprint_plus_today,active_duration__yesterday
active_duration,next_week,afternoon,history_fingerprint_plus_today,active_duration__roll7_mean
active_duration,next_week,afternoon,history_fingerprint_plus_today,active_duration__roll14_mean
active_duration,next_week,afternoon,history_fingerprint_plus_today,active_duration__roll42_mean
active_duration,next_week,afternoon,history_fingerprint_plus_today,active_duration__roll42_std
active_duration,next_week,afternoon,history_fingerprint_plus_today,f_steps:fitbit_steps_intraday_rapids_sumdurationactivebout:morning
active_duration,next_week,afternoon,history_fingerprint_plus_today,f_steps:fitbit_steps_intraday_rapids_sumdurationactivebout:afternoon
active_duration,next_week,evening,calendar_only,weekday
active_duration,next_week,evening,calendar_only,is_weekend
active_duration,next_week,evening,calendar_only,study_day
active_duration,next_week,evening,recent_history_only,weekday
active_duration,next_week,evening,recent_history_only,is_weekend
active_duration,next_week,evening,recent_history_only,study_day
active_duration,next_week,evening,recent_history_only,active_duration__yesterday
active_duration,next_week,evening,recent_history_only,active_duration__roll7_mean
active_duration,next_week,evening,recent_history_only,active_duration__roll14_mean
active_duration,next_week,evening,fingerprint_42d_only,weekday
active_duration,next_week,evening,fingerprint_42d_only,is_weekend
active_duration,next_week,evening,fingerprint_42d_only,study_day
active_duration,next_week,evening,fingerprint_42d_only,active_duration__roll42_mean
active_duration,next_week,evening,fingerprint_42d_only,active_duration__roll42_std
active_duration,next_week,evening,today_partial_only,weekday
active_duration,next_week,evening,today_partial_only,is_weekend
active_duration,next_week,evening,today_partial_only,study_day
active_duration,next_week,evening,today_partial_only,f_steps:fitbit_steps_intraday_rapids_sumdurationactivebout:morning
active_duration,next_week,evening,today_partial_only,f_steps:fitbit_steps_intraday_rapids_sumdurationactivebout:afternoon
active_duration,next_week,evening,today_partial_only,f_steps:fitbit_steps_intraday_rapids_sumdurationactivebout:evening
active_duration,next_week,evening,history_plus_fingerprint,weekday
active_duration,next_week,evening,history_plus_fingerprint,is_weekend
active_duration,next_week,evening,history_plus_fingerprint,study_day
active_duration,next_week,evening,history_plus_fingerprint,active_duration__yesterday
active_duration,next_week,evening,history_plus_fingerprint,active_duration__roll7_mean
active_duration,next_week,evening,history_plus_fingerprint,active_duration__roll14_mean
active_duration,next_week,evening,history_plus_fingerprint,active_duration__roll42_mean
active_duration,next_week,evening,history_plus_fingerprint,active_duration__roll42_std
active_duration,next_week,evening,history_fingerprint_plus_today,weekday
active_duration,next_week,evening,history_fingerprint_plus_today,is_weekend
active_duration,next_week,evening,history_fingerprint_plus_today,study_day
active_duration,next_week,evening,history_fingerprint_plus_today,active_duration__yesterday
active_duration,next_week,evening,history_fingerprint_plus_today,active_duration__roll7_mean
active_duration,next_week,evening,history_fingerprint_plus_today,active_duration__roll14_mean
active_duration,next_week,evening,history_fingerprint_plus_today,active_duration__roll42_mean
active_duration,next_week,evening,history_fingerprint_plus_today,active_duration__roll42_std
active_duration,next_week,evening,history_fingerprint_plus_today,f_steps:fitbit_steps_intraday_rapids_sumdurationactivebout:morning
active_duration,next_week,evening,history_fingerprint_plus_today,f_steps:fitbit_steps_intraday_rapids_sumdurationactivebout:afternoon
active_duration,next_week,evening,history_fingerprint_plus_today,f_steps:fitbit_steps_intraday_rapids_sumdurationactivebout:evening
sedentary_duration,tomorrow,morning,calendar_only,weekday
sedentary_duration,tomorrow,morning,calendar_only,is_weekend
sedentary_duration,tomorrow,morning,calendar_only,study_day
sedentary_duration,tomorrow,morning,recent_history_only,weekday
sedentary_duration,tomorrow,morning,recent_history_only,is_weekend
sedentary_duration,tomorrow,morning,recent_history_only,study_day
sedentary_duration,tomorrow,morning,recent_history_only,sedentary_duration__yesterday
sedentary_duration,tomorrow,morning,recent_history_only,sedentary_duration__roll7_mean
sedentary_duration,tomorrow,morning,recent_history_only,sedentary_duration__roll14_mean
sedentary_duration,tomorrow,morning,fingerprint_42d_only,weekday
sedentary_duration,tomorrow,morning,fingerprint_42d_only,is_weekend
sedentary_duration,tomorrow,morning,fingerprint_42d_only,study_day
sedentary_duration,tomorrow,morning,fingerprint_42d_only,sedentary_duration__roll42_mean
sedentary_duration,tomorrow,morning,fingerprint_42d_only,sedentary_duration__roll42_std
sedentary_duration,tomorrow,morning,today_partial_only,weekday
sedentary_duration,tomorrow,morning,today_partial_only,is_weekend
sedentary_duration,tomorrow,morning,today_partial_only,study_day
sedentary_duration,tomorrow,morning,today_partial_only,f_steps:fitbit_steps_intraday_rapids_sumdurationsedentarybout:morning
sedentary_duration,tomorrow,morning,history_plus_fingerprint,weekday
sedentary_duration,tomorrow,morning,history_plus_fingerprint,is_weekend
sedentary_duration,tomorrow,morning,history_plus_fingerprint,study_day
sedentary_duration,tomorrow,morning,history_plus_fingerprint,sedentary_duration__yesterday
sedentary_duration,tomorrow,morning,history_plus_fingerprint,sedentary_duration__roll7_mean
sedentary_duration,tomorrow,morning,history_plus_fingerprint,sedentary_duration__roll14_mean
sedentary_duration,tomorrow,morning,history_plus_fingerprint,sedentary_duration__roll42_mean
sedentary_duration,tomorrow,morning,history_plus_fingerprint,sedentary_duration__roll42_std
sedentary_duration,tomorrow,morning,history_fingerprint_plus_today,weekday
sedentary_duration,tomorrow,morning,history_fingerprint_plus_today,is_weekend
sedentary_duration,tomorrow,morning,history_fingerprint_plus_today,study_day
sedentary_duration,tomorrow,morning,history_fingerprint_plus_today,sedentary_duration__yesterday
sedentary_duration,tomorrow,morning,history_fingerprint_plus_today,sedentary_duration__roll7_mean
sedentary_duration,tomorrow,morning,history_fingerprint_plus_today,sedentary_duration__roll14_mean
sedentary_duration,tomorrow,morning,history_fingerprint_plus_today,sedentary_duration__roll42_mean
sedentary_duration,tomorrow,morning,history_fingerprint_plus_today,sedentary_duration__roll42_std
sedentary_duration,tomorrow,morning,history_fingerprint_plus_today,f_steps:fitbit_steps_intraday_rapids_sumdurationsedentarybout:morning
sedentary_duration,tomorrow,afternoon,calendar_only,weekday
sedentary_duration,tomorrow,afternoon,calendar_only,is_weekend
sedentary_duration,tomorrow,afternoon,calendar_only,study_day
sedentary_duration,tomorrow,afternoon,recent_history_only,weekday
sedentary_duration,tomorrow,afternoon,recent_history_only,is_weekend
sedentary_duration,tomorrow,afternoon,recent_history_only,study_day
sedentary_duration,tomorrow,afternoon,recent_history_only,sedentary_duration__yesterday
sedentary_duration,tomorrow,afternoon,recent_history_only,sedentary_duration__roll7_mean
sedentary_duration,tomorrow,afternoon,recent_history_only,sedentary_duration__roll14_mean
sedentary_duration,tomorrow,afternoon,fingerprint_42d_only,weekday
sedentary_duration,tomorrow,afternoon,fingerprint_42d_only,is_weekend
sedentary_duration,tomorrow,afternoon,fingerprint_42d_only,study_day
sedentary_duration,tomorrow,afternoon,fingerprint_42d_only,sedentary_duration__roll42_mean
sedentary_duration,tomorrow,afternoon,fingerprint_42d_only,sedentary_duration__roll42_std
sedentary_duration,tomorrow,afternoon,today_partial_only,weekday
sedentary_duration,tomorrow,afternoon,today_partial_only,is_weekend
sedentary_duration,tomorrow,afternoon,today_partial_only,study_day
sedentary_duration,tomorrow,afternoon,today_partial_only,f_steps:fitbit_steps_intraday_rapids_sumdurationsedentarybout:morning
sedentary_duration,tomorrow,afternoon,today_partial_only,f_steps:fitbit_steps_intraday_rapids_sumdurationsedentarybout:afternoon
sedentary_duration,tomorrow,afternoon,history_plus_fingerprint,weekday
sedentary_duration,tomorrow,afternoon,history_plus_fingerprint,is_weekend
sedentary_duration,tomorrow,afternoon,history_plus_fingerprint,study_day
sedentary_duration,tomorrow,afternoon,history_plus_fingerprint,sedentary_duration__yesterday
sedentary_duration,tomorrow,afternoon,history_plus_fingerprint,sedentary_duration__roll7_mean
sedentary_duration,tomorrow,afternoon,history_plus_fingerprint,sedentary_duration__roll14_mean
sedentary_duration,tomorrow,afternoon,history_plus_fingerprint,sedentary_duration__roll42_mean
sedentary_duration,tomorrow,afternoon,history_plus_fingerprint,sedentary_duration__roll42_std
sedentary_duration,tomorrow,afternoon,history_fingerprint_plus_today,weekday
sedentary_duration,tomorrow,afternoon,history_fingerprint_plus_today,is_weekend
sedentary_duration,tomorrow,afternoon,history_fingerprint_plus_today,study_day
sedentary_duration,tomorrow,afternoon,history_fingerprint_plus_today,sedentary_duration__yesterday
sedentary_duration,tomorrow,afternoon,history_fingerprint_plus_today,sedentary_duration__roll7_mean
sedentary_duration,tomorrow,afternoon,history_fingerprint_plus_today,sedentary_duration__roll14_mean
sedentary_duration,tomorrow,afternoon,history_fingerprint_plus_today,sedentary_duration__roll42_mean
sedentary_duration,tomorrow,afternoon,history_fingerprint_plus_today,sedentary_duration__roll42_std
sedentary_duration,tomorrow,afternoon,history_fingerprint_plus_today,f_steps:fitbit_steps_intraday_rapids_sumdurationsedentarybout:morning
sedentary_duration,tomorrow,afternoon,history_fingerprint_plus_today,f_steps:fitbit_steps_intraday_rapids_sumdurationsedentarybout:afternoon
sedentary_duration,tomorrow,evening,calendar_only,weekday
sedentary_duration,tomorrow,evening,calendar_only,is_weekend
sedentary_duration,tomorrow,evening,calendar_only,study_day
sedentary_duration,tomorrow,evening,recent_history_only,weekday
sedentary_duration,tomorrow,evening,recent_history_only,is_weekend
sedentary_duration,tomorrow,evening,recent_history_only,study_day
sedentary_duration,tomorrow,evening,recent_history_only,sedentary_duration__yesterday
sedentary_duration,tomorrow,evening,recent_history_only,sedentary_duration__roll7_mean
sedentary_duration,tomorrow,evening,recent_history_only,sedentary_duration__roll14_mean
sedentary_duration,tomorrow,evening,fingerprint_42d_only,weekday
sedentary_duration,tomorrow,evening,fingerprint_42d_only,is_weekend
sedentary_duration,tomorrow,evening,fingerprint_42d_only,study_day
sedentary_duration,tomorrow,evening,fingerprint_42d_only,sedentary_duration__roll42_mean
sedentary_duration,tomorrow,evening,fingerprint_42d_only,sedentary_duration__roll42_std
sedentary_duration,tomorrow,evening,today_partial_only,weekday
sedentary_duration,tomorrow,evening,today_partial_only,is_weekend
sedentary_duration,tomorrow,evening,today_partial_only,study_day
sedentary_duration,tomorrow,evening,today_partial_only,f_steps:fitbit_steps_intraday_rapids_sumdurationsedentarybout:morning
sedentary_duration,tomorrow,evening,today_partial_only,f_steps:fitbit_steps_intraday_rapids_sumdurationsedentarybout:afternoon
sedentary_duration,tomorrow,evening,today_partial_only,f_steps:fitbit_steps_intraday_rapids_sumdurationsedentarybout:evening
sedentary_duration,tomorrow,evening,history_plus_fingerprint,weekday
sedentary_duration,tomorrow,evening,history_plus_fingerprint,is_weekend
sedentary_duration,tomorrow,evening,history_plus_fingerprint,study_day
sedentary_duration,tomorrow,evening,history_plus_fingerprint,sedentary_duration__yesterday
sedentary_duration,tomorrow,evening,history_plus_fingerprint,sedentary_duration__roll7_mean
sedentary_duration,tomorrow,evening,history_plus_fingerprint,sedentary_duration__roll14_mean
sedentary_duration,tomorrow,evening,history_plus_fingerprint,sedentary_duration__roll42_mean
sedentary_duration,tomorrow,evening,history_plus_fingerprint,sedentary_duration__roll42_std
sedentary_duration,tomorrow,evening,history_fingerprint_plus_today,weekday
sedentary_duration,tomorrow,evening,history_fingerprint_plus_today,is_weekend
sedentary_duration,tomorrow,evening,history_fingerprint_plus_today,study_day
sedentary_duration,tomorrow,evening,history_fingerprint_plus_today,sedentary_duration__yesterday
sedentary_duration,tomorrow,evening,history_fingerprint_plus_today,sedentary_duration__roll7_mean
sedentary_duration,tomorrow,evening,history_fingerprint_plus_today,sedentary_duration__roll14_mean
sedentary_duration,tomorrow,evening,history_fingerprint_plus_today,sedentary_duration__roll42_mean
sedentary_duration,tomorrow,evening,history_fingerprint_plus_today,sedentary_duration__roll42_std
sedentary_duration,tomorrow,evening,history_fingerprint_plus_today,f_steps:fitbit_steps_intraday_rapids_sumdurationsedentarybout:morning
sedentary_duration,tomorrow,evening,history_fingerprint_plus_today,f_steps:fitbit_steps_intraday_rapids_sumdurationsedentarybout:afternoon
sedentary_duration,tomorrow,evening,history_fingerprint_plus_today,f_steps:fitbit_steps_intraday_rapids_sumdurationsedentarybout:evening
sedentary_duration,next_week,morning,calendar_only,weekday
sedentary_duration,next_week,morning,calendar_only,is_weekend
sedentary_duration,next_week,morning,calendar_only,study_day
sedentary_duration,next_week,morning,recent_history_only,weekday
sedentary_duration,next_week,morning,recent_history_only,is_weekend
sedentary_duration,next_week,morning,recent_history_only,study_day
sedentary_duration,next_week,morning,recent_history_only,sedentary_duration__yesterday
sedentary_duration,next_week,morning,recent_history_only,sedentary_duration__roll7_mean
sedentary_duration,next_week,morning,recent_history_only,sedentary_duration__roll14_mean
sedentary_duration,next_week,morning,fingerprint_42d_only,weekday
sedentary_duration,next_week,morning,fingerprint_42d_only,is_weekend
sedentary_duration,next_week,morning,fingerprint_42d_only,study_day
sedentary_duration,next_week,morning,fingerprint_42d_only,sedentary_duration__roll42_mean
sedentary_duration,next_week,morning,fingerprint_42d_only,sedentary_duration__roll42_std
sedentary_duration,next_week,morning,today_partial_only,weekday
sedentary_duration,next_week,morning,today_partial_only,is_weekend
sedentary_duration,next_week,morning,today_partial_only,study_day
sedentary_duration,next_week,morning,today_partial_only,f_steps:fitbit_steps_intraday_rapids_sumdurationsedentarybout:morning
sedentary_duration,next_week,morning,history_plus_fingerprint,weekday
sedentary_duration,next_week,morning,history_plus_fingerprint,is_weekend
sedentary_duration,next_week,morning,history_plus_fingerprint,study_day
sedentary_duration,next_week,morning,history_plus_fingerprint,sedentary_duration__yesterday
sedentary_duration,next_week,morning,history_plus_fingerprint,sedentary_duration__roll7_mean
sedentary_duration,next_week,morning,history_plus_fingerprint,sedentary_duration__roll14_mean
sedentary_duration,next_week,morning,history_plus_fingerprint,sedentary_duration__roll42_mean
sedentary_duration,next_week,morning,history_plus_fingerprint,sedentary_duration__roll42_std
sedentary_duration,next_week,morning,history_fingerprint_plus_today,weekday
sedentary_duration,next_week,morning,history_fingerprint_plus_today,is_weekend
sedentary_duration,next_week,morning,history_fingerprint_plus_today,study_day
sedentary_duration,next_week,morning,history_fingerprint_plus_today,sedentary_duration__yesterday
sedentary_duration,next_week,morning,history_fingerprint_plus_today,sedentary_duration__roll7_mean
sedentary_duration,next_week,morning,history_fingerprint_plus_today,sedentary_duration__roll14_mean
sedentary_duration,next_week,morning,history_fingerprint_plus_today,sedentary_duration__roll42_mean
sedentary_duration,next_week,morning,history_fingerprint_plus_today,sedentary_duration__roll42_std
sedentary_duration,next_week,morning,history_fingerprint_plus_today,f_steps:fitbit_steps_intraday_rapids_sumdurationsedentarybout:morning
sedentary_duration,next_week,afternoon,calendar_only,weekday
sedentary_duration,next_week,afternoon,calendar_only,is_weekend
sedentary_duration,next_week,afternoon,calendar_only,study_day
sedentary_duration,next_week,afternoon,recent_history_only,weekday
sedentary_duration,next_week,afternoon,recent_history_only,is_weekend
sedentary_duration,next_week,afternoon,recent_history_only,study_day
sedentary_duration,next_week,afternoon,recent_history_only,sedentary_duration__yesterday
sedentary_duration,next_week,afternoon,recent_history_only,sedentary_duration__roll7_mean
sedentary_duration,next_week,afternoon,recent_history_only,sedentary_duration__roll14_mean
sedentary_duration,next_week,afternoon,fingerprint_42d_only,weekday
sedentary_duration,next_week,afternoon,fingerprint_42d_only,is_weekend
sedentary_duration,next_week,afternoon,fingerprint_42d_only,study_day
sedentary_duration,next_week,afternoon,fingerprint_42d_only,sedentary_duration__roll42_mean
sedentary_duration,next_week,afternoon,fingerprint_42d_only,sedentary_duration__roll42_std
sedentary_duration,next_week,afternoon,today_partial_only,weekday
sedentary_duration,next_week,afternoon,today_partial_only,is_weekend
sedentary_duration,next_week,afternoon,today_partial_only,study_day
sedentary_duration,next_week,afternoon,today_partial_only,f_steps:fitbit_steps_intraday_rapids_sumdurationsedentarybout:morning
sedentary_duration,next_week,afternoon,today_partial_only,f_steps:fitbit_steps_intraday_rapids_sumdurationsedentarybout:afternoon
sedentary_duration,next_week,afternoon,history_plus_fingerprint,weekday
sedentary_duration,next_week,afternoon,history_plus_fingerprint,is_weekend
sedentary_duration,next_week,afternoon,history_plus_fingerprint,study_day
sedentary_duration,next_week,afternoon,history_plus_fingerprint,sedentary_duration__yesterday
sedentary_duration,next_week,afternoon,history_plus_fingerprint,sedentary_duration__roll7_mean
sedentary_duration,next_week,afternoon,history_plus_fingerprint,sedentary_duration__roll14_mean
sedentary_duration,next_week,afternoon,history_plus_fingerprint,sedentary_duration__roll42_mean
sedentary_duration,next_week,afternoon,history_plus_fingerprint,sedentary_duration__roll42_std
sedentary_duration,next_week,afternoon,history_fingerprint_plus_today,weekday
sedentary_duration,next_week,afternoon,history_fingerprint_plus_today,is_weekend
sedentary_duration,next_week,afternoon,history_fingerprint_plus_today,study_day
sedentary_duration,next_week,afternoon,history_fingerprint_plus_today,sedentary_duration__yesterday
sedentary_duration,next_week,afternoon,history_fingerprint_plus_today,sedentary_duration__roll7_mean
sedentary_duration,next_week,afternoon,history_fingerprint_plus_today,sedentary_duration__roll14_mean
sedentary_duration,next_week,afternoon,history_fingerprint_plus_today,sedentary_duration__roll42_mean
sedentary_duration,next_week,afternoon,history_fingerprint_plus_today,sedentary_duration__roll42_std
sedentary_duration,next_week,afternoon,history_fingerprint_plus_today,f_steps:fitbit_steps_intraday_rapids_sumdurationsedentarybout:morning
sedentary_duration,next_week,afternoon,history_fingerprint_plus_today,f_steps:fitbit_steps_intraday_rapids_sumdurationsedentarybout:afternoon
sedentary_duration,next_week,evening,calendar_only,weekday
sedentary_duration,next_week,evening,calendar_only,is_weekend
sedentary_duration,next_week,evening,calendar_only,study_day
sedentary_duration,next_week,evening,recent_history_only,weekday
sedentary_duration,next_week,evening,recent_history_only,is_weekend
sedentary_duration,next_week,evening,recent_history_only,study_day
sedentary_duration,next_week,evening,recent_history_only,sedentary_duration__yesterday
sedentary_duration,next_week,evening,recent_history_only,sedentary_duration__roll7_mean
sedentary_duration,next_week,evening,recent_history_only,sedentary_duration__roll14_mean
sedentary_duration,next_week,evening,fingerprint_42d_only,weekday
sedentary_duration,next_week,evening,fingerprint_42d_only,is_weekend
sedentary_duration,next_week,evening,fingerprint_42d_only,study_day
sedentary_duration,next_week,evening,fingerprint_42d_only,sedentary_duration__roll42_mean
sedentary_duration,next_week,evening,fingerprint_42d_only,sedentary_duration__roll42_std
sedentary_duration,next_week,evening,today_partial_only,weekday
sedentary_duration,next_week,evening,today_partial_only,is_weekend
sedentary_duration,next_week,evening,today_partial_only,study_day
sedentary_duration,next_week,evening,today_partial_only,f_steps:fitbit_steps_intraday_rapids_sumdurationsedentarybout:morning
sedentary_duration,next_week,evening,today_partial_only,f_steps:fitbit_steps_intraday_rapids_sumdurationsedentarybout:afternoon
sedentary_duration,next_week,evening,today_partial_only,f_steps:fitbit_steps_intraday_rapids_sumdurationsedentarybout:evening
sedentary_duration,next_week,evening,history_plus_fingerprint,weekday
sedentary_duration,next_week,evening,history_plus_fingerprint,is_weekend
sedentary_duration,next_week,evening,history_plus_fingerprint,study_day
sedentary_duration,next_week,evening,history_plus_fingerprint,sedentary_duration__yesterday
sedentary_duration,next_week,evening,history_plus_fingerprint,sedentary_duration__roll7_mean
sedentary_duration,next_week,evening,history_plus_fingerprint,sedentary_duration__roll14_mean
sedentary_duration,next_week,evening,history_plus_fingerprint,sedentary_duration__roll42_mean
sedentary_duration,next_week,evening,history_plus_fingerprint,sedentary_duration__roll42_std
sedentary_duration,next_week,evening,history_fingerprint_plus_today,weekday
sedentary_duration,next_week,evening,history_fingerprint_plus_today,is_weekend
sedentary_duration,next_week,evening,history_fingerprint_plus_today,study_day
sedentary_duration,next_week,evening,history_fingerprint_plus_today,sedentary_duration__yesterday
sedentary_duration,next_week,evening,history_fingerprint_plus_today,sedentary_duration__roll7_mean
sedentary_duration,next_week,evening,history_fingerprint_plus_today,sedentary_duration__roll14_mean
sedentary_duration,next_week,evening,history_fingerprint_plus_today,sedentary_duration__roll42_mean
sedentary_duration,next_week,evening,history_fingerprint_plus_today,sedentary_duration__roll42_std
sedentary_duration,next_week,evening,history_fingerprint_plus_today,f_steps:fitbit_steps_intraday_rapids_sumdurationsedentarybout:morning
sedentary_duration,next_week,evening,history_fingerprint_plus_today,f_steps:fitbit_steps_intraday_rapids_sumdurationsedentarybout:afternoon
sedentary_duration,next_week,evening,history_fingerprint_plus_today,f_steps:fitbit_steps_intraday_rapids_sumdurationsedentarybout:evening
sleep_duration,tomorrow,morning,calendar_only,weekday
sleep_duration,tomorrow,morning,calendar_only,is_weekend
sleep_duration,tomorrow,morning,calendar_only,study_day
sleep_duration,tomorrow,morning,recent_history_only,weekday
sleep_duration,tomorrow,morning,recent_history_only,is_weekend
sleep_duration,tomorrow,morning,recent_history_only,study_day
sleep_duration,tomorrow,morning,recent_history_only,sleep_duration__yesterday
sleep_duration,tomorrow,morning,recent_history_only,sleep_duration__roll7_mean
sleep_duration,tomorrow,morning,recent_history_only,sleep_duration__roll14_mean
sleep_duration,tomorrow,morning,fingerprint_42d_only,weekday
sleep_duration,tomorrow,morning,fingerprint_42d_only,is_weekend
sleep_duration,tomorrow,morning,fingerprint_42d_only,study_day
sleep_duration,tomorrow,morning,fingerprint_42d_only,sleep_duration__roll42_mean
sleep_duration,tomorrow,morning,fingerprint_42d_only,sleep_duration__roll42_std
sleep_duration,tomorrow,morning,today_partial_only,weekday
sleep_duration,tomorrow,morning,today_partial_only,is_weekend
sleep_duration,tomorrow,morning,today_partial_only,study_day
sleep_duration,tomorrow,morning,today_partial_only,f_slp:fitbit_sleep_summary_rapids_sumdurationasleepmain:morning
sleep_duration,tomorrow,morning,history_plus_fingerprint,weekday
sleep_duration,tomorrow,morning,history_plus_fingerprint,is_weekend
sleep_duration,tomorrow,morning,history_plus_fingerprint,study_day
sleep_duration,tomorrow,morning,history_plus_fingerprint,sleep_duration__yesterday
sleep_duration,tomorrow,morning,history_plus_fingerprint,sleep_duration__roll7_mean
sleep_duration,tomorrow,morning,history_plus_fingerprint,sleep_duration__roll14_mean
sleep_duration,tomorrow,morning,history_plus_fingerprint,sleep_duration__roll42_mean
sleep_duration,tomorrow,morning,history_plus_fingerprint,sleep_duration__roll42_std
sleep_duration,tomorrow,morning,history_fingerprint_plus_today,weekday
sleep_duration,tomorrow,morning,history_fingerprint_plus_today,is_weekend
sleep_duration,tomorrow,morning,history_fingerprint_plus_today,study_day
sleep_duration,tomorrow,morning,history_fingerprint_plus_today,sleep_duration__yesterday
sleep_duration,tomorrow,morning,history_fingerprint_plus_today,sleep_duration__roll7_mean
sleep_duration,tomorrow,morning,history_fingerprint_plus_today,sleep_duration__roll14_mean
sleep_duration,tomorrow,morning,history_fingerprint_plus_today,sleep_duration__roll42_mean
sleep_duration,tomorrow,morning,history_fingerprint_plus_today,sleep_duration__roll42_std
sleep_duration,tomorrow,morning,history_fingerprint_plus_today,f_slp:fitbit_sleep_summary_rapids_sumdurationasleepmain:morning
sleep_duration,tomorrow,afternoon,calendar_only,weekday
sleep_duration,tomorrow,afternoon,calendar_only,is_weekend
sleep_duration,tomorrow,afternoon,calendar_only,study_day
sleep_duration,tomorrow,afternoon,recent_history_only,weekday
sleep_duration,tomorrow,afternoon,recent_history_only,is_weekend
sleep_duration,tomorrow,afternoon,recent_history_only,study_day
sleep_duration,tomorrow,afternoon,recent_history_only,sleep_duration__yesterday
sleep_duration,tomorrow,afternoon,recent_history_only,sleep_duration__roll7_mean
sleep_duration,tomorrow,afternoon,recent_history_only,sleep_duration__roll14_mean
sleep_duration,tomorrow,afternoon,fingerprint_42d_only,weekday
sleep_duration,tomorrow,afternoon,fingerprint_42d_only,is_weekend
sleep_duration,tomorrow,afternoon,fingerprint_42d_only,study_day
sleep_duration,tomorrow,afternoon,fingerprint_42d_only,sleep_duration__roll42_mean
sleep_duration,tomorrow,afternoon,fingerprint_42d_only,sleep_duration__roll42_std
sleep_duration,tomorrow,afternoon,today_partial_only,weekday
sleep_duration,tomorrow,afternoon,today_partial_only,is_weekend
sleep_duration,tomorrow,afternoon,today_partial_only,study_day
sleep_duration,tomorrow,afternoon,today_partial_only,f_slp:fitbit_sleep_summary_rapids_sumdurationasleepmain:morning
sleep_duration,tomorrow,afternoon,today_partial_only,f_slp:fitbit_sleep_summary_rapids_sumdurationasleepmain:afternoon
sleep_duration,tomorrow,afternoon,history_plus_fingerprint,weekday
sleep_duration,tomorrow,afternoon,history_plus_fingerprint,is_weekend
sleep_duration,tomorrow,afternoon,history_plus_fingerprint,study_day
sleep_duration,tomorrow,afternoon,history_plus_fingerprint,sleep_duration__yesterday
sleep_duration,tomorrow,afternoon,history_plus_fingerprint,sleep_duration__roll7_mean
sleep_duration,tomorrow,afternoon,history_plus_fingerprint,sleep_duration__roll14_mean
sleep_duration,tomorrow,afternoon,history_plus_fingerprint,sleep_duration__roll42_mean
sleep_duration,tomorrow,afternoon,history_plus_fingerprint,sleep_duration__roll42_std
sleep_duration,tomorrow,afternoon,history_fingerprint_plus_today,weekday
sleep_duration,tomorrow,afternoon,history_fingerprint_plus_today,is_weekend
sleep_duration,tomorrow,afternoon,history_fingerprint_plus_today,study_day
sleep_duration,tomorrow,afternoon,history_fingerprint_plus_today,sleep_duration__yesterday
sleep_duration,tomorrow,afternoon,history_fingerprint_plus_today,sleep_duration__roll7_mean
sleep_duration,tomorrow,afternoon,history_fingerprint_plus_today,sleep_duration__roll14_mean
sleep_duration,tomorrow,afternoon,history_fingerprint_plus_today,sleep_duration__roll42_mean
sleep_duration,tomorrow,afternoon,history_fingerprint_plus_today,sleep_duration__roll42_std
sleep_duration,tomorrow,afternoon,history_fingerprint_plus_today,f_slp:fitbit_sleep_summary_rapids_sumdurationasleepmain:morning
sleep_duration,tomorrow,afternoon,history_fingerprint_plus_today,f_slp:fitbit_sleep_summary_rapids_sumdurationasleepmain:afternoon
sleep_duration,tomorrow,evening,calendar_only,weekday
sleep_duration,tomorrow,evening,calendar_only,is_weekend
sleep_duration,tomorrow,evening,calendar_only,study_day
sleep_duration,tomorrow,evening,recent_history_only,weekday
sleep_duration,tomorrow,evening,recent_history_only,is_weekend
sleep_duration,tomorrow,evening,recent_history_only,study_day
sleep_duration,tomorrow,evening,recent_history_only,sleep_duration__yesterday
sleep_duration,tomorrow,evening,recent_history_only,sleep_duration__roll7_mean
sleep_duration,tomorrow,evening,recent_history_only,sleep_duration__roll14_mean
sleep_duration,tomorrow,evening,fingerprint_42d_only,weekday
sleep_duration,tomorrow,evening,fingerprint_42d_only,is_weekend
sleep_duration,tomorrow,evening,fingerprint_42d_only,study_day
sleep_duration,tomorrow,evening,fingerprint_42d_only,sleep_duration__roll42_mean
sleep_duration,tomorrow,evening,fingerprint_42d_only,sleep_duration__roll42_std
sleep_duration,tomorrow,evening,today_partial_only,weekday
sleep_duration,tomorrow,evening,today_partial_only,is_weekend
sleep_duration,tomorrow,evening,today_partial_only,study_day
sleep_duration,tomorrow,evening,today_partial_only,f_slp:fitbit_sleep_summary_rapids_sumdurationasleepmain:morning
sleep_duration,tomorrow,evening,today_partial_only,f_slp:fitbit_sleep_summary_rapids_sumdurationasleepmain:afternoon
sleep_duration,tomorrow,evening,today_partial_only,f_slp:fitbit_sleep_summary_rapids_sumdurationasleepmain:evening
sleep_duration,tomorrow,evening,history_plus_fingerprint,weekday
sleep_duration,tomorrow,evening,history_plus_fingerprint,is_weekend
sleep_duration,tomorrow,evening,history_plus_fingerprint,study_day
sleep_duration,tomorrow,evening,history_plus_fingerprint,sleep_duration__yesterday
sleep_duration,tomorrow,evening,history_plus_fingerprint,sleep_duration__roll7_mean
sleep_duration,tomorrow,evening,history_plus_fingerprint,sleep_duration__roll14_mean
sleep_duration,tomorrow,evening,history_plus_fingerprint,sleep_duration__roll42_mean
sleep_duration,tomorrow,evening,history_plus_fingerprint,sleep_duration__roll42_std
sleep_duration,tomorrow,evening,history_fingerprint_plus_today,weekday
sleep_duration,tomorrow,evening,history_fingerprint_plus_today,is_weekend
sleep_duration,tomorrow,evening,history_fingerprint_plus_today,study_day
sleep_duration,tomorrow,evening,history_fingerprint_plus_today,sleep_duration__yesterday
sleep_duration,tomorrow,evening,history_fingerprint_plus_today,sleep_duration__roll7_mean
sleep_duration,tomorrow,evening,history_fingerprint_plus_today,sleep_duration__roll14_mean
sleep_duration,tomorrow,evening,history_fingerprint_plus_today,sleep_duration__roll42_mean
sleep_duration,tomorrow,evening,history_fingerprint_plus_today,sleep_duration__roll42_std
sleep_duration,tomorrow,evening,history_fingerprint_plus_today,f_slp:fitbit_sleep_summary_rapids_sumdurationasleepmain:morning
sleep_duration,tomorrow,evening,history_fingerprint_plus_today,f_slp:fitbit_sleep_summary_rapids_sumdurationasleepmain:afternoon
sleep_duration,tomorrow,evening,history_fingerprint_plus_today,f_slp:fitbit_sleep_summary_rapids_sumdurationasleepmain:evening
sleep_duration,next_week,morning,calendar_only,weekday
sleep_duration,next_week,morning,calendar_only,is_weekend
sleep_duration,next_week,morning,calendar_only,study_day
sleep_duration,next_week,morning,recent_history_only,weekday
sleep_duration,next_week,morning,recent_history_only,is_weekend
sleep_duration,next_week,morning,recent_history_only,study_day
sleep_duration,next_week,morning,recent_history_only,sleep_duration__yesterday
sleep_duration,next_week,morning,recent_history_only,sleep_duration__roll7_mean
sleep_duration,next_week,morning,recent_history_only,sleep_duration__roll14_mean
sleep_duration,next_week,morning,fingerprint_42d_only,weekday
sleep_duration,next_week,morning,fingerprint_42d_only,is_weekend
sleep_duration,next_week,morning,fingerprint_42d_only,study_day
sleep_duration,next_week,morning,fingerprint_42d_only,sleep_duration__roll42_mean
sleep_duration,next_week,morning,fingerprint_42d_only,sleep_duration__roll42_std
sleep_duration,next_week,morning,today_partial_only,weekday
sleep_duration,next_week,morning,today_partial_only,is_weekend
sleep_duration,next_week,morning,today_partial_only,study_day
sleep_duration,next_week,morning,today_partial_only,f_slp:fitbit_sleep_summary_rapids_sumdurationasleepmain:morning
sleep_duration,next_week,morning,history_plus_fingerprint,weekday
sleep_duration,next_week,morning,history_plus_fingerprint,is_weekend
sleep_duration,next_week,morning,history_plus_fingerprint,study_day
sleep_duration,next_week,morning,history_plus_fingerprint,sleep_duration__yesterday
sleep_duration,next_week,morning,history_plus_fingerprint,sleep_duration__roll7_mean
sleep_duration,next_week,morning,history_plus_fingerprint,sleep_duration__roll14_mean
sleep_duration,next_week,morning,history_plus_fingerprint,sleep_duration__roll42_mean
sleep_duration,next_week,morning,history_plus_fingerprint,sleep_duration__roll42_std
sleep_duration,next_week,morning,history_fingerprint_plus_today,weekday
sleep_duration,next_week,morning,history_fingerprint_plus_today,is_weekend
sleep_duration,next_week,morning,history_fingerprint_plus_today,study_day
sleep_duration,next_week,morning,history_fingerprint_plus_today,sleep_duration__yesterday
sleep_duration,next_week,morning,history_fingerprint_plus_today,sleep_duration__roll7_mean
sleep_duration,next_week,morning,history_fingerprint_plus_today,sleep_duration__roll14_mean
sleep_duration,next_week,morning,history_fingerprint_plus_today,sleep_duration__roll42_mean
sleep_duration,next_week,morning,history_fingerprint_plus_today,sleep_duration__roll42_std
sleep_duration,next_week,morning,history_fingerprint_plus_today,f_slp:fitbit_sleep_summary_rapids_sumdurationasleepmain:morning
sleep_duration,next_week,afternoon,calendar_only,weekday
sleep_duration,next_week,afternoon,calendar_only,is_weekend
sleep_duration,next_week,afternoon,calendar_only,study_day
sleep_duration,next_week,afternoon,recent_history_only,weekday
sleep_duration,next_week,afternoon,recent_history_only,is_weekend
sleep_duration,next_week,afternoon,recent_history_only,study_day
sleep_duration,next_week,afternoon,recent_history_only,sleep_duration__yesterday
sleep_duration,next_week,afternoon,recent_history_only,sleep_duration__roll7_mean
sleep_duration,next_week,afternoon,recent_history_only,sleep_duration__roll14_mean
sleep_duration,next_week,afternoon,fingerprint_42d_only,weekday
sleep_duration,next_week,afternoon,fingerprint_42d_only,is_weekend
sleep_duration,next_week,afternoon,fingerprint_42d_only,study_day
sleep_duration,next_week,afternoon,fingerprint_42d_only,sleep_duration__roll42_mean
sleep_duration,next_week,afternoon,fingerprint_42d_only,sleep_duration__roll42_std
sleep_duration,next_week,afternoon,today_partial_only,weekday
sleep_duration,next_week,afternoon,today_partial_only,is_weekend
sleep_duration,next_week,afternoon,today_partial_only,study_day
sleep_duration,next_week,afternoon,today_partial_only,f_slp:fitbit_sleep_summary_rapids_sumdurationasleepmain:morning
sleep_duration,next_week,afternoon,today_partial_only,f_slp:fitbit_sleep_summary_rapids_sumdurationasleepmain:afternoon
sleep_duration,next_week,afternoon,history_plus_fingerprint,weekday
sleep_duration,next_week,afternoon,history_plus_fingerprint,is_weekend
sleep_duration,next_week,afternoon,history_plus_fingerprint,study_day
sleep_duration,next_week,afternoon,history_plus_fingerprint,sleep_duration__yesterday
sleep_duration,next_week,afternoon,history_plus_fingerprint,sleep_duration__roll7_mean
sleep_duration,next_week,afternoon,history_plus_fingerprint,sleep_duration__roll14_mean
sleep_duration,next_week,afternoon,history_plus_fingerprint,sleep_duration__roll42_mean
sleep_duration,next_week,afternoon,history_plus_fingerprint,sleep_duration__roll42_std
sleep_duration,next_week,afternoon,history_fingerprint_plus_today,weekday
sleep_duration,next_week,afternoon,history_fingerprint_plus_today,is_weekend
sleep_duration,next_week,afternoon,history_fingerprint_plus_today,study_day
sleep_duration,next_week,afternoon,history_fingerprint_plus_today,sleep_duration__yesterday
sleep_duration,next_week,afternoon,history_fingerprint_plus_today,sleep_duration__roll7_mean
sleep_duration,next_week,afternoon,history_fingerprint_plus_today,sleep_duration__roll14_mean
sleep_duration,next_week,afternoon,history_fingerprint_plus_today,sleep_duration__roll42_mean
sleep_duration,next_week,afternoon,history_fingerprint_plus_today,sleep_duration__roll42_std
sleep_duration,next_week,afternoon,history_fingerprint_plus_today,f_slp:fitbit_sleep_summary_rapids_sumdurationasleepmain:morning
sleep_duration,next_week,afternoon,history_fingerprint_plus_today,f_slp:fitbit_sleep_summary_rapids_sumdurationasleepmain:afternoon
sleep_duration,next_week,evening,calendar_only,weekday
sleep_duration,next_week,evening,calendar_only,is_weekend
sleep_duration,next_week,evening,calendar_only,study_day
sleep_duration,next_week,evening,recent_history_only,weekday
sleep_duration,next_week,evening,recent_history_only,is_weekend
sleep_duration,next_week,evening,recent_history_only,study_day
sleep_duration,next_week,evening,recent_history_only,sleep_duration__yesterday
sleep_duration,next_week,evening,recent_history_only,sleep_duration__roll7_mean
sleep_duration,next_week,evening,recent_history_only,sleep_duration__roll14_mean
sleep_duration,next_week,evening,fingerprint_42d_only,weekday
sleep_duration,next_week,evening,fingerprint_42d_only,is_weekend
sleep_duration,next_week,evening,fingerprint_42d_only,study_day
sleep_duration,next_week,evening,fingerprint_42d_only,sleep_duration__roll42_mean
sleep_duration,next_week,evening,fingerprint_42d_only,sleep_duration__roll42_std
sleep_duration,next_week,evening,today_partial_only,weekday
sleep_duration,next_week,evening,today_partial_only,is_weekend
sleep_duration,next_week,evening,today_partial_only,study_day
sleep_duration,next_week,evening,today_partial_only,f_slp:fitbit_sleep_summary_rapids_sumdurationasleepmain:morning
sleep_duration,next_week,evening,today_partial_only,f_slp:fitbit_sleep_summary_rapids_sumdurationasleepmain:afternoon
sleep_duration,next_week,evening,today_partial_only,f_slp:fitbit_sleep_summary_rapids_sumdurationasleepmain:evening
sleep_duration,next_week,evening,history_plus_fingerprint,weekday
sleep_duration,next_week,evening,history_plus_fingerprint,is_weekend
sleep_duration,next_week,evening,history_plus_fingerprint,study_day
sleep_duration,next_week,evening,history_plus_fingerprint,sleep_duration__yesterday
sleep_duration,next_week,evening,history_plus_fingerprint,sleep_duration__roll7_mean
sleep_duration,next_week,evening,history_plus_fingerprint,sleep_duration__roll14_mean
sleep_duration,next_week,evening,history_plus_fingerprint,sleep_duration__roll42_mean
sleep_duration,next_week,evening,history_plus_fingerprint,sleep_duration__roll42_std
sleep_duration,next_week,evening,history_fingerprint_plus_today,weekday
sleep_duration,next_week,evening,history_fingerprint_plus_today,is_weekend
sleep_duration,next_week,evening,history_fingerprint_plus_today,study_day
sleep_duration,next_week,evening,history_fingerprint_plus_today,sleep_duration__yesterday
sleep_duration,next_week,evening,history_fingerprint_plus_today,sleep_duration__roll7_mean
sleep_duration,next_week,evening,history_fingerprint_plus_today,sleep_duration__roll14_mean
sleep_duration,next_week,evening,history_fingerprint_plus_today,sleep_duration__roll42_mean
sleep_duration,next_week,evening,history_fingerprint_plus_today,sleep_duration__roll42_std
sleep_duration,next_week,evening,history_fingerprint_plus_today,f_slp:fitbit_sleep_summary_rapids_sumdurationasleepmain:morning
sleep_duration,next_week,evening,history_fingerprint_plus_today,f_slp:fitbit_sleep_summary_rapids_sumdurationasleepmain:afternoon
sleep_duration,next_week,evening,history_fingerprint_plus_today,f_slp:fitbit_sleep_summary_rapids_sumdurationasleepmain:evening
sleep_in_bed,tomorrow,morning,calendar_only,weekday
sleep_in_bed,tomorrow,morning,calendar_only,is_weekend
sleep_in_bed,tomorrow,morning,calendar_only,study_day
sleep_in_bed,tomorrow,morning,recent_history_only,weekday
sleep_in_bed,tomorrow,morning,recent_history_only,is_weekend
sleep_in_bed,tomorrow,morning,recent_history_only,study_day
sleep_in_bed,tomorrow,morning,recent_history_only,sleep_in_bed__yesterday
sleep_in_bed,tomorrow,morning,recent_history_only,sleep_in_bed__roll7_mean
sleep_in_bed,tomorrow,morning,recent_history_only,sleep_in_bed__roll14_mean
sleep_in_bed,tomorrow,morning,fingerprint_42d_only,weekday
sleep_in_bed,tomorrow,morning,fingerprint_42d_only,is_weekend
sleep_in_bed,tomorrow,morning,fingerprint_42d_only,study_day
sleep_in_bed,tomorrow,morning,fingerprint_42d_only,sleep_in_bed__roll42_mean
sleep_in_bed,tomorrow,morning,fingerprint_42d_only,sleep_in_bed__roll42_std
sleep_in_bed,tomorrow,morning,today_partial_only,weekday
sleep_in_bed,tomorrow,morning,today_partial_only,is_weekend
sleep_in_bed,tomorrow,morning,today_partial_only,study_day
sleep_in_bed,tomorrow,morning,today_partial_only,f_slp:fitbit_sleep_summary_rapids_sumdurationinbedmain:morning
sleep_in_bed,tomorrow,morning,history_plus_fingerprint,weekday
sleep_in_bed,tomorrow,morning,history_plus_fingerprint,is_weekend
sleep_in_bed,tomorrow,morning,history_plus_fingerprint,study_day
sleep_in_bed,tomorrow,morning,history_plus_fingerprint,sleep_in_bed__yesterday
sleep_in_bed,tomorrow,morning,history_plus_fingerprint,sleep_in_bed__roll7_mean
sleep_in_bed,tomorrow,morning,history_plus_fingerprint,sleep_in_bed__roll14_mean
sleep_in_bed,tomorrow,morning,history_plus_fingerprint,sleep_in_bed__roll42_mean
sleep_in_bed,tomorrow,morning,history_plus_fingerprint,sleep_in_bed__roll42_std
sleep_in_bed,tomorrow,morning,history_fingerprint_plus_today,weekday
sleep_in_bed,tomorrow,morning,history_fingerprint_plus_today,is_weekend
sleep_in_bed,tomorrow,morning,history_fingerprint_plus_today,study_day
sleep_in_bed,tomorrow,morning,history_fingerprint_plus_today,sleep_in_bed__yesterday
sleep_in_bed,tomorrow,morning,history_fingerprint_plus_today,sleep_in_bed__roll7_mean
sleep_in_bed,tomorrow,morning,history_fingerprint_plus_today,sleep_in_bed__roll14_mean
sleep_in_bed,tomorrow,morning,history_fingerprint_plus_today,sleep_in_bed__roll42_mean
sleep_in_bed,tomorrow,morning,history_fingerprint_plus_today,sleep_in_bed__roll42_std
sleep_in_bed,tomorrow,morning,history_fingerprint_plus_today,f_slp:fitbit_sleep_summary_rapids_sumdurationinbedmain:morning
sleep_in_bed,tomorrow,afternoon,calendar_only,weekday
sleep_in_bed,tomorrow,afternoon,calendar_only,is_weekend
sleep_in_bed,tomorrow,afternoon,calendar_only,study_day
sleep_in_bed,tomorrow,afternoon,recent_history_only,weekday
sleep_in_bed,tomorrow,afternoon,recent_history_only,is_weekend
sleep_in_bed,tomorrow,afternoon,recent_history_only,study_day
sleep_in_bed,tomorrow,afternoon,recent_history_only,sleep_in_bed__yesterday
sleep_in_bed,tomorrow,afternoon,recent_history_only,sleep_in_bed__roll7_mean
sleep_in_bed,tomorrow,afternoon,recent_history_only,sleep_in_bed__roll14_mean
sleep_in_bed,tomorrow,afternoon,fingerprint_42d_only,weekday
sleep_in_bed,tomorrow,afternoon,fingerprint_42d_only,is_weekend
sleep_in_bed,tomorrow,afternoon,fingerprint_42d_only,study_day
sleep_in_bed,tomorrow,afternoon,fingerprint_42d_only,sleep_in_bed__roll42_mean
sleep_in_bed,tomorrow,afternoon,fingerprint_42d_only,sleep_in_bed__roll42_std
sleep_in_bed,tomorrow,afternoon,today_partial_only,weekday
sleep_in_bed,tomorrow,afternoon,today_partial_only,is_weekend
sleep_in_bed,tomorrow,afternoon,today_partial_only,study_day
sleep_in_bed,tomorrow,afternoon,today_partial_only,f_slp:fitbit_sleep_summary_rapids_sumdurationinbedmain:morning
sleep_in_bed,tomorrow,afternoon,today_partial_only,f_slp:fitbit_sleep_summary_rapids_sumdurationinbedmain:afternoon
sleep_in_bed,tomorrow,afternoon,history_plus_fingerprint,weekday
sleep_in_bed,tomorrow,afternoon,history_plus_fingerprint,is_weekend
sleep_in_bed,tomorrow,afternoon,history_plus_fingerprint,study_day
sleep_in_bed,tomorrow,afternoon,history_plus_fingerprint,sleep_in_bed__yesterday
sleep_in_bed,tomorrow,afternoon,history_plus_fingerprint,sleep_in_bed__roll7_mean
sleep_in_bed,tomorrow,afternoon,history_plus_fingerprint,sleep_in_bed__roll14_mean
sleep_in_bed,tomorrow,afternoon,history_plus_fingerprint,sleep_in_bed__roll42_mean
sleep_in_bed,tomorrow,afternoon,history_plus_fingerprint,sleep_in_bed__roll42_std
sleep_in_bed,tomorrow,afternoon,history_fingerprint_plus_today,weekday
sleep_in_bed,tomorrow,afternoon,history_fingerprint_plus_today,is_weekend
sleep_in_bed,tomorrow,afternoon,history_fingerprint_plus_today,study_day
sleep_in_bed,tomorrow,afternoon,history_fingerprint_plus_today,sleep_in_bed__yesterday
sleep_in_bed,tomorrow,afternoon,history_fingerprint_plus_today,sleep_in_bed__roll7_mean
sleep_in_bed,tomorrow,afternoon,history_fingerprint_plus_today,sleep_in_bed__roll14_mean
sleep_in_bed,tomorrow,afternoon,history_fingerprint_plus_today,sleep_in_bed__roll42_mean
sleep_in_bed,tomorrow,afternoon,history_fingerprint_plus_today,sleep_in_bed__roll42_std
sleep_in_bed,tomorrow,afternoon,history_fingerprint_plus_today,f_slp:fitbit_sleep_summary_rapids_sumdurationinbedmain:morning
sleep_in_bed,tomorrow,afternoon,history_fingerprint_plus_today,f_slp:fitbit_sleep_summary_rapids_sumdurationinbedmain:afternoon
sleep_in_bed,tomorrow,evening,calendar_only,weekday
sleep_in_bed,tomorrow,evening,calendar_only,is_weekend
sleep_in_bed,tomorrow,evening,calendar_only,study_day
sleep_in_bed,tomorrow,evening,recent_history_only,weekday
sleep_in_bed,tomorrow,evening,recent_history_only,is_weekend
sleep_in_bed,tomorrow,evening,recent_history_only,study_day
sleep_in_bed,tomorrow,evening,recent_history_only,sleep_in_bed__yesterday
sleep_in_bed,tomorrow,evening,recent_history_only,sleep_in_bed__roll7_mean
sleep_in_bed,tomorrow,evening,recent_history_only,sleep_in_bed__roll14_mean
sleep_in_bed,tomorrow,evening,fingerprint_42d_only,weekday
sleep_in_bed,tomorrow,evening,fingerprint_42d_only,is_weekend
sleep_in_bed,tomorrow,evening,fingerprint_42d_only,study_day
sleep_in_bed,tomorrow,evening,fingerprint_42d_only,sleep_in_bed__roll42_mean
sleep_in_bed,tomorrow,evening,fingerprint_42d_only,sleep_in_bed__roll42_std
sleep_in_bed,tomorrow,evening,today_partial_only,weekday
sleep_in_bed,tomorrow,evening,today_partial_only,is_weekend
sleep_in_bed,tomorrow,evening,today_partial_only,study_day
sleep_in_bed,tomorrow,evening,today_partial_only,f_slp:fitbit_sleep_summary_rapids_sumdurationinbedmain:morning
sleep_in_bed,tomorrow,evening,today_partial_only,f_slp:fitbit_sleep_summary_rapids_sumdurationinbedmain:afternoon
sleep_in_bed,tomorrow,evening,today_partial_only,f_slp:fitbit_sleep_summary_rapids_sumdurationinbedmain:evening
sleep_in_bed,tomorrow,evening,history_plus_fingerprint,weekday
sleep_in_bed,tomorrow,evening,history_plus_fingerprint,is_weekend
sleep_in_bed,tomorrow,evening,history_plus_fingerprint,study_day
sleep_in_bed,tomorrow,evening,history_plus_fingerprint,sleep_in_bed__yesterday
sleep_in_bed,tomorrow,evening,history_plus_fingerprint,sleep_in_bed__roll7_mean
sleep_in_bed,tomorrow,evening,history_plus_fingerprint,sleep_in_bed__roll14_mean
sleep_in_bed,tomorrow,evening,history_plus_fingerprint,sleep_in_bed__roll42_mean
sleep_in_bed,tomorrow,evening,history_plus_fingerprint,sleep_in_bed__roll42_std
sleep_in_bed,tomorrow,evening,history_fingerprint_plus_today,weekday
sleep_in_bed,tomorrow,evening,history_fingerprint_plus_today,is_weekend
sleep_in_bed,tomorrow,evening,history_fingerprint_plus_today,study_day
sleep_in_bed,tomorrow,evening,history_fingerprint_plus_today,sleep_in_bed__yesterday
sleep_in_bed,tomorrow,evening,history_fingerprint_plus_today,sleep_in_bed__roll7_mean
sleep_in_bed,tomorrow,evening,history_fingerprint_plus_today,sleep_in_bed__roll14_mean
sleep_in_bed,tomorrow,evening,history_fingerprint_plus_today,sleep_in_bed__roll42_mean
sleep_in_bed,tomorrow,evening,history_fingerprint_plus_today,sleep_in_bed__roll42_std
sleep_in_bed,tomorrow,evening,history_fingerprint_plus_today,f_slp:fitbit_sleep_summary_rapids_sumdurationinbedmain:morning
sleep_in_bed,tomorrow,evening,history_fingerprint_plus_today,f_slp:fitbit_sleep_summary_rapids_sumdurationinbedmain:afternoon
sleep_in_bed,tomorrow,evening,history_fingerprint_plus_today,f_slp:fitbit_sleep_summary_rapids_sumdurationinbedmain:evening
sleep_in_bed,next_week,morning,calendar_only,weekday
sleep_in_bed,next_week,morning,calendar_only,is_weekend
sleep_in_bed,next_week,morning,calendar_only,study_day
sleep_in_bed,next_week,morning,recent_history_only,weekday
sleep_in_bed,next_week,morning,recent_history_only,is_weekend
sleep_in_bed,next_week,morning,recent_history_only,study_day
sleep_in_bed,next_week,morning,recent_history_only,sleep_in_bed__yesterday
sleep_in_bed,next_week,morning,recent_history_only,sleep_in_bed__roll7_mean
sleep_in_bed,next_week,morning,recent_history_only,sleep_in_bed__roll14_mean
sleep_in_bed,next_week,morning,fingerprint_42d_only,weekday
sleep_in_bed,next_week,morning,fingerprint_42d_only,is_weekend
sleep_in_bed,next_week,morning,fingerprint_42d_only,study_day
sleep_in_bed,next_week,morning,fingerprint_42d_only,sleep_in_bed__roll42_mean
sleep_in_bed,next_week,morning,fingerprint_42d_only,sleep_in_bed__roll42_std
sleep_in_bed,next_week,morning,today_partial_only,weekday
sleep_in_bed,next_week,morning,today_partial_only,is_weekend
sleep_in_bed,next_week,morning,today_partial_only,study_day
sleep_in_bed,next_week,morning,today_partial_only,f_slp:fitbit_sleep_summary_rapids_sumdurationinbedmain:morning
sleep_in_bed,next_week,morning,history_plus_fingerprint,weekday
sleep_in_bed,next_week,morning,history_plus_fingerprint,is_weekend
sleep_in_bed,next_week,morning,history_plus_fingerprint,study_day
sleep_in_bed,next_week,morning,history_plus_fingerprint,sleep_in_bed__yesterday
sleep_in_bed,next_week,morning,history_plus_fingerprint,sleep_in_bed__roll7_mean
sleep_in_bed,next_week,morning,history_plus_fingerprint,sleep_in_bed__roll14_mean
sleep_in_bed,next_week,morning,history_plus_fingerprint,sleep_in_bed__roll42_mean
sleep_in_bed,next_week,morning,history_plus_fingerprint,sleep_in_bed__roll42_std
sleep_in_bed,next_week,morning,history_fingerprint_plus_today,weekday
sleep_in_bed,next_week,morning,history_fingerprint_plus_today,is_weekend
sleep_in_bed,next_week,morning,history_fingerprint_plus_today,study_day
sleep_in_bed,next_week,morning,history_fingerprint_plus_today,sleep_in_bed__yesterday
sleep_in_bed,next_week,morning,history_fingerprint_plus_today,sleep_in_bed__roll7_mean
sleep_in_bed,next_week,morning,history_fingerprint_plus_today,sleep_in_bed__roll14_mean
sleep_in_bed,next_week,morning,history_fingerprint_plus_today,sleep_in_bed__roll42_mean
sleep_in_bed,next_week,morning,history_fingerprint_plus_today,sleep_in_bed__roll42_std
sleep_in_bed,next_week,morning,history_fingerprint_plus_today,f_slp:fitbit_sleep_summary_rapids_sumdurationinbedmain:morning
sleep_in_bed,next_week,afternoon,calendar_only,weekday
sleep_in_bed,next_week,afternoon,calendar_only,is_weekend
sleep_in_bed,next_week,afternoon,calendar_only,study_day
sleep_in_bed,next_week,afternoon,recent_history_only,weekday
sleep_in_bed,next_week,afternoon,recent_history_only,is_weekend
sleep_in_bed,next_week,afternoon,recent_history_only,study_day
sleep_in_bed,next_week,afternoon,recent_history_only,sleep_in_bed__yesterday
sleep_in_bed,next_week,afternoon,recent_history_only,sleep_in_bed__roll7_mean
sleep_in_bed,next_week,afternoon,recent_history_only,sleep_in_bed__roll14_mean
sleep_in_bed,next_week,afternoon,fingerprint_42d_only,weekday
sleep_in_bed,next_week,afternoon,fingerprint_42d_only,is_weekend
sleep_in_bed,next_week,afternoon,fingerprint_42d_only,study_day
sleep_in_bed,next_week,afternoon,fingerprint_42d_only,sleep_in_bed__roll42_mean
sleep_in_bed,next_week,afternoon,fingerprint_42d_only,sleep_in_bed__roll42_std
sleep_in_bed,next_week,afternoon,today_partial_only,weekday
sleep_in_bed,next_week,afternoon,today_partial_only,is_weekend
sleep_in_bed,next_week,afternoon,today_partial_only,study_day
sleep_in_bed,next_week,afternoon,today_partial_only,f_slp:fitbit_sleep_summary_rapids_sumdurationinbedmain:morning
sleep_in_bed,next_week,afternoon,today_partial_only,f_slp:fitbit_sleep_summary_rapids_sumdurationinbedmain:afternoon
sleep_in_bed,next_week,afternoon,history_plus_fingerprint,weekday
sleep_in_bed,next_week,afternoon,history_plus_fingerprint,is_weekend
sleep_in_bed,next_week,afternoon,history_plus_fingerprint,study_day
sleep_in_bed,next_week,afternoon,history_plus_fingerprint,sleep_in_bed__yesterday
sleep_in_bed,next_week,afternoon,history_plus_fingerprint,sleep_in_bed__roll7_mean
sleep_in_bed,next_week,afternoon,history_plus_fingerprint,sleep_in_bed__roll14_mean
sleep_in_bed,next_week,afternoon,history_plus_fingerprint,sleep_in_bed__roll42_mean
sleep_in_bed,next_week,afternoon,history_plus_fingerprint,sleep_in_bed__roll42_std
sleep_in_bed,next_week,afternoon,history_fingerprint_plus_today,weekday
sleep_in_bed,next_week,afternoon,history_fingerprint_plus_today,is_weekend
sleep_in_bed,next_week,afternoon,history_fingerprint_plus_today,study_day
sleep_in_bed,next_week,afternoon,history_fingerprint_plus_today,sleep_in_bed__yesterday
sleep_in_bed,next_week,afternoon,history_fingerprint_plus_today,sleep_in_bed__roll7_mean
sleep_in_bed,next_week,afternoon,history_fingerprint_plus_today,sleep_in_bed__roll14_mean
sleep_in_bed,next_week,afternoon,history_fingerprint_plus_today,sleep_in_bed__roll42_mean
sleep_in_bed,next_week,afternoon,history_fingerprint_plus_today,sleep_in_bed__roll42_std
sleep_in_bed,next_week,afternoon,history_fingerprint_plus_today,f_slp:fitbit_sleep_summary_rapids_sumdurationinbedmain:morning
sleep_in_bed,next_week,afternoon,history_fingerprint_plus_today,f_slp:fitbit_sleep_summary_rapids_sumdurationinbedmain:afternoon
sleep_in_bed,next_week,evening,calendar_only,weekday
sleep_in_bed,next_week,evening,calendar_only,is_weekend
sleep_in_bed,next_week,evening,calendar_only,study_day
sleep_in_bed,next_week,evening,recent_history_only,weekday
sleep_in_bed,next_week,evening,recent_history_only,is_weekend
sleep_in_bed,next_week,evening,recent_history_only,study_day
sleep_in_bed,next_week,evening,recent_history_only,sleep_in_bed__yesterday
sleep_in_bed,next_week,evening,recent_history_only,sleep_in_bed__roll7_mean
sleep_in_bed,next_week,evening,recent_history_only,sleep_in_bed__roll14_mean
sleep_in_bed,next_week,evening,fingerprint_42d_only,weekday
sleep_in_bed,next_week,evening,fingerprint_42d_only,is_weekend
sleep_in_bed,next_week,evening,fingerprint_42d_only,study_day
sleep_in_bed,next_week,evening,fingerprint_42d_only,sleep_in_bed__roll42_mean
sleep_in_bed,next_week,evening,fingerprint_42d_only,sleep_in_bed__roll42_std
sleep_in_bed,next_week,evening,today_partial_only,weekday
sleep_in_bed,next_week,evening,today_partial_only,is_weekend
sleep_in_bed,next_week,evening,today_partial_only,study_day
sleep_in_bed,next_week,evening,today_partial_only,f_slp:fitbit_sleep_summary_rapids_sumdurationinbedmain:morning
sleep_in_bed,next_week,evening,today_partial_only,f_slp:fitbit_sleep_summary_rapids_sumdurationinbedmain:afternoon
sleep_in_bed,next_week,evening,today_partial_only,f_slp:fitbit_sleep_summary_rapids_sumdurationinbedmain:evening
sleep_in_bed,next_week,evening,history_plus_fingerprint,weekday
sleep_in_bed,next_week,evening,history_plus_fingerprint,is_weekend
sleep_in_bed,next_week,evening,history_plus_fingerprint,study_day
sleep_in_bed,next_week,evening,history_plus_fingerprint,sleep_in_bed__yesterday
sleep_in_bed,next_week,evening,history_plus_fingerprint,sleep_in_bed__roll7_mean
sleep_in_bed,next_week,evening,history_plus_fingerprint,sleep_in_bed__roll14_mean
sleep_in_bed,next_week,evening,history_plus_fingerprint,sleep_in_bed__roll42_mean
sleep_in_bed,next_week,evening,history_plus_fingerprint,sleep_in_bed__roll42_std
sleep_in_bed,next_week,evening,history_fingerprint_plus_today,weekday
sleep_in_bed,next_week,evening,history_fingerprint_plus_today,is_weekend
sleep_in_bed,next_week,evening,history_fingerprint_plus_today,study_day
sleep_in_bed,next_week,evening,history_fingerprint_plus_today,sleep_in_bed__yesterday
sleep_in_bed,next_week,evening,history_fingerprint_plus_today,sleep_in_bed__roll7_mean
sleep_in_bed,next_week,evening,history_fingerprint_plus_today,sleep_in_bed__roll14_mean
sleep_in_bed,next_week,evening,history_fingerprint_plus_today,sleep_in_bed__roll42_mean
sleep_in_bed,next_week,evening,history_fingerprint_plus_today,sleep_in_bed__roll42_std
sleep_in_bed,next_week,evening,history_fingerprint_plus_today,f_slp:fitbit_sleep_summary_rapids_sumdurationinbedmain:morning
sleep_in_bed,next_week,evening,history_fingerprint_plus_today,f_slp:fitbit_sleep_summary_rapids_sumdurationinbedmain:afternoon
sleep_in_bed,next_week,evening,history_fingerprint_plus_today,f_slp:fitbit_sleep_summary_rapids_sumdurationinbedmain:evening
sleep_efficiency,tomorrow,morning,calendar_only,weekday
sleep_efficiency,tomorrow,morning,calendar_only,is_weekend
sleep_efficiency,tomorrow,morning,calendar_only,study_day
sleep_efficiency,tomorrow,morning,recent_history_only,weekday
sleep_efficiency,tomorrow,morning,recent_history_only,is_weekend
sleep_efficiency,tomorrow,morning,recent_history_only,study_day
sleep_efficiency,tomorrow,morning,recent_history_only,sleep_efficiency__yesterday
sleep_efficiency,tomorrow,morning,recent_history_only,sleep_efficiency__roll7_mean
sleep_efficiency,tomorrow,morning,recent_history_only,sleep_efficiency__roll14_mean
sleep_efficiency,tomorrow,morning,fingerprint_42d_only,weekday
sleep_efficiency,tomorrow,morning,fingerprint_42d_only,is_weekend
sleep_efficiency,tomorrow,morning,fingerprint_42d_only,study_day
sleep_efficiency,tomorrow,morning,fingerprint_42d_only,sleep_efficiency__roll42_mean
sleep_efficiency,tomorrow,morning,fingerprint_42d_only,sleep_efficiency__roll42_std
sleep_efficiency,tomorrow,morning,today_partial_only,weekday
sleep_efficiency,tomorrow,morning,today_partial_only,is_weekend
sleep_efficiency,tomorrow,morning,today_partial_only,study_day
sleep_efficiency,tomorrow,morning,today_partial_only,f_slp:fitbit_sleep_summary_rapids_avgefficiencymain:morning
sleep_efficiency,tomorrow,morning,history_plus_fingerprint,weekday
sleep_efficiency,tomorrow,morning,history_plus_fingerprint,is_weekend
sleep_efficiency,tomorrow,morning,history_plus_fingerprint,study_day
sleep_efficiency,tomorrow,morning,history_plus_fingerprint,sleep_efficiency__yesterday
sleep_efficiency,tomorrow,morning,history_plus_fingerprint,sleep_efficiency__roll7_mean
sleep_efficiency,tomorrow,morning,history_plus_fingerprint,sleep_efficiency__roll14_mean
sleep_efficiency,tomorrow,morning,history_plus_fingerprint,sleep_efficiency__roll42_mean
sleep_efficiency,tomorrow,morning,history_plus_fingerprint,sleep_efficiency__roll42_std
sleep_efficiency,tomorrow,morning,history_fingerprint_plus_today,weekday
sleep_efficiency,tomorrow,morning,history_fingerprint_plus_today,is_weekend
sleep_efficiency,tomorrow,morning,history_fingerprint_plus_today,study_day
sleep_efficiency,tomorrow,morning,history_fingerprint_plus_today,sleep_efficiency__yesterday
sleep_efficiency,tomorrow,morning,history_fingerprint_plus_today,sleep_efficiency__roll7_mean
sleep_efficiency,tomorrow,morning,history_fingerprint_plus_today,sleep_efficiency__roll14_mean
sleep_efficiency,tomorrow,morning,history_fingerprint_plus_today,sleep_efficiency__roll42_mean
sleep_efficiency,tomorrow,morning,history_fingerprint_plus_today,sleep_efficiency__roll42_std
sleep_efficiency,tomorrow,morning,history_fingerprint_plus_today,f_slp:fitbit_sleep_summary_rapids_avgefficiencymain:morning
sleep_efficiency,tomorrow,afternoon,calendar_only,weekday
sleep_efficiency,tomorrow,afternoon,calendar_only,is_weekend
sleep_efficiency,tomorrow,afternoon,calendar_only,study_day
sleep_efficiency,tomorrow,afternoon,recent_history_only,weekday
sleep_efficiency,tomorrow,afternoon,recent_history_only,is_weekend
sleep_efficiency,tomorrow,afternoon,recent_history_only,study_day
sleep_efficiency,tomorrow,afternoon,recent_history_only,sleep_efficiency__yesterday
sleep_efficiency,tomorrow,afternoon,recent_history_only,sleep_efficiency__roll7_mean
sleep_efficiency,tomorrow,afternoon,recent_history_only,sleep_efficiency__roll14_mean
sleep_efficiency,tomorrow,afternoon,fingerprint_42d_only,weekday
sleep_efficiency,tomorrow,afternoon,fingerprint_42d_only,is_weekend
sleep_efficiency,tomorrow,afternoon,fingerprint_42d_only,study_day
sleep_efficiency,tomorrow,afternoon,fingerprint_42d_only,sleep_efficiency__roll42_mean
sleep_efficiency,tomorrow,afternoon,fingerprint_42d_only,sleep_efficiency__roll42_std
sleep_efficiency,tomorrow,afternoon,today_partial_only,weekday
sleep_efficiency,tomorrow,afternoon,today_partial_only,is_weekend
sleep_efficiency,tomorrow,afternoon,today_partial_only,study_day
sleep_efficiency,tomorrow,afternoon,today_partial_only,f_slp:fitbit_sleep_summary_rapids_avgefficiencymain:morning
sleep_efficiency,tomorrow,afternoon,today_partial_only,f_slp:fitbit_sleep_summary_rapids_avgefficiencymain:afternoon
sleep_efficiency,tomorrow,afternoon,history_plus_fingerprint,weekday
sleep_efficiency,tomorrow,afternoon,history_plus_fingerprint,is_weekend
sleep_efficiency,tomorrow,afternoon,history_plus_fingerprint,study_day
sleep_efficiency,tomorrow,afternoon,history_plus_fingerprint,sleep_efficiency__yesterday
sleep_efficiency,tomorrow,afternoon,history_plus_fingerprint,sleep_efficiency__roll7_mean
sleep_efficiency,tomorrow,afternoon,history_plus_fingerprint,sleep_efficiency__roll14_mean
sleep_efficiency,tomorrow,afternoon,history_plus_fingerprint,sleep_efficiency__roll42_mean
sleep_efficiency,tomorrow,afternoon,history_plus_fingerprint,sleep_efficiency__roll42_std
sleep_efficiency,tomorrow,afternoon,history_fingerprint_plus_today,weekday
sleep_efficiency,tomorrow,afternoon,history_fingerprint_plus_today,is_weekend
sleep_efficiency,tomorrow,afternoon,history_fingerprint_plus_today,study_day
sleep_efficiency,tomorrow,afternoon,history_fingerprint_plus_today,sleep_efficiency__yesterday
sleep_efficiency,tomorrow,afternoon,history_fingerprint_plus_today,sleep_efficiency__roll7_mean
sleep_efficiency,tomorrow,afternoon,history_fingerprint_plus_today,sleep_efficiency__roll14_mean
sleep_efficiency,tomorrow,afternoon,history_fingerprint_plus_today,sleep_efficiency__roll42_mean
sleep_efficiency,tomorrow,afternoon,history_fingerprint_plus_today,sleep_efficiency__roll42_std
sleep_efficiency,tomorrow,afternoon,history_fingerprint_plus_today,f_slp:fitbit_sleep_summary_rapids_avgefficiencymain:morning
sleep_efficiency,tomorrow,afternoon,history_fingerprint_plus_today,f_slp:fitbit_sleep_summary_rapids_avgefficiencymain:afternoon
sleep_efficiency,tomorrow,evening,calendar_only,weekday
sleep_efficiency,tomorrow,evening,calendar_only,is_weekend
sleep_efficiency,tomorrow,evening,calendar_only,study_day
sleep_efficiency,tomorrow,evening,recent_history_only,weekday
sleep_efficiency,tomorrow,evening,recent_history_only,is_weekend
sleep_efficiency,tomorrow,evening,recent_history_only,study_day
sleep_efficiency,tomorrow,evening,recent_history_only,sleep_efficiency__yesterday
sleep_efficiency,tomorrow,evening,recent_history_only,sleep_efficiency__roll7_mean
sleep_efficiency,tomorrow,evening,recent_history_only,sleep_efficiency__roll14_mean
sleep_efficiency,tomorrow,evening,fingerprint_42d_only,weekday
sleep_efficiency,tomorrow,evening,fingerprint_42d_only,is_weekend
sleep_efficiency,tomorrow,evening,fingerprint_42d_only,study_day
sleep_efficiency,tomorrow,evening,fingerprint_42d_only,sleep_efficiency__roll42_mean
sleep_efficiency,tomorrow,evening,fingerprint_42d_only,sleep_efficiency__roll42_std
sleep_efficiency,tomorrow,evening,today_partial_only,weekday
sleep_efficiency,tomorrow,evening,today_partial_only,is_weekend
sleep_efficiency,tomorrow,evening,today_partial_only,study_day
sleep_efficiency,tomorrow,evening,today_partial_only,f_slp:fitbit_sleep_summary_rapids_avgefficiencymain:morning
sleep_efficiency,tomorrow,evening,today_partial_only,f_slp:fitbit_sleep_summary_rapids_avgefficiencymain:afternoon
sleep_efficiency,tomorrow,evening,today_partial_only,f_slp:fitbit_sleep_summary_rapids_avgefficiencymain:evening
sleep_efficiency,tomorrow,evening,history_plus_fingerprint,weekday
sleep_efficiency,tomorrow,evening,history_plus_fingerprint,is_weekend
sleep_efficiency,tomorrow,evening,history_plus_fingerprint,study_day
sleep_efficiency,tomorrow,evening,history_plus_fingerprint,sleep_efficiency__yesterday
sleep_efficiency,tomorrow,evening,history_plus_fingerprint,sleep_efficiency__roll7_mean
sleep_efficiency,tomorrow,evening,history_plus_fingerprint,sleep_efficiency__roll14_mean
sleep_efficiency,tomorrow,evening,history_plus_fingerprint,sleep_efficiency__roll42_mean
sleep_efficiency,tomorrow,evening,history_plus_fingerprint,sleep_efficiency__roll42_std
sleep_efficiency,tomorrow,evening,history_fingerprint_plus_today,weekday
sleep_efficiency,tomorrow,evening,history_fingerprint_plus_today,is_weekend
sleep_efficiency,tomorrow,evening,history_fingerprint_plus_today,study_day
sleep_efficiency,tomorrow,evening,history_fingerprint_plus_today,sleep_efficiency__yesterday
sleep_efficiency,tomorrow,evening,history_fingerprint_plus_today,sleep_efficiency__roll7_mean
sleep_efficiency,tomorrow,evening,history_fingerprint_plus_today,sleep_efficiency__roll14_mean
sleep_efficiency,tomorrow,evening,history_fingerprint_plus_today,sleep_efficiency__roll42_mean
sleep_efficiency,tomorrow,evening,history_fingerprint_plus_today,sleep_efficiency__roll42_std
sleep_efficiency,tomorrow,evening,history_fingerprint_plus_today,f_slp:fitbit_sleep_summary_rapids_avgefficiencymain:morning
sleep_efficiency,tomorrow,evening,history_fingerprint_plus_today,f_slp:fitbit_sleep_summary_rapids_avgefficiencymain:afternoon
sleep_efficiency,tomorrow,evening,history_fingerprint_plus_today,f_slp:fitbit_sleep_summary_rapids_avgefficiencymain:evening
sleep_efficiency,next_week,morning,calendar_only,weekday
sleep_efficiency,next_week,morning,calendar_only,is_weekend
sleep_efficiency,next_week,morning,calendar_only,study_day
sleep_efficiency,next_week,morning,recent_history_only,weekday
sleep_efficiency,next_week,morning,recent_history_only,is_weekend
sleep_efficiency,next_week,morning,recent_history_only,study_day
sleep_efficiency,next_week,morning,recent_history_only,sleep_efficiency__yesterday
sleep_efficiency,next_week,morning,recent_history_only,sleep_efficiency__roll7_mean
sleep_efficiency,next_week,morning,recent_history_only,sleep_efficiency__roll14_mean
sleep_efficiency,next_week,morning,fingerprint_42d_only,weekday
sleep_efficiency,next_week,morning,fingerprint_42d_only,is_weekend
sleep_efficiency,next_week,morning,fingerprint_42d_only,study_day
sleep_efficiency,next_week,morning,fingerprint_42d_only,sleep_efficiency__roll42_mean
sleep_efficiency,next_week,morning,fingerprint_42d_only,sleep_efficiency__roll42_std
sleep_efficiency,next_week,morning,today_partial_only,weekday
sleep_efficiency,next_week,morning,today_partial_only,is_weekend
sleep_efficiency,next_week,morning,today_partial_only,study_day
sleep_efficiency,next_week,morning,today_partial_only,f_slp:fitbit_sleep_summary_rapids_avgefficiencymain:morning
sleep_efficiency,next_week,morning,history_plus_fingerprint,weekday
sleep_efficiency,next_week,morning,history_plus_fingerprint,is_weekend
sleep_efficiency,next_week,morning,history_plus_fingerprint,study_day
sleep_efficiency,next_week,morning,history_plus_fingerprint,sleep_efficiency__yesterday
sleep_efficiency,next_week,morning,history_plus_fingerprint,sleep_efficiency__roll7_mean
sleep_efficiency,next_week,morning,history_plus_fingerprint,sleep_efficiency__roll14_mean
sleep_efficiency,next_week,morning,history_plus_fingerprint,sleep_efficiency__roll42_mean
sleep_efficiency,next_week,morning,history_plus_fingerprint,sleep_efficiency__roll42_std
sleep_efficiency,next_week,morning,history_fingerprint_plus_today,weekday
sleep_efficiency,next_week,morning,history_fingerprint_plus_today,is_weekend
sleep_efficiency,next_week,morning,history_fingerprint_plus_today,study_day
sleep_efficiency,next_week,morning,history_fingerprint_plus_today,sleep_efficiency__yesterday
sleep_efficiency,next_week,morning,history_fingerprint_plus_today,sleep_efficiency__roll7_mean
sleep_efficiency,next_week,morning,history_fingerprint_plus_today,sleep_efficiency__roll14_mean
sleep_efficiency,next_week,morning,history_fingerprint_plus_today,sleep_efficiency__roll42_mean
sleep_efficiency,next_week,morning,history_fingerprint_plus_today,sleep_efficiency__roll42_std
sleep_efficiency,next_week,morning,history_fingerprint_plus_today,f_slp:fitbit_sleep_summary_rapids_avgefficiencymain:morning
sleep_efficiency,next_week,afternoon,calendar_only,weekday
sleep_efficiency,next_week,afternoon,calendar_only,is_weekend
sleep_efficiency,next_week,afternoon,calendar_only,study_day
sleep_efficiency,next_week,afternoon,recent_history_only,weekday
sleep_efficiency,next_week,afternoon,recent_history_only,is_weekend
sleep_efficiency,next_week,afternoon,recent_history_only,study_day
sleep_efficiency,next_week,afternoon,recent_history_only,sleep_efficiency__yesterday
sleep_efficiency,next_week,afternoon,recent_history_only,sleep_efficiency__roll7_mean
sleep_efficiency,next_week,afternoon,recent_history_only,sleep_efficiency__roll14_mean
sleep_efficiency,next_week,afternoon,fingerprint_42d_only,weekday
sleep_efficiency,next_week,afternoon,fingerprint_42d_only,is_weekend
sleep_efficiency,next_week,afternoon,fingerprint_42d_only,study_day
sleep_efficiency,next_week,afternoon,fingerprint_42d_only,sleep_efficiency__roll42_mean
sleep_efficiency,next_week,afternoon,fingerprint_42d_only,sleep_efficiency__roll42_std
sleep_efficiency,next_week,afternoon,today_partial_only,weekday
sleep_efficiency,next_week,afternoon,today_partial_only,is_weekend
sleep_efficiency,next_week,afternoon,today_partial_only,study_day
sleep_efficiency,next_week,afternoon,today_partial_only,f_slp:fitbit_sleep_summary_rapids_avgefficiencymain:morning
sleep_efficiency,next_week,afternoon,today_partial_only,f_slp:fitbit_sleep_summary_rapids_avgefficiencymain:afternoon
sleep_efficiency,next_week,afternoon,history_plus_fingerprint,weekday
sleep_efficiency,next_week,afternoon,history_plus_fingerprint,is_weekend
sleep_efficiency,next_week,afternoon,history_plus_fingerprint,study_day
sleep_efficiency,next_week,afternoon,history_plus_fingerprint,sleep_efficiency__yesterday
sleep_efficiency,next_week,afternoon,history_plus_fingerprint,sleep_efficiency__roll7_mean
sleep_efficiency,next_week,afternoon,history_plus_fingerprint,sleep_efficiency__roll14_mean
sleep_efficiency,next_week,afternoon,history_plus_fingerprint,sleep_efficiency__roll42_mean
sleep_efficiency,next_week,afternoon,history_plus_fingerprint,sleep_efficiency__roll42_std
sleep_efficiency,next_week,afternoon,history_fingerprint_plus_today,weekday
sleep_efficiency,next_week,afternoon,history_fingerprint_plus_today,is_weekend
sleep_efficiency,next_week,afternoon,history_fingerprint_plus_today,study_day
sleep_efficiency,next_week,afternoon,history_fingerprint_plus_today,sleep_efficiency__yesterday
sleep_efficiency,next_week,afternoon,history_fingerprint_plus_today,sleep_efficiency__roll7_mean
sleep_efficiency,next_week,afternoon,history_fingerprint_plus_today,sleep_efficiency__roll14_mean
sleep_efficiency,next_week,afternoon,history_fingerprint_plus_today,sleep_efficiency__roll42_mean
sleep_efficiency,next_week,afternoon,history_fingerprint_plus_today,sleep_efficiency__roll42_std
sleep_efficiency,next_week,afternoon,history_fingerprint_plus_today,f_slp:fitbit_sleep_summary_rapids_avgefficiencymain:morning
sleep_efficiency,next_week,afternoon,history_fingerprint_plus_today,f_slp:fitbit_sleep_summary_rapids_avgefficiencymain:afternoon
sleep_efficiency,next_week,evening,calendar_only,weekday
sleep_efficiency,next_week,evening,calendar_only,is_weekend
sleep_efficiency,next_week,evening,calendar_only,study_day
sleep_efficiency,next_week,evening,recent_history_only,weekday
sleep_efficiency,next_week,evening,recent_history_only,is_weekend
sleep_efficiency,next_week,evening,recent_history_only,study_day
sleep_efficiency,next_week,evening,recent_history_only,sleep_efficiency__yesterday
sleep_efficiency,next_week,evening,recent_history_only,sleep_efficiency__roll7_mean
sleep_efficiency,next_week,evening,recent_history_only,sleep_efficiency__roll14_mean
sleep_efficiency,next_week,evening,fingerprint_42d_only,weekday
sleep_efficiency,next_week,evening,fingerprint_42d_only,is_weekend
sleep_efficiency,next_week,evening,fingerprint_42d_only,study_day
sleep_efficiency,next_week,evening,fingerprint_42d_only,sleep_efficiency__roll42_mean
sleep_efficiency,next_week,evening,fingerprint_42d_only,sleep_efficiency__roll42_std
sleep_efficiency,next_week,evening,today_partial_only,weekday
sleep_efficiency,next_week,evening,today_partial_only,is_weekend
sleep_efficiency,next_week,evening,today_partial_only,study_day
sleep_efficiency,next_week,evening,today_partial_only,f_slp:fitbit_sleep_summary_rapids_avgefficiencymain:morning
sleep_efficiency,next_week,evening,today_partial_only,f_slp:fitbit_sleep_summary_rapids_avgefficiencymain:afternoon
sleep_efficiency,next_week,evening,today_partial_only,f_slp:fitbit_sleep_summary_rapids_avgefficiencymain:evening
sleep_efficiency,next_week,evening,history_plus_fingerprint,weekday
sleep_efficiency,next_week,evening,history_plus_fingerprint,is_weekend
sleep_efficiency,next_week,evening,history_plus_fingerprint,study_day
sleep_efficiency,next_week,evening,history_plus_fingerprint,sleep_efficiency__yesterday
sleep_efficiency,next_week,evening,history_plus_fingerprint,sleep_efficiency__roll7_mean
sleep_efficiency,next_week,evening,history_plus_fingerprint,sleep_efficiency__roll14_mean
sleep_efficiency,next_week,evening,history_plus_fingerprint,sleep_efficiency__roll42_mean
sleep_efficiency,next_week,evening,history_plus_fingerprint,sleep_efficiency__roll42_std
sleep_efficiency,next_week,evening,history_fingerprint_plus_today,weekday
sleep_efficiency,next_week,evening,history_fingerprint_plus_today,is_weekend
sleep_efficiency,next_week,evening,history_fingerprint_plus_today,study_day
sleep_efficiency,next_week,evening,history_fingerprint_plus_today,sleep_efficiency__yesterday
sleep_efficiency,next_week,evening,history_fingerprint_plus_today,sleep_efficiency__roll7_mean
sleep_efficiency,next_week,evening,history_fingerprint_plus_today,sleep_efficiency__roll14_mean
sleep_efficiency,next_week,evening,history_fingerprint_plus_today,sleep_efficiency__roll42_mean
sleep_efficiency,next_week,evening,history_fingerprint_plus_today,sleep_efficiency__roll42_std
sleep_efficiency,next_week,evening,history_fingerprint_plus_today,f_slp:fitbit_sleep_summary_rapids_avgefficiencymain:morning
sleep_efficiency,next_week,evening,history_fingerprint_plus_today,f_slp:fitbit_sleep_summary_rapids_avgefficiencymain:afternoon
sleep_efficiency,next_week,evening,history_fingerprint_plus_today,f_slp:fitbit_sleep_summary_rapids_avgefficiencymain:evening
location_home_time,tomorrow,morning,calendar_only,weekday
location_home_time,tomorrow,morning,calendar_only,is_weekend
location_home_time,tomorrow,morning,calendar_only,study_day
location_home_time,tomorrow,morning,recent_history_only,weekday
location_home_time,tomorrow,morning,recent_history_only,is_weekend
location_home_time,tomorrow,morning,recent_history_only,study_day
location_home_time,tomorrow,morning,recent_history_only,location_home_time__yesterday
location_home_time,tomorrow,morning,recent_history_only,location_home_time__roll7_mean
location_home_time,tomorrow,morning,recent_history_only,location_home_time__roll14_mean
location_home_time,tomorrow,morning,fingerprint_42d_only,weekday
location_home_time,tomorrow,morning,fingerprint_42d_only,is_weekend
location_home_time,tomorrow,morning,fingerprint_42d_only,study_day
location_home_time,tomorrow,morning,fingerprint_42d_only,location_home_time__roll42_mean
location_home_time,tomorrow,morning,fingerprint_42d_only,location_home_time__roll42_std
location_home_time,tomorrow,morning,today_partial_only,weekday
location_home_time,tomorrow,morning,today_partial_only,is_weekend
location_home_time,tomorrow,morning,today_partial_only,study_day
location_home_time,tomorrow,morning,today_partial_only,f_loc:phone_locations_barnett_hometime:morning
location_home_time,tomorrow,morning,history_plus_fingerprint,weekday
location_home_time,tomorrow,morning,history_plus_fingerprint,is_weekend
location_home_time,tomorrow,morning,history_plus_fingerprint,study_day
location_home_time,tomorrow,morning,history_plus_fingerprint,location_home_time__yesterday
location_home_time,tomorrow,morning,history_plus_fingerprint,location_home_time__roll7_mean
location_home_time,tomorrow,morning,history_plus_fingerprint,location_home_time__roll14_mean
location_home_time,tomorrow,morning,history_plus_fingerprint,location_home_time__roll42_mean
location_home_time,tomorrow,morning,history_plus_fingerprint,location_home_time__roll42_std
location_home_time,tomorrow,morning,history_fingerprint_plus_today,weekday
location_home_time,tomorrow,morning,history_fingerprint_plus_today,is_weekend
location_home_time,tomorrow,morning,history_fingerprint_plus_today,study_day
location_home_time,tomorrow,morning,history_fingerprint_plus_today,location_home_time__yesterday
location_home_time,tomorrow,morning,history_fingerprint_plus_today,location_home_time__roll7_mean
location_home_time,tomorrow,morning,history_fingerprint_plus_today,location_home_time__roll14_mean
location_home_time,tomorrow,morning,history_fingerprint_plus_today,location_home_time__roll42_mean
location_home_time,tomorrow,morning,history_fingerprint_plus_today,location_home_time__roll42_std
location_home_time,tomorrow,morning,history_fingerprint_plus_today,f_loc:phone_locations_barnett_hometime:morning
location_home_time,tomorrow,afternoon,calendar_only,weekday
location_home_time,tomorrow,afternoon,calendar_only,is_weekend
location_home_time,tomorrow,afternoon,calendar_only,study_day
location_home_time,tomorrow,afternoon,recent_history_only,weekday
location_home_time,tomorrow,afternoon,recent_history_only,is_weekend
location_home_time,tomorrow,afternoon,recent_history_only,study_day
location_home_time,tomorrow,afternoon,recent_history_only,location_home_time__yesterday
location_home_time,tomorrow,afternoon,recent_history_only,location_home_time__roll7_mean
location_home_time,tomorrow,afternoon,recent_history_only,location_home_time__roll14_mean
location_home_time,tomorrow,afternoon,fingerprint_42d_only,weekday
location_home_time,tomorrow,afternoon,fingerprint_42d_only,is_weekend
location_home_time,tomorrow,afternoon,fingerprint_42d_only,study_day
location_home_time,tomorrow,afternoon,fingerprint_42d_only,location_home_time__roll42_mean
location_home_time,tomorrow,afternoon,fingerprint_42d_only,location_home_time__roll42_std
location_home_time,tomorrow,afternoon,today_partial_only,weekday
location_home_time,tomorrow,afternoon,today_partial_only,is_weekend
location_home_time,tomorrow,afternoon,today_partial_only,study_day
location_home_time,tomorrow,afternoon,today_partial_only,f_loc:phone_locations_barnett_hometime:morning
location_home_time,tomorrow,afternoon,today_partial_only,f_loc:phone_locations_barnett_hometime:afternoon
location_home_time,tomorrow,afternoon,history_plus_fingerprint,weekday
location_home_time,tomorrow,afternoon,history_plus_fingerprint,is_weekend
location_home_time,tomorrow,afternoon,history_plus_fingerprint,study_day
location_home_time,tomorrow,afternoon,history_plus_fingerprint,location_home_time__yesterday
location_home_time,tomorrow,afternoon,history_plus_fingerprint,location_home_time__roll7_mean
location_home_time,tomorrow,afternoon,history_plus_fingerprint,location_home_time__roll14_mean
location_home_time,tomorrow,afternoon,history_plus_fingerprint,location_home_time__roll42_mean
location_home_time,tomorrow,afternoon,history_plus_fingerprint,location_home_time__roll42_std
location_home_time,tomorrow,afternoon,history_fingerprint_plus_today,weekday
location_home_time,tomorrow,afternoon,history_fingerprint_plus_today,is_weekend
location_home_time,tomorrow,afternoon,history_fingerprint_plus_today,study_day
location_home_time,tomorrow,afternoon,history_fingerprint_plus_today,location_home_time__yesterday
location_home_time,tomorrow,afternoon,history_fingerprint_plus_today,location_home_time__roll7_mean
location_home_time,tomorrow,afternoon,history_fingerprint_plus_today,location_home_time__roll14_mean
location_home_time,tomorrow,afternoon,history_fingerprint_plus_today,location_home_time__roll42_mean
location_home_time,tomorrow,afternoon,history_fingerprint_plus_today,location_home_time__roll42_std
location_home_time,tomorrow,afternoon,history_fingerprint_plus_today,f_loc:phone_locations_barnett_hometime:morning
location_home_time,tomorrow,afternoon,history_fingerprint_plus_today,f_loc:phone_locations_barnett_hometime:afternoon
location_home_time,tomorrow,evening,calendar_only,weekday
location_home_time,tomorrow,evening,calendar_only,is_weekend
location_home_time,tomorrow,evening,calendar_only,study_day
location_home_time,tomorrow,evening,recent_history_only,weekday
location_home_time,tomorrow,evening,recent_history_only,is_weekend
location_home_time,tomorrow,evening,recent_history_only,study_day
location_home_time,tomorrow,evening,recent_history_only,location_home_time__yesterday
location_home_time,tomorrow,evening,recent_history_only,location_home_time__roll7_mean
location_home_time,tomorrow,evening,recent_history_only,location_home_time__roll14_mean
location_home_time,tomorrow,evening,fingerprint_42d_only,weekday
location_home_time,tomorrow,evening,fingerprint_42d_only,is_weekend
location_home_time,tomorrow,evening,fingerprint_42d_only,study_day
location_home_time,tomorrow,evening,fingerprint_42d_only,location_home_time__roll42_mean
location_home_time,tomorrow,evening,fingerprint_42d_only,location_home_time__roll42_std
location_home_time,tomorrow,evening,today_partial_only,weekday
location_home_time,tomorrow,evening,today_partial_only,is_weekend
location_home_time,tomorrow,evening,today_partial_only,study_day
location_home_time,tomorrow,evening,today_partial_only,f_loc:phone_locations_barnett_hometime:morning
location_home_time,tomorrow,evening,today_partial_only,f_loc:phone_locations_barnett_hometime:afternoon
location_home_time,tomorrow,evening,today_partial_only,f_loc:phone_locations_barnett_hometime:evening
location_home_time,tomorrow,evening,history_plus_fingerprint,weekday
location_home_time,tomorrow,evening,history_plus_fingerprint,is_weekend
location_home_time,tomorrow,evening,history_plus_fingerprint,study_day
location_home_time,tomorrow,evening,history_plus_fingerprint,location_home_time__yesterday
location_home_time,tomorrow,evening,history_plus_fingerprint,location_home_time__roll7_mean
location_home_time,tomorrow,evening,history_plus_fingerprint,location_home_time__roll14_mean
location_home_time,tomorrow,evening,history_plus_fingerprint,location_home_time__roll42_mean
location_home_time,tomorrow,evening,history_plus_fingerprint,location_home_time__roll42_std
location_home_time,tomorrow,evening,history_fingerprint_plus_today,weekday
location_home_time,tomorrow,evening,history_fingerprint_plus_today,is_weekend
location_home_time,tomorrow,evening,history_fingerprint_plus_today,study_day
location_home_time,tomorrow,evening,history_fingerprint_plus_today,location_home_time__yesterday
location_home_time,tomorrow,evening,history_fingerprint_plus_today,location_home_time__roll7_mean
location_home_time,tomorrow,evening,history_fingerprint_plus_today,location_home_time__roll14_mean
location_home_time,tomorrow,evening,history_fingerprint_plus_today,location_home_time__roll42_mean
location_home_time,tomorrow,evening,history_fingerprint_plus_today,location_home_time__roll42_std
location_home_time,tomorrow,evening,history_fingerprint_plus_today,f_loc:phone_locations_barnett_hometime:morning
location_home_time,tomorrow,evening,history_fingerprint_plus_today,f_loc:phone_locations_barnett_hometime:afternoon
location_home_time,tomorrow,evening,history_fingerprint_plus_today,f_loc:phone_locations_barnett_hometime:evening
location_home_time,next_week,morning,calendar_only,weekday
location_home_time,next_week,morning,calendar_only,is_weekend
location_home_time,next_week,morning,calendar_only,study_day
location_home_time,next_week,morning,recent_history_only,weekday
location_home_time,next_week,morning,recent_history_only,is_weekend
location_home_time,next_week,morning,recent_history_only,study_day
location_home_time,next_week,morning,recent_history_only,location_home_time__yesterday
location_home_time,next_week,morning,recent_history_only,location_home_time__roll7_mean
location_home_time,next_week,morning,recent_history_only,location_home_time__roll14_mean
location_home_time,next_week,morning,fingerprint_42d_only,weekday
location_home_time,next_week,morning,fingerprint_42d_only,is_weekend
location_home_time,next_week,morning,fingerprint_42d_only,study_day
location_home_time,next_week,morning,fingerprint_42d_only,location_home_time__roll42_mean
location_home_time,next_week,morning,fingerprint_42d_only,location_home_time__roll42_std
location_home_time,next_week,morning,today_partial_only,weekday
location_home_time,next_week,morning,today_partial_only,is_weekend
location_home_time,next_week,morning,today_partial_only,study_day
location_home_time,next_week,morning,today_partial_only,f_loc:phone_locations_barnett_hometime:morning
location_home_time,next_week,morning,history_plus_fingerprint,weekday
location_home_time,next_week,morning,history_plus_fingerprint,is_weekend
location_home_time,next_week,morning,history_plus_fingerprint,study_day
location_home_time,next_week,morning,history_plus_fingerprint,location_home_time__yesterday
location_home_time,next_week,morning,history_plus_fingerprint,location_home_time__roll7_mean
location_home_time,next_week,morning,history_plus_fingerprint,location_home_time__roll14_mean
location_home_time,next_week,morning,history_plus_fingerprint,location_home_time__roll42_mean
location_home_time,next_week,morning,history_plus_fingerprint,location_home_time__roll42_std
location_home_time,next_week,morning,history_fingerprint_plus_today,weekday
location_home_time,next_week,morning,history_fingerprint_plus_today,is_weekend
location_home_time,next_week,morning,history_fingerprint_plus_today,study_day
location_home_time,next_week,morning,history_fingerprint_plus_today,location_home_time__yesterday
location_home_time,next_week,morning,history_fingerprint_plus_today,location_home_time__roll7_mean
location_home_time,next_week,morning,history_fingerprint_plus_today,location_home_time__roll14_mean
location_home_time,next_week,morning,history_fingerprint_plus_today,location_home_time__roll42_mean
location_home_time,next_week,morning,history_fingerprint_plus_today,location_home_time__roll42_std
location_home_time,next_week,morning,history_fingerprint_plus_today,f_loc:phone_locations_barnett_hometime:morning
location_home_time,next_week,afternoon,calendar_only,weekday
location_home_time,next_week,afternoon,calendar_only,is_weekend
location_home_time,next_week,afternoon,calendar_only,study_day
location_home_time,next_week,afternoon,recent_history_only,weekday
location_home_time,next_week,afternoon,recent_history_only,is_weekend
location_home_time,next_week,afternoon,recent_history_only,study_day
location_home_time,next_week,afternoon,recent_history_only,location_home_time__yesterday
location_home_time,next_week,afternoon,recent_history_only,location_home_time__roll7_mean
location_home_time,next_week,afternoon,recent_history_only,location_home_time__roll14_mean
location_home_time,next_week,afternoon,fingerprint_42d_only,weekday
location_home_time,next_week,afternoon,fingerprint_42d_only,is_weekend
location_home_time,next_week,afternoon,fingerprint_42d_only,study_day
location_home_time,next_week,afternoon,fingerprint_42d_only,location_home_time__roll42_mean
location_home_time,next_week,afternoon,fingerprint_42d_only,location_home_time__roll42_std
location_home_time,next_week,afternoon,today_partial_only,weekday
location_home_time,next_week,afternoon,today_partial_only,is_weekend
location_home_time,next_week,afternoon,today_partial_only,study_day
location_home_time,next_week,afternoon,today_partial_only,f_loc:phone_locations_barnett_hometime:morning
location_home_time,next_week,afternoon,today_partial_only,f_loc:phone_locations_barnett_hometime:afternoon
location_home_time,next_week,afternoon,history_plus_fingerprint,weekday
location_home_time,next_week,afternoon,history_plus_fingerprint,is_weekend
location_home_time,next_week,afternoon,history_plus_fingerprint,study_day
location_home_time,next_week,afternoon,history_plus_fingerprint,location_home_time__yesterday
location_home_time,next_week,afternoon,history_plus_fingerprint,location_home_time__roll7_mean
location_home_time,next_week,afternoon,history_plus_fingerprint,location_home_time__roll14_mean
location_home_time,next_week,afternoon,history_plus_fingerprint,location_home_time__roll42_mean
location_home_time,next_week,afternoon,history_plus_fingerprint,location_home_time__roll42_std
location_home_time,next_week,afternoon,history_fingerprint_plus_today,weekday
location_home_time,next_week,afternoon,history_fingerprint_plus_today,is_weekend
location_home_time,next_week,afternoon,history_fingerprint_plus_today,study_day
location_home_time,next_week,afternoon,history_fingerprint_plus_today,location_home_time__yesterday
location_home_time,next_week,afternoon,history_fingerprint_plus_today,location_home_time__roll7_mean
location_home_time,next_week,afternoon,history_fingerprint_plus_today,location_home_time__roll14_mean
location_home_time,next_week,afternoon,history_fingerprint_plus_today,location_home_time__roll42_mean
location_home_time,next_week,afternoon,history_fingerprint_plus_today,location_home_time__roll42_std
location_home_time,next_week,afternoon,history_fingerprint_plus_today,f_loc:phone_locations_barnett_hometime:morning
location_home_time,next_week,afternoon,history_fingerprint_plus_today,f_loc:phone_locations_barnett_hometime:afternoon
location_home_time,next_week,evening,calendar_only,weekday
location_home_time,next_week,evening,calendar_only,is_weekend
location_home_time,next_week,evening,calendar_only,study_day
location_home_time,next_week,evening,recent_history_only,weekday
location_home_time,next_week,evening,recent_history_only,is_weekend
location_home_time,next_week,evening,recent_history_only,study_day
location_home_time,next_week,evening,recent_history_only,location_home_time__yesterday
location_home_time,next_week,evening,recent_history_only,location_home_time__roll7_mean
location_home_time,next_week,evening,recent_history_only,location_home_time__roll14_mean
location_home_time,next_week,evening,fingerprint_42d_only,weekday
location_home_time,next_week,evening,fingerprint_42d_only,is_weekend
location_home_time,next_week,evening,fingerprint_42d_only,study_day
location_home_time,next_week,evening,fingerprint_42d_only,location_home_time__roll42_mean
location_home_time,next_week,evening,fingerprint_42d_only,location_home_time__roll42_std
location_home_time,next_week,evening,today_partial_only,weekday
location_home_time,next_week,evening,today_partial_only,is_weekend
location_home_time,next_week,evening,today_partial_only,study_day
location_home_time,next_week,evening,today_partial_only,f_loc:phone_locations_barnett_hometime:morning
location_home_time,next_week,evening,today_partial_only,f_loc:phone_locations_barnett_hometime:afternoon
location_home_time,next_week,evening,today_partial_only,f_loc:phone_locations_barnett_hometime:evening
location_home_time,next_week,evening,history_plus_fingerprint,weekday
location_home_time,next_week,evening,history_plus_fingerprint,is_weekend
location_home_time,next_week,evening,history_plus_fingerprint,study_day
location_home_time,next_week,evening,history_plus_fingerprint,location_home_time__yesterday
location_home_time,next_week,evening,history_plus_fingerprint,location_home_time__roll7_mean
location_home_time,next_week,evening,history_plus_fingerprint,location_home_time__roll14_mean
location_home_time,next_week,evening,history_plus_fingerprint,location_home_time__roll42_mean
location_home_time,next_week,evening,history_plus_fingerprint,location_home_time__roll42_std
location_home_time,next_week,evening,history_fingerprint_plus_today,weekday
location_home_time,next_week,evening,history_fingerprint_plus_today,is_weekend
location_home_time,next_week,evening,history_fingerprint_plus_today,study_day
location_home_time,next_week,evening,history_fingerprint_plus_today,location_home_time__yesterday
location_home_time,next_week,evening,history_fingerprint_plus_today,location_home_time__roll7_mean
location_home_time,next_week,evening,history_fingerprint_plus_today,location_home_time__roll14_mean
location_home_time,next_week,evening,history_fingerprint_plus_today,location_home_time__roll42_mean
location_home_time,next_week,evening,history_fingerprint_plus_today,location_home_time__roll42_std
location_home_time,next_week,evening,history_fingerprint_plus_today,f_loc:phone_locations_barnett_hometime:morning
location_home_time,next_week,evening,history_fingerprint_plus_today,f_loc:phone_locations_barnett_hometime:afternoon
location_home_time,next_week,evening,history_fingerprint_plus_today,f_loc:phone_locations_barnett_hometime:evening
location_distance,tomorrow,morning,calendar_only,weekday
location_distance,tomorrow,morning,calendar_only,is_weekend
location_distance,tomorrow,morning,calendar_only,study_day
location_distance,tomorrow,morning,recent_history_only,weekday
location_distance,tomorrow,morning,recent_history_only,is_weekend
location_distance,tomorrow,morning,recent_history_only,study_day
location_distance,tomorrow,morning,recent_history_only,location_distance__yesterday
location_distance,tomorrow,morning,recent_history_only,location_distance__roll7_mean
location_distance,tomorrow,morning,recent_history_only,location_distance__roll14_mean
location_distance,tomorrow,morning,fingerprint_42d_only,weekday
location_distance,tomorrow,morning,fingerprint_42d_only,is_weekend
location_distance,tomorrow,morning,fingerprint_42d_only,study_day
location_distance,tomorrow,morning,fingerprint_42d_only,location_distance__roll42_mean
location_distance,tomorrow,morning,fingerprint_42d_only,location_distance__roll42_std
location_distance,tomorrow,morning,today_partial_only,weekday
location_distance,tomorrow,morning,today_partial_only,is_weekend
location_distance,tomorrow,morning,today_partial_only,study_day
location_distance,tomorrow,morning,today_partial_only,f_loc:phone_locations_barnett_disttravelled:morning
location_distance,tomorrow,morning,history_plus_fingerprint,weekday
location_distance,tomorrow,morning,history_plus_fingerprint,is_weekend
location_distance,tomorrow,morning,history_plus_fingerprint,study_day
location_distance,tomorrow,morning,history_plus_fingerprint,location_distance__yesterday
location_distance,tomorrow,morning,history_plus_fingerprint,location_distance__roll7_mean
location_distance,tomorrow,morning,history_plus_fingerprint,location_distance__roll14_mean
location_distance,tomorrow,morning,history_plus_fingerprint,location_distance__roll42_mean
location_distance,tomorrow,morning,history_plus_fingerprint,location_distance__roll42_std
location_distance,tomorrow,morning,history_fingerprint_plus_today,weekday
location_distance,tomorrow,morning,history_fingerprint_plus_today,is_weekend
location_distance,tomorrow,morning,history_fingerprint_plus_today,study_day
location_distance,tomorrow,morning,history_fingerprint_plus_today,location_distance__yesterday
location_distance,tomorrow,morning,history_fingerprint_plus_today,location_distance__roll7_mean
location_distance,tomorrow,morning,history_fingerprint_plus_today,location_distance__roll14_mean
location_distance,tomorrow,morning,history_fingerprint_plus_today,location_distance__roll42_mean
location_distance,tomorrow,morning,history_fingerprint_plus_today,location_distance__roll42_std
location_distance,tomorrow,morning,history_fingerprint_plus_today,f_loc:phone_locations_barnett_disttravelled:morning
location_distance,tomorrow,afternoon,calendar_only,weekday
location_distance,tomorrow,afternoon,calendar_only,is_weekend
location_distance,tomorrow,afternoon,calendar_only,study_day
location_distance,tomorrow,afternoon,recent_history_only,weekday
location_distance,tomorrow,afternoon,recent_history_only,is_weekend
location_distance,tomorrow,afternoon,recent_history_only,study_day
location_distance,tomorrow,afternoon,recent_history_only,location_distance__yesterday
location_distance,tomorrow,afternoon,recent_history_only,location_distance__roll7_mean
location_distance,tomorrow,afternoon,recent_history_only,location_distance__roll14_mean
location_distance,tomorrow,afternoon,fingerprint_42d_only,weekday
location_distance,tomorrow,afternoon,fingerprint_42d_only,is_weekend
location_distance,tomorrow,afternoon,fingerprint_42d_only,study_day
location_distance,tomorrow,afternoon,fingerprint_42d_only,location_distance__roll42_mean
location_distance,tomorrow,afternoon,fingerprint_42d_only,location_distance__roll42_std
location_distance,tomorrow,afternoon,today_partial_only,weekday
location_distance,tomorrow,afternoon,today_partial_only,is_weekend
location_distance,tomorrow,afternoon,today_partial_only,study_day
location_distance,tomorrow,afternoon,today_partial_only,f_loc:phone_locations_barnett_disttravelled:morning
location_distance,tomorrow,afternoon,today_partial_only,f_loc:phone_locations_barnett_disttravelled:afternoon
location_distance,tomorrow,afternoon,history_plus_fingerprint,weekday
location_distance,tomorrow,afternoon,history_plus_fingerprint,is_weekend
location_distance,tomorrow,afternoon,history_plus_fingerprint,study_day
location_distance,tomorrow,afternoon,history_plus_fingerprint,location_distance__yesterday
location_distance,tomorrow,afternoon,history_plus_fingerprint,location_distance__roll7_mean
location_distance,tomorrow,afternoon,history_plus_fingerprint,location_distance__roll14_mean
location_distance,tomorrow,afternoon,history_plus_fingerprint,location_distance__roll42_mean
location_distance,tomorrow,afternoon,history_plus_fingerprint,location_distance__roll42_std
location_distance,tomorrow,afternoon,history_fingerprint_plus_today,weekday
location_distance,tomorrow,afternoon,history_fingerprint_plus_today,is_weekend
location_distance,tomorrow,afternoon,history_fingerprint_plus_today,study_day
location_distance,tomorrow,afternoon,history_fingerprint_plus_today,location_distance__yesterday
location_distance,tomorrow,afternoon,history_fingerprint_plus_today,location_distance__roll7_mean
location_distance,tomorrow,afternoon,history_fingerprint_plus_today,location_distance__roll14_mean
location_distance,tomorrow,afternoon,history_fingerprint_plus_today,location_distance__roll42_mean
location_distance,tomorrow,afternoon,history_fingerprint_plus_today,location_distance__roll42_std
location_distance,tomorrow,afternoon,history_fingerprint_plus_today,f_loc:phone_locations_barnett_disttravelled:morning
location_distance,tomorrow,afternoon,history_fingerprint_plus_today,f_loc:phone_locations_barnett_disttravelled:afternoon
location_distance,tomorrow,evening,calendar_only,weekday
location_distance,tomorrow,evening,calendar_only,is_weekend
location_distance,tomorrow,evening,calendar_only,study_day
location_distance,tomorrow,evening,recent_history_only,weekday
location_distance,tomorrow,evening,recent_history_only,is_weekend
location_distance,tomorrow,evening,recent_history_only,study_day
location_distance,tomorrow,evening,recent_history_only,location_distance__yesterday
location_distance,tomorrow,evening,recent_history_only,location_distance__roll7_mean
location_distance,tomorrow,evening,recent_history_only,location_distance__roll14_mean
location_distance,tomorrow,evening,fingerprint_42d_only,weekday
location_distance,tomorrow,evening,fingerprint_42d_only,is_weekend
location_distance,tomorrow,evening,fingerprint_42d_only,study_day
location_distance,tomorrow,evening,fingerprint_42d_only,location_distance__roll42_mean
location_distance,tomorrow,evening,fingerprint_42d_only,location_distance__roll42_std
location_distance,tomorrow,evening,today_partial_only,weekday
location_distance,tomorrow,evening,today_partial_only,is_weekend
location_distance,tomorrow,evening,today_partial_only,study_day
location_distance,tomorrow,evening,today_partial_only,f_loc:phone_locations_barnett_disttravelled:morning
location_distance,tomorrow,evening,today_partial_only,f_loc:phone_locations_barnett_disttravelled:afternoon
location_distance,tomorrow,evening,today_partial_only,f_loc:phone_locations_barnett_disttravelled:evening
location_distance,tomorrow,evening,history_plus_fingerprint,weekday
location_distance,tomorrow,evening,history_plus_fingerprint,is_weekend
location_distance,tomorrow,evening,history_plus_fingerprint,study_day
location_distance,tomorrow,evening,history_plus_fingerprint,location_distance__yesterday
location_distance,tomorrow,evening,history_plus_fingerprint,location_distance__roll7_mean
location_distance,tomorrow,evening,history_plus_fingerprint,location_distance__roll14_mean
location_distance,tomorrow,evening,history_plus_fingerprint,location_distance__roll42_mean
location_distance,tomorrow,evening,history_plus_fingerprint,location_distance__roll42_std
location_distance,tomorrow,evening,history_fingerprint_plus_today,weekday
location_distance,tomorrow,evening,history_fingerprint_plus_today,is_weekend
location_distance,tomorrow,evening,history_fingerprint_plus_today,study_day
location_distance,tomorrow,evening,history_fingerprint_plus_today,location_distance__yesterday
location_distance,tomorrow,evening,history_fingerprint_plus_today,location_distance__roll7_mean
location_distance,tomorrow,evening,history_fingerprint_plus_today,location_distance__roll14_mean
location_distance,tomorrow,evening,history_fingerprint_plus_today,location_distance__roll42_mean
location_distance,tomorrow,evening,history_fingerprint_plus_today,location_distance__roll42_std
location_distance,tomorrow,evening,history_fingerprint_plus_today,f_loc:phone_locations_barnett_disttravelled:morning
location_distance,tomorrow,evening,history_fingerprint_plus_today,f_loc:phone_locations_barnett_disttravelled:afternoon
location_distance,tomorrow,evening,history_fingerprint_plus_today,f_loc:phone_locations_barnett_disttravelled:evening
location_distance,next_week,morning,calendar_only,weekday
location_distance,next_week,morning,calendar_only,is_weekend
location_distance,next_week,morning,calendar_only,study_day
location_distance,next_week,morning,recent_history_only,weekday
location_distance,next_week,morning,recent_history_only,is_weekend
location_distance,next_week,morning,recent_history_only,study_day
location_distance,next_week,morning,recent_history_only,location_distance__yesterday
location_distance,next_week,morning,recent_history_only,location_distance__roll7_mean
location_distance,next_week,morning,recent_history_only,location_distance__roll14_mean
location_distance,next_week,morning,fingerprint_42d_only,weekday
location_distance,next_week,morning,fingerprint_42d_only,is_weekend
location_distance,next_week,morning,fingerprint_42d_only,study_day
location_distance,next_week,morning,fingerprint_42d_only,location_distance__roll42_mean
location_distance,next_week,morning,fingerprint_42d_only,location_distance__roll42_std
location_distance,next_week,morning,today_partial_only,weekday
location_distance,next_week,morning,today_partial_only,is_weekend
location_distance,next_week,morning,today_partial_only,study_day
location_distance,next_week,morning,today_partial_only,f_loc:phone_locations_barnett_disttravelled:morning
location_distance,next_week,morning,history_plus_fingerprint,weekday
location_distance,next_week,morning,history_plus_fingerprint,is_weekend
location_distance,next_week,morning,history_plus_fingerprint,study_day
location_distance,next_week,morning,history_plus_fingerprint,location_distance__yesterday
location_distance,next_week,morning,history_plus_fingerprint,location_distance__roll7_mean
location_distance,next_week,morning,history_plus_fingerprint,location_distance__roll14_mean
location_distance,next_week,morning,history_plus_fingerprint,location_distance__roll42_mean
location_distance,next_week,morning,history_plus_fingerprint,location_distance__roll42_std
location_distance,next_week,morning,history_fingerprint_plus_today,weekday
location_distance,next_week,morning,history_fingerprint_plus_today,is_weekend
location_distance,next_week,morning,history_fingerprint_plus_today,study_day
location_distance,next_week,morning,history_fingerprint_plus_today,location_distance__yesterday
location_distance,next_week,morning,history_fingerprint_plus_today,location_distance__roll7_mean
location_distance,next_week,morning,history_fingerprint_plus_today,location_distance__roll14_mean
location_distance,next_week,morning,history_fingerprint_plus_today,location_distance__roll42_mean
location_distance,next_week,morning,history_fingerprint_plus_today,location_distance__roll42_std
location_distance,next_week,morning,history_fingerprint_plus_today,f_loc:phone_locations_barnett_disttravelled:morning
location_distance,next_week,afternoon,calendar_only,weekday
location_distance,next_week,afternoon,calendar_only,is_weekend
location_distance,next_week,afternoon,calendar_only,study_day
location_distance,next_week,afternoon,recent_history_only,weekday
location_distance,next_week,afternoon,recent_history_only,is_weekend
location_distance,next_week,afternoon,recent_history_only,study_day
location_distance,next_week,afternoon,recent_history_only,location_distance__yesterday
location_distance,next_week,afternoon,recent_history_only,location_distance__roll7_mean
location_distance,next_week,afternoon,recent_history_only,location_distance__roll14_mean
location_distance,next_week,afternoon,fingerprint_42d_only,weekday
location_distance,next_week,afternoon,fingerprint_42d_only,is_weekend
location_distance,next_week,afternoon,fingerprint_42d_only,study_day
location_distance,next_week,afternoon,fingerprint_42d_only,location_distance__roll42_mean
location_distance,next_week,afternoon,fingerprint_42d_only,location_distance__roll42_std
location_distance,next_week,afternoon,today_partial_only,weekday
location_distance,next_week,afternoon,today_partial_only,is_weekend
location_distance,next_week,afternoon,today_partial_only,study_day
location_distance,next_week,afternoon,today_partial_only,f_loc:phone_locations_barnett_disttravelled:morning
location_distance,next_week,afternoon,today_partial_only,f_loc:phone_locations_barnett_disttravelled:afternoon
location_distance,next_week,afternoon,history_plus_fingerprint,weekday
location_distance,next_week,afternoon,history_plus_fingerprint,is_weekend
location_distance,next_week,afternoon,history_plus_fingerprint,study_day
location_distance,next_week,afternoon,history_plus_fingerprint,location_distance__yesterday
location_distance,next_week,afternoon,history_plus_fingerprint,location_distance__roll7_mean
location_distance,next_week,afternoon,history_plus_fingerprint,location_distance__roll14_mean
location_distance,next_week,afternoon,history_plus_fingerprint,location_distance__roll42_mean
location_distance,next_week,afternoon,history_plus_fingerprint,location_distance__roll42_std
location_distance,next_week,afternoon,history_fingerprint_plus_today,weekday
location_distance,next_week,afternoon,history_fingerprint_plus_today,is_weekend
location_distance,next_week,afternoon,history_fingerprint_plus_today,study_day
location_distance,next_week,afternoon,history_fingerprint_plus_today,location_distance__yesterday
location_distance,next_week,afternoon,history_fingerprint_plus_today,location_distance__roll7_mean
location_distance,next_week,afternoon,history_fingerprint_plus_today,location_distance__roll14_mean
location_distance,next_week,afternoon,history_fingerprint_plus_today,location_distance__roll42_mean
location_distance,next_week,afternoon,history_fingerprint_plus_today,location_distance__roll42_std
location_distance,next_week,afternoon,history_fingerprint_plus_today,f_loc:phone_locations_barnett_disttravelled:morning
location_distance,next_week,afternoon,history_fingerprint_plus_today,f_loc:phone_locations_barnett_disttravelled:afternoon
location_distance,next_week,evening,calendar_only,weekday
location_distance,next_week,evening,calendar_only,is_weekend
location_distance,next_week,evening,calendar_only,study_day
location_distance,next_week,evening,recent_history_only,weekday
location_distance,next_week,evening,recent_history_only,is_weekend
location_distance,next_week,evening,recent_history_only,study_day
location_distance,next_week,evening,recent_history_only,location_distance__yesterday
location_distance,next_week,evening,recent_history_only,location_distance__roll7_mean
location_distance,next_week,evening,recent_history_only,location_distance__roll14_mean
location_distance,next_week,evening,fingerprint_42d_only,weekday
location_distance,next_week,evening,fingerprint_42d_only,is_weekend
location_distance,next_week,evening,fingerprint_42d_only,study_day
location_distance,next_week,evening,fingerprint_42d_only,location_distance__roll42_mean
location_distance,next_week,evening,fingerprint_42d_only,location_distance__roll42_std
location_distance,next_week,evening,today_partial_only,weekday
location_distance,next_week,evening,today_partial_only,is_weekend
location_distance,next_week,evening,today_partial_only,study_day
location_distance,next_week,evening,today_partial_only,f_loc:phone_locations_barnett_disttravelled:morning
location_distance,next_week,evening,today_partial_only,f_loc:phone_locations_barnett_disttravelled:afternoon
location_distance,next_week,evening,today_partial_only,f_loc:phone_locations_barnett_disttravelled:evening
location_distance,next_week,evening,history_plus_fingerprint,weekday
location_distance,next_week,evening,history_plus_fingerprint,is_weekend
location_distance,next_week,evening,history_plus_fingerprint,study_day
location_distance,next_week,evening,history_plus_fingerprint,location_distance__yesterday
location_distance,next_week,evening,history_plus_fingerprint,location_distance__roll7_mean
location_distance,next_week,evening,history_plus_fingerprint,location_distance__roll14_mean
location_distance,next_week,evening,history_plus_fingerprint,location_distance__roll42_mean
location_distance,next_week,evening,history_plus_fingerprint,location_distance__roll42_std
location_distance,next_week,evening,history_fingerprint_plus_today,weekday
location_distance,next_week,evening,history_fingerprint_plus_today,is_weekend
location_distance,next_week,evening,history_fingerprint_plus_today,study_day
location_distance,next_week,evening,history_fingerprint_plus_today,location_distance__yesterday
location_distance,next_week,evening,history_fingerprint_plus_today,location_distance__roll7_mean
location_distance,next_week,evening,history_fingerprint_plus_today,location_distance__roll14_mean
location_distance,next_week,evening,history_fingerprint_plus_today,location_distance__roll42_mean
location_distance,next_week,evening,history_fingerprint_plus_today,location_distance__roll42_std
location_distance,next_week,evening,history_fingerprint_plus_today,f_loc:phone_locations_barnett_disttravelled:morning
location_distance,next_week,evening,history_fingerprint_plus_today,f_loc:phone_locations_barnett_disttravelled:afternoon
location_distance,next_week,evening,history_fingerprint_plus_today,f_loc:phone_locations_barnett_disttravelled:evening
location_entropy,tomorrow,morning,calendar_only,weekday
location_entropy,tomorrow,morning,calendar_only,is_weekend
location_entropy,tomorrow,morning,calendar_only,study_day
location_entropy,tomorrow,morning,recent_history_only,weekday
location_entropy,tomorrow,morning,recent_history_only,is_weekend
location_entropy,tomorrow,morning,recent_history_only,study_day
location_entropy,tomorrow,morning,recent_history_only,location_entropy__yesterday
location_entropy,tomorrow,morning,recent_history_only,location_entropy__roll7_mean
location_entropy,tomorrow,morning,recent_history_only,location_entropy__roll14_mean
location_entropy,tomorrow,morning,fingerprint_42d_only,weekday
location_entropy,tomorrow,morning,fingerprint_42d_only,is_weekend
location_entropy,tomorrow,morning,fingerprint_42d_only,study_day
location_entropy,tomorrow,morning,fingerprint_42d_only,location_entropy__roll42_mean
location_entropy,tomorrow,morning,fingerprint_42d_only,location_entropy__roll42_std
location_entropy,tomorrow,morning,today_partial_only,weekday
location_entropy,tomorrow,morning,today_partial_only,is_weekend
location_entropy,tomorrow,morning,today_partial_only,study_day
location_entropy,tomorrow,morning,today_partial_only,f_loc:phone_locations_doryab_locationentropy:morning
location_entropy,tomorrow,morning,history_plus_fingerprint,weekday
location_entropy,tomorrow,morning,history_plus_fingerprint,is_weekend
location_entropy,tomorrow,morning,history_plus_fingerprint,study_day
location_entropy,tomorrow,morning,history_plus_fingerprint,location_entropy__yesterday
location_entropy,tomorrow,morning,history_plus_fingerprint,location_entropy__roll7_mean
location_entropy,tomorrow,morning,history_plus_fingerprint,location_entropy__roll14_mean
location_entropy,tomorrow,morning,history_plus_fingerprint,location_entropy__roll42_mean
location_entropy,tomorrow,morning,history_plus_fingerprint,location_entropy__roll42_std
location_entropy,tomorrow,morning,history_fingerprint_plus_today,weekday
location_entropy,tomorrow,morning,history_fingerprint_plus_today,is_weekend
location_entropy,tomorrow,morning,history_fingerprint_plus_today,study_day
location_entropy,tomorrow,morning,history_fingerprint_plus_today,location_entropy__yesterday
location_entropy,tomorrow,morning,history_fingerprint_plus_today,location_entropy__roll7_mean
location_entropy,tomorrow,morning,history_fingerprint_plus_today,location_entropy__roll14_mean
location_entropy,tomorrow,morning,history_fingerprint_plus_today,location_entropy__roll42_mean
location_entropy,tomorrow,morning,history_fingerprint_plus_today,location_entropy__roll42_std
location_entropy,tomorrow,morning,history_fingerprint_plus_today,f_loc:phone_locations_doryab_locationentropy:morning
location_entropy,tomorrow,afternoon,calendar_only,weekday
location_entropy,tomorrow,afternoon,calendar_only,is_weekend
location_entropy,tomorrow,afternoon,calendar_only,study_day
location_entropy,tomorrow,afternoon,recent_history_only,weekday
location_entropy,tomorrow,afternoon,recent_history_only,is_weekend
location_entropy,tomorrow,afternoon,recent_history_only,study_day
location_entropy,tomorrow,afternoon,recent_history_only,location_entropy__yesterday
location_entropy,tomorrow,afternoon,recent_history_only,location_entropy__roll7_mean
location_entropy,tomorrow,afternoon,recent_history_only,location_entropy__roll14_mean
location_entropy,tomorrow,afternoon,fingerprint_42d_only,weekday
location_entropy,tomorrow,afternoon,fingerprint_42d_only,is_weekend
location_entropy,tomorrow,afternoon,fingerprint_42d_only,study_day
location_entropy,tomorrow,afternoon,fingerprint_42d_only,location_entropy__roll42_mean
location_entropy,tomorrow,afternoon,fingerprint_42d_only,location_entropy__roll42_std
location_entropy,tomorrow,afternoon,today_partial_only,weekday
location_entropy,tomorrow,afternoon,today_partial_only,is_weekend
location_entropy,tomorrow,afternoon,today_partial_only,study_day
location_entropy,tomorrow,afternoon,today_partial_only,f_loc:phone_locations_doryab_locationentropy:morning
location_entropy,tomorrow,afternoon,today_partial_only,f_loc:phone_locations_doryab_locationentropy:afternoon
location_entropy,tomorrow,afternoon,history_plus_fingerprint,weekday
location_entropy,tomorrow,afternoon,history_plus_fingerprint,is_weekend
location_entropy,tomorrow,afternoon,history_plus_fingerprint,study_day
location_entropy,tomorrow,afternoon,history_plus_fingerprint,location_entropy__yesterday
location_entropy,tomorrow,afternoon,history_plus_fingerprint,location_entropy__roll7_mean
location_entropy,tomorrow,afternoon,history_plus_fingerprint,location_entropy__roll14_mean
location_entropy,tomorrow,afternoon,history_plus_fingerprint,location_entropy__roll42_mean
location_entropy,tomorrow,afternoon,history_plus_fingerprint,location_entropy__roll42_std
location_entropy,tomorrow,afternoon,history_fingerprint_plus_today,weekday
location_entropy,tomorrow,afternoon,history_fingerprint_plus_today,is_weekend
location_entropy,tomorrow,afternoon,history_fingerprint_plus_today,study_day
location_entropy,tomorrow,afternoon,history_fingerprint_plus_today,location_entropy__yesterday
location_entropy,tomorrow,afternoon,history_fingerprint_plus_today,location_entropy__roll7_mean
location_entropy,tomorrow,afternoon,history_fingerprint_plus_today,location_entropy__roll14_mean
location_entropy,tomorrow,afternoon,history_fingerprint_plus_today,location_entropy__roll42_mean
location_entropy,tomorrow,afternoon,history_fingerprint_plus_today,location_entropy__roll42_std
location_entropy,tomorrow,afternoon,history_fingerprint_plus_today,f_loc:phone_locations_doryab_locationentropy:morning
location_entropy,tomorrow,afternoon,history_fingerprint_plus_today,f_loc:phone_locations_doryab_locationentropy:afternoon
location_entropy,tomorrow,evening,calendar_only,weekday
location_entropy,tomorrow,evening,calendar_only,is_weekend
location_entropy,tomorrow,evening,calendar_only,study_day
location_entropy,tomorrow,evening,recent_history_only,weekday
location_entropy,tomorrow,evening,recent_history_only,is_weekend
location_entropy,tomorrow,evening,recent_history_only,study_day
location_entropy,tomorrow,evening,recent_history_only,location_entropy__yesterday
location_entropy,tomorrow,evening,recent_history_only,location_entropy__roll7_mean
location_entropy,tomorrow,evening,recent_history_only,location_entropy__roll14_mean
location_entropy,tomorrow,evening,fingerprint_42d_only,weekday
location_entropy,tomorrow,evening,fingerprint_42d_only,is_weekend
location_entropy,tomorrow,evening,fingerprint_42d_only,study_day
location_entropy,tomorrow,evening,fingerprint_42d_only,location_entropy__roll42_mean
location_entropy,tomorrow,evening,fingerprint_42d_only,location_entropy__roll42_std
location_entropy,tomorrow,evening,today_partial_only,weekday
location_entropy,tomorrow,evening,today_partial_only,is_weekend
location_entropy,tomorrow,evening,today_partial_only,study_day
location_entropy,tomorrow,evening,today_partial_only,f_loc:phone_locations_doryab_locationentropy:morning
location_entropy,tomorrow,evening,today_partial_only,f_loc:phone_locations_doryab_locationentropy:afternoon
location_entropy,tomorrow,evening,today_partial_only,f_loc:phone_locations_doryab_locationentropy:evening
location_entropy,tomorrow,evening,history_plus_fingerprint,weekday
location_entropy,tomorrow,evening,history_plus_fingerprint,is_weekend
location_entropy,tomorrow,evening,history_plus_fingerprint,study_day
location_entropy,tomorrow,evening,history_plus_fingerprint,location_entropy__yesterday
location_entropy,tomorrow,evening,history_plus_fingerprint,location_entropy__roll7_mean
location_entropy,tomorrow,evening,history_plus_fingerprint,location_entropy__roll14_mean
location_entropy,tomorrow,evening,history_plus_fingerprint,location_entropy__roll42_mean
location_entropy,tomorrow,evening,history_plus_fingerprint,location_entropy__roll42_std
location_entropy,tomorrow,evening,history_fingerprint_plus_today,weekday
location_entropy,tomorrow,evening,history_fingerprint_plus_today,is_weekend
location_entropy,tomorrow,evening,history_fingerprint_plus_today,study_day
location_entropy,tomorrow,evening,history_fingerprint_plus_today,location_entropy__yesterday
location_entropy,tomorrow,evening,history_fingerprint_plus_today,location_entropy__roll7_mean
location_entropy,tomorrow,evening,history_fingerprint_plus_today,location_entropy__roll14_mean
location_entropy,tomorrow,evening,history_fingerprint_plus_today,location_entropy__roll42_mean
location_entropy,tomorrow,evening,history_fingerprint_plus_today,location_entropy__roll42_std
location_entropy,tomorrow,evening,history_fingerprint_plus_today,f_loc:phone_locations_doryab_locationentropy:morning
location_entropy,tomorrow,evening,history_fingerprint_plus_today,f_loc:phone_locations_doryab_locationentropy:afternoon
location_entropy,tomorrow,evening,history_fingerprint_plus_today,f_loc:phone_locations_doryab_locationentropy:evening
location_entropy,next_week,morning,calendar_only,weekday
location_entropy,next_week,morning,calendar_only,is_weekend
location_entropy,next_week,morning,calendar_only,study_day
location_entropy,next_week,morning,recent_history_only,weekday
location_entropy,next_week,morning,recent_history_only,is_weekend
location_entropy,next_week,morning,recent_history_only,study_day
location_entropy,next_week,morning,recent_history_only,location_entropy__yesterday
location_entropy,next_week,morning,recent_history_only,location_entropy__roll7_mean
location_entropy,next_week,morning,recent_history_only,location_entropy__roll14_mean
location_entropy,next_week,morning,fingerprint_42d_only,weekday
location_entropy,next_week,morning,fingerprint_42d_only,is_weekend
location_entropy,next_week,morning,fingerprint_42d_only,study_day
location_entropy,next_week,morning,fingerprint_42d_only,location_entropy__roll42_mean
location_entropy,next_week,morning,fingerprint_42d_only,location_entropy__roll42_std
location_entropy,next_week,morning,today_partial_only,weekday
location_entropy,next_week,morning,today_partial_only,is_weekend
location_entropy,next_week,morning,today_partial_only,study_day
location_entropy,next_week,morning,today_partial_only,f_loc:phone_locations_doryab_locationentropy:morning
location_entropy,next_week,morning,history_plus_fingerprint,weekday
location_entropy,next_week,morning,history_plus_fingerprint,is_weekend
location_entropy,next_week,morning,history_plus_fingerprint,study_day
location_entropy,next_week,morning,history_plus_fingerprint,location_entropy__yesterday
location_entropy,next_week,morning,history_plus_fingerprint,location_entropy__roll7_mean
location_entropy,next_week,morning,history_plus_fingerprint,location_entropy__roll14_mean
location_entropy,next_week,morning,history_plus_fingerprint,location_entropy__roll42_mean
location_entropy,next_week,morning,history_plus_fingerprint,location_entropy__roll42_std
location_entropy,next_week,morning,history_fingerprint_plus_today,weekday
location_entropy,next_week,morning,history_fingerprint_plus_today,is_weekend
location_entropy,next_week,morning,history_fingerprint_plus_today,study_day
location_entropy,next_week,morning,history_fingerprint_plus_today,location_entropy__yesterday
location_entropy,next_week,morning,history_fingerprint_plus_today,location_entropy__roll7_mean
location_entropy,next_week,morning,history_fingerprint_plus_today,location_entropy__roll14_mean
location_entropy,next_week,morning,history_fingerprint_plus_today,location_entropy__roll42_mean
location_entropy,next_week,morning,history_fingerprint_plus_today,location_entropy__roll42_std
location_entropy,next_week,morning,history_fingerprint_plus_today,f_loc:phone_locations_doryab_locationentropy:morning
location_entropy,next_week,afternoon,calendar_only,weekday
location_entropy,next_week,afternoon,calendar_only,is_weekend
location_entropy,next_week,afternoon,calendar_only,study_day
location_entropy,next_week,afternoon,recent_history_only,weekday
location_entropy,next_week,afternoon,recent_history_only,is_weekend
location_entropy,next_week,afternoon,recent_history_only,study_day
location_entropy,next_week,afternoon,recent_history_only,location_entropy__yesterday
location_entropy,next_week,afternoon,recent_history_only,location_entropy__roll7_mean
location_entropy,next_week,afternoon,recent_history_only,location_entropy__roll14_mean
location_entropy,next_week,afternoon,fingerprint_42d_only,weekday
location_entropy,next_week,afternoon,fingerprint_42d_only,is_weekend
location_entropy,next_week,afternoon,fingerprint_42d_only,study_day
location_entropy,next_week,afternoon,fingerprint_42d_only,location_entropy__roll42_mean
location_entropy,next_week,afternoon,fingerprint_42d_only,location_entropy__roll42_std
location_entropy,next_week,afternoon,today_partial_only,weekday
location_entropy,next_week,afternoon,today_partial_only,is_weekend
location_entropy,next_week,afternoon,today_partial_only,study_day
location_entropy,next_week,afternoon,today_partial_only,f_loc:phone_locations_doryab_locationentropy:morning
location_entropy,next_week,afternoon,today_partial_only,f_loc:phone_locations_doryab_locationentropy:afternoon
location_entropy,next_week,afternoon,history_plus_fingerprint,weekday
location_entropy,next_week,afternoon,history_plus_fingerprint,is_weekend
location_entropy,next_week,afternoon,history_plus_fingerprint,study_day
location_entropy,next_week,afternoon,history_plus_fingerprint,location_entropy__yesterday
location_entropy,next_week,afternoon,history_plus_fingerprint,location_entropy__roll7_mean
location_entropy,next_week,afternoon,history_plus_fingerprint,location_entropy__roll14_mean
location_entropy,next_week,afternoon,history_plus_fingerprint,location_entropy__roll42_mean
location_entropy,next_week,afternoon,history_plus_fingerprint,location_entropy__roll42_std
location_entropy,next_week,afternoon,history_fingerprint_plus_today,weekday
location_entropy,next_week,afternoon,history_fingerprint_plus_today,is_weekend
location_entropy,next_week,afternoon,history_fingerprint_plus_today,study_day
location_entropy,next_week,afternoon,history_fingerprint_plus_today,location_entropy__yesterday
location_entropy,next_week,afternoon,history_fingerprint_plus_today,location_entropy__roll7_mean
location_entropy,next_week,afternoon,history_fingerprint_plus_today,location_entropy__roll14_mean
location_entropy,next_week,afternoon,history_fingerprint_plus_today,location_entropy__roll42_mean
location_entropy,next_week,afternoon,history_fingerprint_plus_today,location_entropy__roll42_std
location_entropy,next_week,afternoon,history_fingerprint_plus_today,f_loc:phone_locations_doryab_locationentropy:morning
location_entropy,next_week,afternoon,history_fingerprint_plus_today,f_loc:phone_locations_doryab_locationentropy:afternoon
location_entropy,next_week,evening,calendar_only,weekday
location_entropy,next_week,evening,calendar_only,is_weekend
location_entropy,next_week,evening,calendar_only,study_day
location_entropy,next_week,evening,recent_history_only,weekday
location_entropy,next_week,evening,recent_history_only,is_weekend
location_entropy,next_week,evening,recent_history_only,study_day
location_entropy,next_week,evening,recent_history_only,location_entropy__yesterday
location_entropy,next_week,evening,recent_history_only,location_entropy__roll7_mean
location_entropy,next_week,evening,recent_history_only,location_entropy__roll14_mean
location_entropy,next_week,evening,fingerprint_42d_only,weekday
location_entropy,next_week,evening,fingerprint_42d_only,is_weekend
location_entropy,next_week,evening,fingerprint_42d_only,study_day
location_entropy,next_week,evening,fingerprint_42d_only,location_entropy__roll42_mean
location_entropy,next_week,evening,fingerprint_42d_only,location_entropy__roll42_std
location_entropy,next_week,evening,today_partial_only,weekday
location_entropy,next_week,evening,today_partial_only,is_weekend
location_entropy,next_week,evening,today_partial_only,study_day
location_entropy,next_week,evening,today_partial_only,f_loc:phone_locations_doryab_locationentropy:morning
location_entropy,next_week,evening,today_partial_only,f_loc:phone_locations_doryab_locationentropy:afternoon
location_entropy,next_week,evening,today_partial_only,f_loc:phone_locations_doryab_locationentropy:evening
location_entropy,next_week,evening,history_plus_fingerprint,weekday
location_entropy,next_week,evening,history_plus_fingerprint,is_weekend
location_entropy,next_week,evening,history_plus_fingerprint,study_day
location_entropy,next_week,evening,history_plus_fingerprint,location_entropy__yesterday
location_entropy,next_week,evening,history_plus_fingerprint,location_entropy__roll7_mean
location_entropy,next_week,evening,history_plus_fingerprint,location_entropy__roll14_mean
location_entropy,next_week,evening,history_plus_fingerprint,location_entropy__roll42_mean
location_entropy,next_week,evening,history_plus_fingerprint,location_entropy__roll42_std
location_entropy,next_week,evening,history_fingerprint_plus_today,weekday
location_entropy,next_week,evening,history_fingerprint_plus_today,is_weekend
location_entropy,next_week,evening,history_fingerprint_plus_today,study_day
location_entropy,next_week,evening,history_fingerprint_plus_today,location_entropy__yesterday
location_entropy,next_week,evening,history_fingerprint_plus_today,location_entropy__roll7_mean
location_entropy,next_week,evening,history_fingerprint_plus_today,location_entropy__roll14_mean
location_entropy,next_week,evening,history_fingerprint_plus_today,location_entropy__roll42_mean
location_entropy,next_week,evening,history_fingerprint_plus_today,location_entropy__roll42_std
location_entropy,next_week,evening,history_fingerprint_plus_today,f_loc:phone_locations_doryab_locationentropy:morning
location_entropy,next_week,evening,history_fingerprint_plus_today,f_loc:phone_locations_doryab_locationentropy:afternoon
location_entropy,next_week,evening,history_fingerprint_plus_today,f_loc:phone_locations_doryab_locationentropy:evening
significant_places,tomorrow,morning,calendar_only,weekday
significant_places,tomorrow,morning,calendar_only,is_weekend
significant_places,tomorrow,morning,calendar_only,study_day
significant_places,tomorrow,morning,recent_history_only,weekday
significant_places,tomorrow,morning,recent_history_only,is_weekend
significant_places,tomorrow,morning,recent_history_only,study_day
significant_places,tomorrow,morning,recent_history_only,significant_places__yesterday
significant_places,tomorrow,morning,recent_history_only,significant_places__roll7_mean
significant_places,tomorrow,morning,recent_history_only,significant_places__roll14_mean
significant_places,tomorrow,morning,fingerprint_42d_only,weekday
significant_places,tomorrow,morning,fingerprint_42d_only,is_weekend
significant_places,tomorrow,morning,fingerprint_42d_only,study_day
significant_places,tomorrow,morning,fingerprint_42d_only,significant_places__roll42_mean
significant_places,tomorrow,morning,fingerprint_42d_only,significant_places__roll42_std
significant_places,tomorrow,morning,today_partial_only,weekday
significant_places,tomorrow,morning,today_partial_only,is_weekend
significant_places,tomorrow,morning,today_partial_only,study_day
significant_places,tomorrow,morning,today_partial_only,f_loc:phone_locations_doryab_numberofsignificantplaces:morning
significant_places,tomorrow,morning,history_plus_fingerprint,weekday
significant_places,tomorrow,morning,history_plus_fingerprint,is_weekend
significant_places,tomorrow,morning,history_plus_fingerprint,study_day
significant_places,tomorrow,morning,history_plus_fingerprint,significant_places__yesterday
significant_places,tomorrow,morning,history_plus_fingerprint,significant_places__roll7_mean
significant_places,tomorrow,morning,history_plus_fingerprint,significant_places__roll14_mean
significant_places,tomorrow,morning,history_plus_fingerprint,significant_places__roll42_mean
significant_places,tomorrow,morning,history_plus_fingerprint,significant_places__roll42_std
significant_places,tomorrow,morning,history_fingerprint_plus_today,weekday
significant_places,tomorrow,morning,history_fingerprint_plus_today,is_weekend
significant_places,tomorrow,morning,history_fingerprint_plus_today,study_day
significant_places,tomorrow,morning,history_fingerprint_plus_today,significant_places__yesterday
significant_places,tomorrow,morning,history_fingerprint_plus_today,significant_places__roll7_mean
significant_places,tomorrow,morning,history_fingerprint_plus_today,significant_places__roll14_mean
significant_places,tomorrow,morning,history_fingerprint_plus_today,significant_places__roll42_mean
significant_places,tomorrow,morning,history_fingerprint_plus_today,significant_places__roll42_std
significant_places,tomorrow,morning,history_fingerprint_plus_today,f_loc:phone_locations_doryab_numberofsignificantplaces:morning
significant_places,tomorrow,afternoon,calendar_only,weekday
significant_places,tomorrow,afternoon,calendar_only,is_weekend
significant_places,tomorrow,afternoon,calendar_only,study_day
significant_places,tomorrow,afternoon,recent_history_only,weekday
significant_places,tomorrow,afternoon,recent_history_only,is_weekend
significant_places,tomorrow,afternoon,recent_history_only,study_day
significant_places,tomorrow,afternoon,recent_history_only,significant_places__yesterday
significant_places,tomorrow,afternoon,recent_history_only,significant_places__roll7_mean
significant_places,tomorrow,afternoon,recent_history_only,significant_places__roll14_mean
significant_places,tomorrow,afternoon,fingerprint_42d_only,weekday
significant_places,tomorrow,afternoon,fingerprint_42d_only,is_weekend
significant_places,tomorrow,afternoon,fingerprint_42d_only,study_day
significant_places,tomorrow,afternoon,fingerprint_42d_only,significant_places__roll42_mean
significant_places,tomorrow,afternoon,fingerprint_42d_only,significant_places__roll42_std
significant_places,tomorrow,afternoon,today_partial_only,weekday
significant_places,tomorrow,afternoon,today_partial_only,is_weekend
significant_places,tomorrow,afternoon,today_partial_only,study_day
significant_places,tomorrow,afternoon,today_partial_only,f_loc:phone_locations_doryab_numberofsignificantplaces:morning
significant_places,tomorrow,afternoon,today_partial_only,f_loc:phone_locations_doryab_numberofsignificantplaces:afternoon
significant_places,tomorrow,afternoon,history_plus_fingerprint,weekday
significant_places,tomorrow,afternoon,history_plus_fingerprint,is_weekend
significant_places,tomorrow,afternoon,history_plus_fingerprint,study_day
significant_places,tomorrow,afternoon,history_plus_fingerprint,significant_places__yesterday
significant_places,tomorrow,afternoon,history_plus_fingerprint,significant_places__roll7_mean
significant_places,tomorrow,afternoon,history_plus_fingerprint,significant_places__roll14_mean
significant_places,tomorrow,afternoon,history_plus_fingerprint,significant_places__roll42_mean
significant_places,tomorrow,afternoon,history_plus_fingerprint,significant_places__roll42_std
significant_places,tomorrow,afternoon,history_fingerprint_plus_today,weekday
significant_places,tomorrow,afternoon,history_fingerprint_plus_today,is_weekend
significant_places,tomorrow,afternoon,history_fingerprint_plus_today,study_day
significant_places,tomorrow,afternoon,history_fingerprint_plus_today,significant_places__yesterday
significant_places,tomorrow,afternoon,history_fingerprint_plus_today,significant_places__roll7_mean
significant_places,tomorrow,afternoon,history_fingerprint_plus_today,significant_places__roll14_mean
significant_places,tomorrow,afternoon,history_fingerprint_plus_today,significant_places__roll42_mean
significant_places,tomorrow,afternoon,history_fingerprint_plus_today,significant_places__roll42_std
significant_places,tomorrow,afternoon,history_fingerprint_plus_today,f_loc:phone_locations_doryab_numberofsignificantplaces:morning
significant_places,tomorrow,afternoon,history_fingerprint_plus_today,f_loc:phone_locations_doryab_numberofsignificantplaces:afternoon
significant_places,tomorrow,evening,calendar_only,weekday
significant_places,tomorrow,evening,calendar_only,is_weekend
significant_places,tomorrow,evening,calendar_only,study_day
significant_places,tomorrow,evening,recent_history_only,weekday
significant_places,tomorrow,evening,recent_history_only,is_weekend
significant_places,tomorrow,evening,recent_history_only,study_day
significant_places,tomorrow,evening,recent_history_only,significant_places__yesterday
significant_places,tomorrow,evening,recent_history_only,significant_places__roll7_mean
significant_places,tomorrow,evening,recent_history_only,significant_places__roll14_mean
significant_places,tomorrow,evening,fingerprint_42d_only,weekday
significant_places,tomorrow,evening,fingerprint_42d_only,is_weekend
significant_places,tomorrow,evening,fingerprint_42d_only,study_day
significant_places,tomorrow,evening,fingerprint_42d_only,significant_places__roll42_mean
significant_places,tomorrow,evening,fingerprint_42d_only,significant_places__roll42_std
significant_places,tomorrow,evening,today_partial_only,weekday
significant_places,tomorrow,evening,today_partial_only,is_weekend
significant_places,tomorrow,evening,today_partial_only,study_day
significant_places,tomorrow,evening,today_partial_only,f_loc:phone_locations_doryab_numberofsignificantplaces:morning
significant_places,tomorrow,evening,today_partial_only,f_loc:phone_locations_doryab_numberofsignificantplaces:afternoon
significant_places,tomorrow,evening,today_partial_only,f_loc:phone_locations_doryab_numberofsignificantplaces:evening
significant_places,tomorrow,evening,history_plus_fingerprint,weekday
significant_places,tomorrow,evening,history_plus_fingerprint,is_weekend
significant_places,tomorrow,evening,history_plus_fingerprint,study_day
significant_places,tomorrow,evening,history_plus_fingerprint,significant_places__yesterday
significant_places,tomorrow,evening,history_plus_fingerprint,significant_places__roll7_mean
significant_places,tomorrow,evening,history_plus_fingerprint,significant_places__roll14_mean
significant_places,tomorrow,evening,history_plus_fingerprint,significant_places__roll42_mean
significant_places,tomorrow,evening,history_plus_fingerprint,significant_places__roll42_std
significant_places,tomorrow,evening,history_fingerprint_plus_today,weekday
significant_places,tomorrow,evening,history_fingerprint_plus_today,is_weekend
significant_places,tomorrow,evening,history_fingerprint_plus_today,study_day
significant_places,tomorrow,evening,history_fingerprint_plus_today,significant_places__yesterday
significant_places,tomorrow,evening,history_fingerprint_plus_today,significant_places__roll7_mean
significant_places,tomorrow,evening,history_fingerprint_plus_today,significant_places__roll14_mean
significant_places,tomorrow,evening,history_fingerprint_plus_today,significant_places__roll42_mean
significant_places,tomorrow,evening,history_fingerprint_plus_today,significant_places__roll42_std
significant_places,tomorrow,evening,history_fingerprint_plus_today,f_loc:phone_locations_doryab_numberofsignificantplaces:morning
significant_places,tomorrow,evening,history_fingerprint_plus_today,f_loc:phone_locations_doryab_numberofsignificantplaces:afternoon
significant_places,tomorrow,evening,history_fingerprint_plus_today,f_loc:phone_locations_doryab_numberofsignificantplaces:evening
significant_places,next_week,morning,calendar_only,weekday
significant_places,next_week,morning,calendar_only,is_weekend
significant_places,next_week,morning,calendar_only,study_day
significant_places,next_week,morning,recent_history_only,weekday
significant_places,next_week,morning,recent_history_only,is_weekend
significant_places,next_week,morning,recent_history_only,study_day
significant_places,next_week,morning,recent_history_only,significant_places__yesterday
significant_places,next_week,morning,recent_history_only,significant_places__roll7_mean
significant_places,next_week,morning,recent_history_only,significant_places__roll14_mean
significant_places,next_week,morning,fingerprint_42d_only,weekday
significant_places,next_week,morning,fingerprint_42d_only,is_weekend
significant_places,next_week,morning,fingerprint_42d_only,study_day
significant_places,next_week,morning,fingerprint_42d_only,significant_places__roll42_mean
significant_places,next_week,morning,fingerprint_42d_only,significant_places__roll42_std
significant_places,next_week,morning,today_partial_only,weekday
significant_places,next_week,morning,today_partial_only,is_weekend
significant_places,next_week,morning,today_partial_only,study_day
significant_places,next_week,morning,today_partial_only,f_loc:phone_locations_doryab_numberofsignificantplaces:morning
significant_places,next_week,morning,history_plus_fingerprint,weekday
significant_places,next_week,morning,history_plus_fingerprint,is_weekend
significant_places,next_week,morning,history_plus_fingerprint,study_day
significant_places,next_week,morning,history_plus_fingerprint,significant_places__yesterday
significant_places,next_week,morning,history_plus_fingerprint,significant_places__roll7_mean
significant_places,next_week,morning,history_plus_fingerprint,significant_places__roll14_mean
significant_places,next_week,morning,history_plus_fingerprint,significant_places__roll42_mean
significant_places,next_week,morning,history_plus_fingerprint,significant_places__roll42_std
significant_places,next_week,morning,history_fingerprint_plus_today,weekday
significant_places,next_week,morning,history_fingerprint_plus_today,is_weekend
significant_places,next_week,morning,history_fingerprint_plus_today,study_day
significant_places,next_week,morning,history_fingerprint_plus_today,significant_places__yesterday
significant_places,next_week,morning,history_fingerprint_plus_today,significant_places__roll7_mean
significant_places,next_week,morning,history_fingerprint_plus_today,significant_places__roll14_mean
significant_places,next_week,morning,history_fingerprint_plus_today,significant_places__roll42_mean
significant_places,next_week,morning,history_fingerprint_plus_today,significant_places__roll42_std
significant_places,next_week,morning,history_fingerprint_plus_today,f_loc:phone_locations_doryab_numberofsignificantplaces:morning
significant_places,next_week,afternoon,calendar_only,weekday
significant_places,next_week,afternoon,calendar_only,is_weekend
significant_places,next_week,afternoon,calendar_only,study_day
significant_places,next_week,afternoon,recent_history_only,weekday
significant_places,next_week,afternoon,recent_history_only,is_weekend
significant_places,next_week,afternoon,recent_history_only,study_day
significant_places,next_week,afternoon,recent_history_only,significant_places__yesterday
significant_places,next_week,afternoon,recent_history_only,significant_places__roll7_mean
significant_places,next_week,afternoon,recent_history_only,significant_places__roll14_mean
significant_places,next_week,afternoon,fingerprint_42d_only,weekday
significant_places,next_week,afternoon,fingerprint_42d_only,is_weekend
significant_places,next_week,afternoon,fingerprint_42d_only,study_day
significant_places,next_week,afternoon,fingerprint_42d_only,significant_places__roll42_mean
significant_places,next_week,afternoon,fingerprint_42d_only,significant_places__roll42_std
significant_places,next_week,afternoon,today_partial_only,weekday
significant_places,next_week,afternoon,today_partial_only,is_weekend
significant_places,next_week,afternoon,today_partial_only,study_day
significant_places,next_week,afternoon,today_partial_only,f_loc:phone_locations_doryab_numberofsignificantplaces:morning
significant_places,next_week,afternoon,today_partial_only,f_loc:phone_locations_doryab_numberofsignificantplaces:afternoon
significant_places,next_week,afternoon,history_plus_fingerprint,weekday
significant_places,next_week,afternoon,history_plus_fingerprint,is_weekend
significant_places,next_week,afternoon,history_plus_fingerprint,study_day
significant_places,next_week,afternoon,history_plus_fingerprint,significant_places__yesterday
significant_places,next_week,afternoon,history_plus_fingerprint,significant_places__roll7_mean
significant_places,next_week,afternoon,history_plus_fingerprint,significant_places__roll14_mean
significant_places,next_week,afternoon,history_plus_fingerprint,significant_places__roll42_mean
significant_places,next_week,afternoon,history_plus_fingerprint,significant_places__roll42_std
significant_places,next_week,afternoon,history_fingerprint_plus_today,weekday
significant_places,next_week,afternoon,history_fingerprint_plus_today,is_weekend
significant_places,next_week,afternoon,history_fingerprint_plus_today,study_day
significant_places,next_week,afternoon,history_fingerprint_plus_today,significant_places__yesterday
significant_places,next_week,afternoon,history_fingerprint_plus_today,significant_places__roll7_mean
significant_places,next_week,afternoon,history_fingerprint_plus_today,significant_places__roll14_mean
significant_places,next_week,afternoon,history_fingerprint_plus_today,significant_places__roll42_mean
significant_places,next_week,afternoon,history_fingerprint_plus_today,significant_places__roll42_std
significant_places,next_week,afternoon,history_fingerprint_plus_today,f_loc:phone_locations_doryab_numberofsignificantplaces:morning
significant_places,next_week,afternoon,history_fingerprint_plus_today,f_loc:phone_locations_doryab_numberofsignificantplaces:afternoon
significant_places,next_week,evening,calendar_only,weekday
significant_places,next_week,evening,calendar_only,is_weekend
significant_places,next_week,evening,calendar_only,study_day
significant_places,next_week,evening,recent_history_only,weekday
significant_places,next_week,evening,recent_history_only,is_weekend
significant_places,next_week,evening,recent_history_only,study_day
significant_places,next_week,evening,recent_history_only,significant_places__yesterday
significant_places,next_week,evening,recent_history_only,significant_places__roll7_mean
significant_places,next_week,evening,recent_history_only,significant_places__roll14_mean
significant_places,next_week,evening,fingerprint_42d_only,weekday
significant_places,next_week,evening,fingerprint_42d_only,is_weekend
significant_places,next_week,evening,fingerprint_42d_only,study_day
significant_places,next_week,evening,fingerprint_42d_only,significant_places__roll42_mean
significant_places,next_week,evening,fingerprint_42d_only,significant_places__roll42_std
significant_places,next_week,evening,today_partial_only,weekday
significant_places,next_week,evening,today_partial_only,is_weekend
significant_places,next_week,evening,today_partial_only,study_day
significant_places,next_week,evening,today_partial_only,f_loc:phone_locations_doryab_numberofsignificantplaces:morning
significant_places,next_week,evening,today_partial_only,f_loc:phone_locations_doryab_numberofsignificantplaces:afternoon
significant_places,next_week,evening,today_partial_only,f_loc:phone_locations_doryab_numberofsignificantplaces:evening
significant_places,next_week,evening,history_plus_fingerprint,weekday
significant_places,next_week,evening,history_plus_fingerprint,is_weekend
significant_places,next_week,evening,history_plus_fingerprint,study_day
significant_places,next_week,evening,history_plus_fingerprint,significant_places__yesterday
significant_places,next_week,evening,history_plus_fingerprint,significant_places__roll7_mean
significant_places,next_week,evening,history_plus_fingerprint,significant_places__roll14_mean
significant_places,next_week,evening,history_plus_fingerprint,significant_places__roll42_mean
significant_places,next_week,evening,history_plus_fingerprint,significant_places__roll42_std
significant_places,next_week,evening,history_fingerprint_plus_today,weekday
significant_places,next_week,evening,history_fingerprint_plus_today,is_weekend
significant_places,next_week,evening,history_fingerprint_plus_today,study_day
significant_places,next_week,evening,history_fingerprint_plus_today,significant_places__yesterday
significant_places,next_week,evening,history_fingerprint_plus_today,significant_places__roll7_mean
significant_places,next_week,evening,history_fingerprint_plus_today,significant_places__roll14_mean
significant_places,next_week,evening,history_fingerprint_plus_today,significant_places__roll42_mean
significant_places,next_week,evening,history_fingerprint_plus_today,significant_places__roll42_std
significant_places,next_week,evening,history_fingerprint_plus_today,f_loc:phone_locations_doryab_numberofsignificantplaces:morning
significant_places,next_week,evening,history_fingerprint_plus_today,f_loc:phone_locations_doryab_numberofsignificantplaces:afternoon
significant_places,next_week,evening,history_fingerprint_plus_today,f_loc:phone_locations_doryab_numberofsignificantplaces:evening
incoming_call_count,tomorrow,morning,calendar_only,weekday
incoming_call_count,tomorrow,morning,calendar_only,is_weekend
incoming_call_count,tomorrow,morning,calendar_only,study_day
incoming_call_count,tomorrow,morning,recent_history_only,weekday
incoming_call_count,tomorrow,morning,recent_history_only,is_weekend
incoming_call_count,tomorrow,morning,recent_history_only,study_day
incoming_call_count,tomorrow,morning,recent_history_only,incoming_call_count__yesterday
incoming_call_count,tomorrow,morning,recent_history_only,incoming_call_count__roll7_mean
incoming_call_count,tomorrow,morning,recent_history_only,incoming_call_count__roll14_mean
incoming_call_count,tomorrow,morning,fingerprint_42d_only,weekday
incoming_call_count,tomorrow,morning,fingerprint_42d_only,is_weekend
incoming_call_count,tomorrow,morning,fingerprint_42d_only,study_day
incoming_call_count,tomorrow,morning,fingerprint_42d_only,incoming_call_count__roll42_mean
incoming_call_count,tomorrow,morning,fingerprint_42d_only,incoming_call_count__roll42_std
incoming_call_count,tomorrow,morning,today_partial_only,weekday
incoming_call_count,tomorrow,morning,today_partial_only,is_weekend
incoming_call_count,tomorrow,morning,today_partial_only,study_day
incoming_call_count,tomorrow,morning,today_partial_only,f_call:phone_calls_rapids_incoming_count:morning
incoming_call_count,tomorrow,morning,history_plus_fingerprint,weekday
incoming_call_count,tomorrow,morning,history_plus_fingerprint,is_weekend
incoming_call_count,tomorrow,morning,history_plus_fingerprint,study_day
incoming_call_count,tomorrow,morning,history_plus_fingerprint,incoming_call_count__yesterday
incoming_call_count,tomorrow,morning,history_plus_fingerprint,incoming_call_count__roll7_mean
incoming_call_count,tomorrow,morning,history_plus_fingerprint,incoming_call_count__roll14_mean
incoming_call_count,tomorrow,morning,history_plus_fingerprint,incoming_call_count__roll42_mean
incoming_call_count,tomorrow,morning,history_plus_fingerprint,incoming_call_count__roll42_std
incoming_call_count,tomorrow,morning,history_fingerprint_plus_today,weekday
incoming_call_count,tomorrow,morning,history_fingerprint_plus_today,is_weekend
incoming_call_count,tomorrow,morning,history_fingerprint_plus_today,study_day
incoming_call_count,tomorrow,morning,history_fingerprint_plus_today,incoming_call_count__yesterday
incoming_call_count,tomorrow,morning,history_fingerprint_plus_today,incoming_call_count__roll7_mean
incoming_call_count,tomorrow,morning,history_fingerprint_plus_today,incoming_call_count__roll14_mean
incoming_call_count,tomorrow,morning,history_fingerprint_plus_today,incoming_call_count__roll42_mean
incoming_call_count,tomorrow,morning,history_fingerprint_plus_today,incoming_call_count__roll42_std
incoming_call_count,tomorrow,morning,history_fingerprint_plus_today,f_call:phone_calls_rapids_incoming_count:morning
incoming_call_count,tomorrow,afternoon,calendar_only,weekday
incoming_call_count,tomorrow,afternoon,calendar_only,is_weekend
incoming_call_count,tomorrow,afternoon,calendar_only,study_day
incoming_call_count,tomorrow,afternoon,recent_history_only,weekday
incoming_call_count,tomorrow,afternoon,recent_history_only,is_weekend
incoming_call_count,tomorrow,afternoon,recent_history_only,study_day
incoming_call_count,tomorrow,afternoon,recent_history_only,incoming_call_count__yesterday
incoming_call_count,tomorrow,afternoon,recent_history_only,incoming_call_count__roll7_mean
incoming_call_count,tomorrow,afternoon,recent_history_only,incoming_call_count__roll14_mean
incoming_call_count,tomorrow,afternoon,fingerprint_42d_only,weekday
incoming_call_count,tomorrow,afternoon,fingerprint_42d_only,is_weekend
incoming_call_count,tomorrow,afternoon,fingerprint_42d_only,study_day
incoming_call_count,tomorrow,afternoon,fingerprint_42d_only,incoming_call_count__roll42_mean
incoming_call_count,tomorrow,afternoon,fingerprint_42d_only,incoming_call_count__roll42_std
incoming_call_count,tomorrow,afternoon,today_partial_only,weekday
incoming_call_count,tomorrow,afternoon,today_partial_only,is_weekend
incoming_call_count,tomorrow,afternoon,today_partial_only,study_day
incoming_call_count,tomorrow,afternoon,today_partial_only,f_call:phone_calls_rapids_incoming_count:morning
incoming_call_count,tomorrow,afternoon,today_partial_only,f_call:phone_calls_rapids_incoming_count:afternoon
incoming_call_count,tomorrow,afternoon,history_plus_fingerprint,weekday
incoming_call_count,tomorrow,afternoon,history_plus_fingerprint,is_weekend
incoming_call_count,tomorrow,afternoon,history_plus_fingerprint,study_day
incoming_call_count,tomorrow,afternoon,history_plus_fingerprint,incoming_call_count__yesterday
incoming_call_count,tomorrow,afternoon,history_plus_fingerprint,incoming_call_count__roll7_mean
incoming_call_count,tomorrow,afternoon,history_plus_fingerprint,incoming_call_count__roll14_mean
incoming_call_count,tomorrow,afternoon,history_plus_fingerprint,incoming_call_count__roll42_mean
incoming_call_count,tomorrow,afternoon,history_plus_fingerprint,incoming_call_count__roll42_std
incoming_call_count,tomorrow,afternoon,history_fingerprint_plus_today,weekday
incoming_call_count,tomorrow,afternoon,history_fingerprint_plus_today,is_weekend
incoming_call_count,tomorrow,afternoon,history_fingerprint_plus_today,study_day
incoming_call_count,tomorrow,afternoon,history_fingerprint_plus_today,incoming_call_count__yesterday
incoming_call_count,tomorrow,afternoon,history_fingerprint_plus_today,incoming_call_count__roll7_mean
incoming_call_count,tomorrow,afternoon,history_fingerprint_plus_today,incoming_call_count__roll14_mean
incoming_call_count,tomorrow,afternoon,history_fingerprint_plus_today,incoming_call_count__roll42_mean
incoming_call_count,tomorrow,afternoon,history_fingerprint_plus_today,incoming_call_count__roll42_std
incoming_call_count,tomorrow,afternoon,history_fingerprint_plus_today,f_call:phone_calls_rapids_incoming_count:morning
incoming_call_count,tomorrow,afternoon,history_fingerprint_plus_today,f_call:phone_calls_rapids_incoming_count:afternoon
incoming_call_count,tomorrow,evening,calendar_only,weekday
incoming_call_count,tomorrow,evening,calendar_only,is_weekend
incoming_call_count,tomorrow,evening,calendar_only,study_day
incoming_call_count,tomorrow,evening,recent_history_only,weekday
incoming_call_count,tomorrow,evening,recent_history_only,is_weekend
incoming_call_count,tomorrow,evening,recent_history_only,study_day
incoming_call_count,tomorrow,evening,recent_history_only,incoming_call_count__yesterday
incoming_call_count,tomorrow,evening,recent_history_only,incoming_call_count__roll7_mean
incoming_call_count,tomorrow,evening,recent_history_only,incoming_call_count__roll14_mean
incoming_call_count,tomorrow,evening,fingerprint_42d_only,weekday
incoming_call_count,tomorrow,evening,fingerprint_42d_only,is_weekend
incoming_call_count,tomorrow,evening,fingerprint_42d_only,study_day
incoming_call_count,tomorrow,evening,fingerprint_42d_only,incoming_call_count__roll42_mean
incoming_call_count,tomorrow,evening,fingerprint_42d_only,incoming_call_count__roll42_std
incoming_call_count,tomorrow,evening,today_partial_only,weekday
incoming_call_count,tomorrow,evening,today_partial_only,is_weekend
incoming_call_count,tomorrow,evening,today_partial_only,study_day
incoming_call_count,tomorrow,evening,today_partial_only,f_call:phone_calls_rapids_incoming_count:morning
incoming_call_count,tomorrow,evening,today_partial_only,f_call:phone_calls_rapids_incoming_count:afternoon
incoming_call_count,tomorrow,evening,today_partial_only,f_call:phone_calls_rapids_incoming_count:evening
incoming_call_count,tomorrow,evening,history_plus_fingerprint,weekday
incoming_call_count,tomorrow,evening,history_plus_fingerprint,is_weekend
incoming_call_count,tomorrow,evening,history_plus_fingerprint,study_day
incoming_call_count,tomorrow,evening,history_plus_fingerprint,incoming_call_count__yesterday
incoming_call_count,tomorrow,evening,history_plus_fingerprint,incoming_call_count__roll7_mean
incoming_call_count,tomorrow,evening,history_plus_fingerprint,incoming_call_count__roll14_mean
incoming_call_count,tomorrow,evening,history_plus_fingerprint,incoming_call_count__roll42_mean
incoming_call_count,tomorrow,evening,history_plus_fingerprint,incoming_call_count__roll42_std
incoming_call_count,tomorrow,evening,history_fingerprint_plus_today,weekday
incoming_call_count,tomorrow,evening,history_fingerprint_plus_today,is_weekend
incoming_call_count,tomorrow,evening,history_fingerprint_plus_today,study_day
incoming_call_count,tomorrow,evening,history_fingerprint_plus_today,incoming_call_count__yesterday
incoming_call_count,tomorrow,evening,history_fingerprint_plus_today,incoming_call_count__roll7_mean
incoming_call_count,tomorrow,evening,history_fingerprint_plus_today,incoming_call_count__roll14_mean
incoming_call_count,tomorrow,evening,history_fingerprint_plus_today,incoming_call_count__roll42_mean
incoming_call_count,tomorrow,evening,history_fingerprint_plus_today,incoming_call_count__roll42_std
incoming_call_count,tomorrow,evening,history_fingerprint_plus_today,f_call:phone_calls_rapids_incoming_count:morning
incoming_call_count,tomorrow,evening,history_fingerprint_plus_today,f_call:phone_calls_rapids_incoming_count:afternoon
incoming_call_count,tomorrow,evening,history_fingerprint_plus_today,f_call:phone_calls_rapids_incoming_count:evening
incoming_call_count,next_week,morning,calendar_only,weekday
incoming_call_count,next_week,morning,calendar_only,is_weekend
incoming_call_count,next_week,morning,calendar_only,study_day
incoming_call_count,next_week,morning,recent_history_only,weekday
incoming_call_count,next_week,morning,recent_history_only,is_weekend
incoming_call_count,next_week,morning,recent_history_only,study_day
incoming_call_count,next_week,morning,recent_history_only,incoming_call_count__yesterday
incoming_call_count,next_week,morning,recent_history_only,incoming_call_count__roll7_mean
incoming_call_count,next_week,morning,recent_history_only,incoming_call_count__roll14_mean
incoming_call_count,next_week,morning,fingerprint_42d_only,weekday
incoming_call_count,next_week,morning,fingerprint_42d_only,is_weekend
incoming_call_count,next_week,morning,fingerprint_42d_only,study_day
incoming_call_count,next_week,morning,fingerprint_42d_only,incoming_call_count__roll42_mean
incoming_call_count,next_week,morning,fingerprint_42d_only,incoming_call_count__roll42_std
incoming_call_count,next_week,morning,today_partial_only,weekday
incoming_call_count,next_week,morning,today_partial_only,is_weekend
incoming_call_count,next_week,morning,today_partial_only,study_day
incoming_call_count,next_week,morning,today_partial_only,f_call:phone_calls_rapids_incoming_count:morning
incoming_call_count,next_week,morning,history_plus_fingerprint,weekday
incoming_call_count,next_week,morning,history_plus_fingerprint,is_weekend
incoming_call_count,next_week,morning,history_plus_fingerprint,study_day
incoming_call_count,next_week,morning,history_plus_fingerprint,incoming_call_count__yesterday
incoming_call_count,next_week,morning,history_plus_fingerprint,incoming_call_count__roll7_mean
incoming_call_count,next_week,morning,history_plus_fingerprint,incoming_call_count__roll14_mean
incoming_call_count,next_week,morning,history_plus_fingerprint,incoming_call_count__roll42_mean
incoming_call_count,next_week,morning,history_plus_fingerprint,incoming_call_count__roll42_std
incoming_call_count,next_week,morning,history_fingerprint_plus_today,weekday
incoming_call_count,next_week,morning,history_fingerprint_plus_today,is_weekend
incoming_call_count,next_week,morning,history_fingerprint_plus_today,study_day
incoming_call_count,next_week,morning,history_fingerprint_plus_today,incoming_call_count__yesterday
incoming_call_count,next_week,morning,history_fingerprint_plus_today,incoming_call_count__roll7_mean
incoming_call_count,next_week,morning,history_fingerprint_plus_today,incoming_call_count__roll14_mean
incoming_call_count,next_week,morning,history_fingerprint_plus_today,incoming_call_count__roll42_mean
incoming_call_count,next_week,morning,history_fingerprint_plus_today,incoming_call_count__roll42_std
incoming_call_count,next_week,morning,history_fingerprint_plus_today,f_call:phone_calls_rapids_incoming_count:morning
incoming_call_count,next_week,afternoon,calendar_only,weekday
incoming_call_count,next_week,afternoon,calendar_only,is_weekend
incoming_call_count,next_week,afternoon,calendar_only,study_day
incoming_call_count,next_week,afternoon,recent_history_only,weekday
incoming_call_count,next_week,afternoon,recent_history_only,is_weekend
incoming_call_count,next_week,afternoon,recent_history_only,study_day
incoming_call_count,next_week,afternoon,recent_history_only,incoming_call_count__yesterday
incoming_call_count,next_week,afternoon,recent_history_only,incoming_call_count__roll7_mean
incoming_call_count,next_week,afternoon,recent_history_only,incoming_call_count__roll14_mean
incoming_call_count,next_week,afternoon,fingerprint_42d_only,weekday
incoming_call_count,next_week,afternoon,fingerprint_42d_only,is_weekend
incoming_call_count,next_week,afternoon,fingerprint_42d_only,study_day
incoming_call_count,next_week,afternoon,fingerprint_42d_only,incoming_call_count__roll42_mean
incoming_call_count,next_week,afternoon,fingerprint_42d_only,incoming_call_count__roll42_std
incoming_call_count,next_week,afternoon,today_partial_only,weekday
incoming_call_count,next_week,afternoon,today_partial_only,is_weekend
incoming_call_count,next_week,afternoon,today_partial_only,study_day
incoming_call_count,next_week,afternoon,today_partial_only,f_call:phone_calls_rapids_incoming_count:morning
incoming_call_count,next_week,afternoon,today_partial_only,f_call:phone_calls_rapids_incoming_count:afternoon
incoming_call_count,next_week,afternoon,history_plus_fingerprint,weekday
incoming_call_count,next_week,afternoon,history_plus_fingerprint,is_weekend
incoming_call_count,next_week,afternoon,history_plus_fingerprint,study_day
incoming_call_count,next_week,afternoon,history_plus_fingerprint,incoming_call_count__yesterday
incoming_call_count,next_week,afternoon,history_plus_fingerprint,incoming_call_count__roll7_mean
incoming_call_count,next_week,afternoon,history_plus_fingerprint,incoming_call_count__roll14_mean
incoming_call_count,next_week,afternoon,history_plus_fingerprint,incoming_call_count__roll42_mean
incoming_call_count,next_week,afternoon,history_plus_fingerprint,incoming_call_count__roll42_std
incoming_call_count,next_week,afternoon,history_fingerprint_plus_today,weekday
incoming_call_count,next_week,afternoon,history_fingerprint_plus_today,is_weekend
incoming_call_count,next_week,afternoon,history_fingerprint_plus_today,study_day
incoming_call_count,next_week,afternoon,history_fingerprint_plus_today,incoming_call_count__yesterday
incoming_call_count,next_week,afternoon,history_fingerprint_plus_today,incoming_call_count__roll7_mean
incoming_call_count,next_week,afternoon,history_fingerprint_plus_today,incoming_call_count__roll14_mean
incoming_call_count,next_week,afternoon,history_fingerprint_plus_today,incoming_call_count__roll42_mean
incoming_call_count,next_week,afternoon,history_fingerprint_plus_today,incoming_call_count__roll42_std
incoming_call_count,next_week,afternoon,history_fingerprint_plus_today,f_call:phone_calls_rapids_incoming_count:morning
incoming_call_count,next_week,afternoon,history_fingerprint_plus_today,f_call:phone_calls_rapids_incoming_count:afternoon
incoming_call_count,next_week,evening,calendar_only,weekday
incoming_call_count,next_week,evening,calendar_only,is_weekend
incoming_call_count,next_week,evening,calendar_only,study_day
incoming_call_count,next_week,evening,recent_history_only,weekday
incoming_call_count,next_week,evening,recent_history_only,is_weekend
incoming_call_count,next_week,evening,recent_history_only,study_day
incoming_call_count,next_week,evening,recent_history_only,incoming_call_count__yesterday
incoming_call_count,next_week,evening,recent_history_only,incoming_call_count__roll7_mean
incoming_call_count,next_week,evening,recent_history_only,incoming_call_count__roll14_mean
incoming_call_count,next_week,evening,fingerprint_42d_only,weekday
incoming_call_count,next_week,evening,fingerprint_42d_only,is_weekend
incoming_call_count,next_week,evening,fingerprint_42d_only,study_day
incoming_call_count,next_week,evening,fingerprint_42d_only,incoming_call_count__roll42_mean
incoming_call_count,next_week,evening,fingerprint_42d_only,incoming_call_count__roll42_std
incoming_call_count,next_week,evening,today_partial_only,weekday
incoming_call_count,next_week,evening,today_partial_only,is_weekend
incoming_call_count,next_week,evening,today_partial_only,study_day
incoming_call_count,next_week,evening,today_partial_only,f_call:phone_calls_rapids_incoming_count:morning
incoming_call_count,next_week,evening,today_partial_only,f_call:phone_calls_rapids_incoming_count:afternoon
incoming_call_count,next_week,evening,today_partial_only,f_call:phone_calls_rapids_incoming_count:evening
incoming_call_count,next_week,evening,history_plus_fingerprint,weekday
incoming_call_count,next_week,evening,history_plus_fingerprint,is_weekend
incoming_call_count,next_week,evening,history_plus_fingerprint,study_day
incoming_call_count,next_week,evening,history_plus_fingerprint,incoming_call_count__yesterday
incoming_call_count,next_week,evening,history_plus_fingerprint,incoming_call_count__roll7_mean
incoming_call_count,next_week,evening,history_plus_fingerprint,incoming_call_count__roll14_mean
incoming_call_count,next_week,evening,history_plus_fingerprint,incoming_call_count__roll42_mean
incoming_call_count,next_week,evening,history_plus_fingerprint,incoming_call_count__roll42_std
incoming_call_count,next_week,evening,history_fingerprint_plus_today,weekday
incoming_call_count,next_week,evening,history_fingerprint_plus_today,is_weekend
incoming_call_count,next_week,evening,history_fingerprint_plus_today,study_day
incoming_call_count,next_week,evening,history_fingerprint_plus_today,incoming_call_count__yesterday
incoming_call_count,next_week,evening,history_fingerprint_plus_today,incoming_call_count__roll7_mean
incoming_call_count,next_week,evening,history_fingerprint_plus_today,incoming_call_count__roll14_mean
incoming_call_count,next_week,evening,history_fingerprint_plus_today,incoming_call_count__roll42_mean
incoming_call_count,next_week,evening,history_fingerprint_plus_today,incoming_call_count__roll42_std
incoming_call_count,next_week,evening,history_fingerprint_plus_today,f_call:phone_calls_rapids_incoming_count:morning
incoming_call_count,next_week,evening,history_fingerprint_plus_today,f_call:phone_calls_rapids_incoming_count:afternoon
incoming_call_count,next_week,evening,history_fingerprint_plus_today,f_call:phone_calls_rapids_incoming_count:evening
outgoing_call_count,tomorrow,morning,calendar_only,weekday
outgoing_call_count,tomorrow,morning,calendar_only,is_weekend
outgoing_call_count,tomorrow,morning,calendar_only,study_day
outgoing_call_count,tomorrow,morning,recent_history_only,weekday
outgoing_call_count,tomorrow,morning,recent_history_only,is_weekend
outgoing_call_count,tomorrow,morning,recent_history_only,study_day
outgoing_call_count,tomorrow,morning,recent_history_only,outgoing_call_count__yesterday
outgoing_call_count,tomorrow,morning,recent_history_only,outgoing_call_count__roll7_mean
outgoing_call_count,tomorrow,morning,recent_history_only,outgoing_call_count__roll14_mean
outgoing_call_count,tomorrow,morning,fingerprint_42d_only,weekday
outgoing_call_count,tomorrow,morning,fingerprint_42d_only,is_weekend
outgoing_call_count,tomorrow,morning,fingerprint_42d_only,study_day
outgoing_call_count,tomorrow,morning,fingerprint_42d_only,outgoing_call_count__roll42_mean
outgoing_call_count,tomorrow,morning,fingerprint_42d_only,outgoing_call_count__roll42_std
outgoing_call_count,tomorrow,morning,today_partial_only,weekday
outgoing_call_count,tomorrow,morning,today_partial_only,is_weekend
outgoing_call_count,tomorrow,morning,today_partial_only,study_day
outgoing_call_count,tomorrow,morning,today_partial_only,f_call:phone_calls_rapids_outgoing_count:morning
outgoing_call_count,tomorrow,morning,history_plus_fingerprint,weekday
outgoing_call_count,tomorrow,morning,history_plus_fingerprint,is_weekend
outgoing_call_count,tomorrow,morning,history_plus_fingerprint,study_day
outgoing_call_count,tomorrow,morning,history_plus_fingerprint,outgoing_call_count__yesterday
outgoing_call_count,tomorrow,morning,history_plus_fingerprint,outgoing_call_count__roll7_mean
outgoing_call_count,tomorrow,morning,history_plus_fingerprint,outgoing_call_count__roll14_mean
outgoing_call_count,tomorrow,morning,history_plus_fingerprint,outgoing_call_count__roll42_mean
outgoing_call_count,tomorrow,morning,history_plus_fingerprint,outgoing_call_count__roll42_std
outgoing_call_count,tomorrow,morning,history_fingerprint_plus_today,weekday
outgoing_call_count,tomorrow,morning,history_fingerprint_plus_today,is_weekend
outgoing_call_count,tomorrow,morning,history_fingerprint_plus_today,study_day
outgoing_call_count,tomorrow,morning,history_fingerprint_plus_today,outgoing_call_count__yesterday
outgoing_call_count,tomorrow,morning,history_fingerprint_plus_today,outgoing_call_count__roll7_mean
outgoing_call_count,tomorrow,morning,history_fingerprint_plus_today,outgoing_call_count__roll14_mean
outgoing_call_count,tomorrow,morning,history_fingerprint_plus_today,outgoing_call_count__roll42_mean
outgoing_call_count,tomorrow,morning,history_fingerprint_plus_today,outgoing_call_count__roll42_std
outgoing_call_count,tomorrow,morning,history_fingerprint_plus_today,f_call:phone_calls_rapids_outgoing_count:morning
outgoing_call_count,tomorrow,afternoon,calendar_only,weekday
outgoing_call_count,tomorrow,afternoon,calendar_only,is_weekend
outgoing_call_count,tomorrow,afternoon,calendar_only,study_day
outgoing_call_count,tomorrow,afternoon,recent_history_only,weekday
outgoing_call_count,tomorrow,afternoon,recent_history_only,is_weekend
outgoing_call_count,tomorrow,afternoon,recent_history_only,study_day
outgoing_call_count,tomorrow,afternoon,recent_history_only,outgoing_call_count__yesterday
outgoing_call_count,tomorrow,afternoon,recent_history_only,outgoing_call_count__roll7_mean
outgoing_call_count,tomorrow,afternoon,recent_history_only,outgoing_call_count__roll14_mean
outgoing_call_count,tomorrow,afternoon,fingerprint_42d_only,weekday
outgoing_call_count,tomorrow,afternoon,fingerprint_42d_only,is_weekend
outgoing_call_count,tomorrow,afternoon,fingerprint_42d_only,study_day
outgoing_call_count,tomorrow,afternoon,fingerprint_42d_only,outgoing_call_count__roll42_mean
outgoing_call_count,tomorrow,afternoon,fingerprint_42d_only,outgoing_call_count__roll42_std
outgoing_call_count,tomorrow,afternoon,today_partial_only,weekday
outgoing_call_count,tomorrow,afternoon,today_partial_only,is_weekend
outgoing_call_count,tomorrow,afternoon,today_partial_only,study_day
outgoing_call_count,tomorrow,afternoon,today_partial_only,f_call:phone_calls_rapids_outgoing_count:morning
outgoing_call_count,tomorrow,afternoon,today_partial_only,f_call:phone_calls_rapids_outgoing_count:afternoon
outgoing_call_count,tomorrow,afternoon,history_plus_fingerprint,weekday
outgoing_call_count,tomorrow,afternoon,history_plus_fingerprint,is_weekend
outgoing_call_count,tomorrow,afternoon,history_plus_fingerprint,study_day
outgoing_call_count,tomorrow,afternoon,history_plus_fingerprint,outgoing_call_count__yesterday
outgoing_call_count,tomorrow,afternoon,history_plus_fingerprint,outgoing_call_count__roll7_mean
outgoing_call_count,tomorrow,afternoon,history_plus_fingerprint,outgoing_call_count__roll14_mean
outgoing_call_count,tomorrow,afternoon,history_plus_fingerprint,outgoing_call_count__roll42_mean
outgoing_call_count,tomorrow,afternoon,history_plus_fingerprint,outgoing_call_count__roll42_std
outgoing_call_count,tomorrow,afternoon,history_fingerprint_plus_today,weekday
outgoing_call_count,tomorrow,afternoon,history_fingerprint_plus_today,is_weekend
outgoing_call_count,tomorrow,afternoon,history_fingerprint_plus_today,study_day
outgoing_call_count,tomorrow,afternoon,history_fingerprint_plus_today,outgoing_call_count__yesterday
outgoing_call_count,tomorrow,afternoon,history_fingerprint_plus_today,outgoing_call_count__roll7_mean
outgoing_call_count,tomorrow,afternoon,history_fingerprint_plus_today,outgoing_call_count__roll14_mean
outgoing_call_count,tomorrow,afternoon,history_fingerprint_plus_today,outgoing_call_count__roll42_mean
outgoing_call_count,tomorrow,afternoon,history_fingerprint_plus_today,outgoing_call_count__roll42_std
outgoing_call_count,tomorrow,afternoon,history_fingerprint_plus_today,f_call:phone_calls_rapids_outgoing_count:morning
outgoing_call_count,tomorrow,afternoon,history_fingerprint_plus_today,f_call:phone_calls_rapids_outgoing_count:afternoon
outgoing_call_count,tomorrow,evening,calendar_only,weekday
outgoing_call_count,tomorrow,evening,calendar_only,is_weekend
outgoing_call_count,tomorrow,evening,calendar_only,study_day
outgoing_call_count,tomorrow,evening,recent_history_only,weekday
outgoing_call_count,tomorrow,evening,recent_history_only,is_weekend
outgoing_call_count,tomorrow,evening,recent_history_only,study_day
outgoing_call_count,tomorrow,evening,recent_history_only,outgoing_call_count__yesterday
outgoing_call_count,tomorrow,evening,recent_history_only,outgoing_call_count__roll7_mean
outgoing_call_count,tomorrow,evening,recent_history_only,outgoing_call_count__roll14_mean
outgoing_call_count,tomorrow,evening,fingerprint_42d_only,weekday
outgoing_call_count,tomorrow,evening,fingerprint_42d_only,is_weekend
outgoing_call_count,tomorrow,evening,fingerprint_42d_only,study_day
outgoing_call_count,tomorrow,evening,fingerprint_42d_only,outgoing_call_count__roll42_mean
outgoing_call_count,tomorrow,evening,fingerprint_42d_only,outgoing_call_count__roll42_std
outgoing_call_count,tomorrow,evening,today_partial_only,weekday
outgoing_call_count,tomorrow,evening,today_partial_only,is_weekend
outgoing_call_count,tomorrow,evening,today_partial_only,study_day
outgoing_call_count,tomorrow,evening,today_partial_only,f_call:phone_calls_rapids_outgoing_count:morning
outgoing_call_count,tomorrow,evening,today_partial_only,f_call:phone_calls_rapids_outgoing_count:afternoon
outgoing_call_count,tomorrow,evening,today_partial_only,f_call:phone_calls_rapids_outgoing_count:evening
outgoing_call_count,tomorrow,evening,history_plus_fingerprint,weekday
outgoing_call_count,tomorrow,evening,history_plus_fingerprint,is_weekend
outgoing_call_count,tomorrow,evening,history_plus_fingerprint,study_day
outgoing_call_count,tomorrow,evening,history_plus_fingerprint,outgoing_call_count__yesterday
outgoing_call_count,tomorrow,evening,history_plus_fingerprint,outgoing_call_count__roll7_mean
outgoing_call_count,tomorrow,evening,history_plus_fingerprint,outgoing_call_count__roll14_mean
outgoing_call_count,tomorrow,evening,history_plus_fingerprint,outgoing_call_count__roll42_mean
outgoing_call_count,tomorrow,evening,history_plus_fingerprint,outgoing_call_count__roll42_std
outgoing_call_count,tomorrow,evening,history_fingerprint_plus_today,weekday
outgoing_call_count,tomorrow,evening,history_fingerprint_plus_today,is_weekend
outgoing_call_count,tomorrow,evening,history_fingerprint_plus_today,study_day
outgoing_call_count,tomorrow,evening,history_fingerprint_plus_today,outgoing_call_count__yesterday
outgoing_call_count,tomorrow,evening,history_fingerprint_plus_today,outgoing_call_count__roll7_mean
outgoing_call_count,tomorrow,evening,history_fingerprint_plus_today,outgoing_call_count__roll14_mean
outgoing_call_count,tomorrow,evening,history_fingerprint_plus_today,outgoing_call_count__roll42_mean
outgoing_call_count,tomorrow,evening,history_fingerprint_plus_today,outgoing_call_count__roll42_std
outgoing_call_count,tomorrow,evening,history_fingerprint_plus_today,f_call:phone_calls_rapids_outgoing_count:morning
outgoing_call_count,tomorrow,evening,history_fingerprint_plus_today,f_call:phone_calls_rapids_outgoing_count:afternoon
outgoing_call_count,tomorrow,evening,history_fingerprint_plus_today,f_call:phone_calls_rapids_outgoing_count:evening
outgoing_call_count,next_week,morning,calendar_only,weekday
outgoing_call_count,next_week,morning,calendar_only,is_weekend
outgoing_call_count,next_week,morning,calendar_only,study_day
outgoing_call_count,next_week,morning,recent_history_only,weekday
outgoing_call_count,next_week,morning,recent_history_only,is_weekend
outgoing_call_count,next_week,morning,recent_history_only,study_day
outgoing_call_count,next_week,morning,recent_history_only,outgoing_call_count__yesterday
outgoing_call_count,next_week,morning,recent_history_only,outgoing_call_count__roll7_mean
outgoing_call_count,next_week,morning,recent_history_only,outgoing_call_count__roll14_mean
outgoing_call_count,next_week,morning,fingerprint_42d_only,weekday
outgoing_call_count,next_week,morning,fingerprint_42d_only,is_weekend
outgoing_call_count,next_week,morning,fingerprint_42d_only,study_day
outgoing_call_count,next_week,morning,fingerprint_42d_only,outgoing_call_count__roll42_mean
outgoing_call_count,next_week,morning,fingerprint_42d_only,outgoing_call_count__roll42_std
outgoing_call_count,next_week,morning,today_partial_only,weekday
outgoing_call_count,next_week,morning,today_partial_only,is_weekend
outgoing_call_count,next_week,morning,today_partial_only,study_day
outgoing_call_count,next_week,morning,today_partial_only,f_call:phone_calls_rapids_outgoing_count:morning
outgoing_call_count,next_week,morning,history_plus_fingerprint,weekday
outgoing_call_count,next_week,morning,history_plus_fingerprint,is_weekend
outgoing_call_count,next_week,morning,history_plus_fingerprint,study_day
outgoing_call_count,next_week,morning,history_plus_fingerprint,outgoing_call_count__yesterday
outgoing_call_count,next_week,morning,history_plus_fingerprint,outgoing_call_count__roll7_mean
outgoing_call_count,next_week,morning,history_plus_fingerprint,outgoing_call_count__roll14_mean
outgoing_call_count,next_week,morning,history_plus_fingerprint,outgoing_call_count__roll42_mean
outgoing_call_count,next_week,morning,history_plus_fingerprint,outgoing_call_count__roll42_std
outgoing_call_count,next_week,morning,history_fingerprint_plus_today,weekday
outgoing_call_count,next_week,morning,history_fingerprint_plus_today,is_weekend
outgoing_call_count,next_week,morning,history_fingerprint_plus_today,study_day
outgoing_call_count,next_week,morning,history_fingerprint_plus_today,outgoing_call_count__yesterday
outgoing_call_count,next_week,morning,history_fingerprint_plus_today,outgoing_call_count__roll7_mean
outgoing_call_count,next_week,morning,history_fingerprint_plus_today,outgoing_call_count__roll14_mean
outgoing_call_count,next_week,morning,history_fingerprint_plus_today,outgoing_call_count__roll42_mean
outgoing_call_count,next_week,morning,history_fingerprint_plus_today,outgoing_call_count__roll42_std
outgoing_call_count,next_week,morning,history_fingerprint_plus_today,f_call:phone_calls_rapids_outgoing_count:morning
outgoing_call_count,next_week,afternoon,calendar_only,weekday
outgoing_call_count,next_week,afternoon,calendar_only,is_weekend
outgoing_call_count,next_week,afternoon,calendar_only,study_day
outgoing_call_count,next_week,afternoon,recent_history_only,weekday
outgoing_call_count,next_week,afternoon,recent_history_only,is_weekend
outgoing_call_count,next_week,afternoon,recent_history_only,study_day
outgoing_call_count,next_week,afternoon,recent_history_only,outgoing_call_count__yesterday
outgoing_call_count,next_week,afternoon,recent_history_only,outgoing_call_count__roll7_mean
outgoing_call_count,next_week,afternoon,recent_history_only,outgoing_call_count__roll14_mean
outgoing_call_count,next_week,afternoon,fingerprint_42d_only,weekday
outgoing_call_count,next_week,afternoon,fingerprint_42d_only,is_weekend
outgoing_call_count,next_week,afternoon,fingerprint_42d_only,study_day
outgoing_call_count,next_week,afternoon,fingerprint_42d_only,outgoing_call_count__roll42_mean
outgoing_call_count,next_week,afternoon,fingerprint_42d_only,outgoing_call_count__roll42_std
outgoing_call_count,next_week,afternoon,today_partial_only,weekday
outgoing_call_count,next_week,afternoon,today_partial_only,is_weekend
outgoing_call_count,next_week,afternoon,today_partial_only,study_day
outgoing_call_count,next_week,afternoon,today_partial_only,f_call:phone_calls_rapids_outgoing_count:morning
outgoing_call_count,next_week,afternoon,today_partial_only,f_call:phone_calls_rapids_outgoing_count:afternoon
outgoing_call_count,next_week,afternoon,history_plus_fingerprint,weekday
outgoing_call_count,next_week,afternoon,history_plus_fingerprint,is_weekend
outgoing_call_count,next_week,afternoon,history_plus_fingerprint,study_day
outgoing_call_count,next_week,afternoon,history_plus_fingerprint,outgoing_call_count__yesterday
outgoing_call_count,next_week,afternoon,history_plus_fingerprint,outgoing_call_count__roll7_mean
outgoing_call_count,next_week,afternoon,history_plus_fingerprint,outgoing_call_count__roll14_mean
outgoing_call_count,next_week,afternoon,history_plus_fingerprint,outgoing_call_count__roll42_mean
outgoing_call_count,next_week,afternoon,history_plus_fingerprint,outgoing_call_count__roll42_std
outgoing_call_count,next_week,afternoon,history_fingerprint_plus_today,weekday
outgoing_call_count,next_week,afternoon,history_fingerprint_plus_today,is_weekend
outgoing_call_count,next_week,afternoon,history_fingerprint_plus_today,study_day
outgoing_call_count,next_week,afternoon,history_fingerprint_plus_today,outgoing_call_count__yesterday
outgoing_call_count,next_week,afternoon,history_fingerprint_plus_today,outgoing_call_count__roll7_mean
outgoing_call_count,next_week,afternoon,history_fingerprint_plus_today,outgoing_call_count__roll14_mean
outgoing_call_count,next_week,afternoon,history_fingerprint_plus_today,outgoing_call_count__roll42_mean
outgoing_call_count,next_week,afternoon,history_fingerprint_plus_today,outgoing_call_count__roll42_std
outgoing_call_count,next_week,afternoon,history_fingerprint_plus_today,f_call:phone_calls_rapids_outgoing_count:morning
outgoing_call_count,next_week,afternoon,history_fingerprint_plus_today,f_call:phone_calls_rapids_outgoing_count:afternoon
outgoing_call_count,next_week,evening,calendar_only,weekday
outgoing_call_count,next_week,evening,calendar_only,is_weekend
outgoing_call_count,next_week,evening,calendar_only,study_day
outgoing_call_count,next_week,evening,recent_history_only,weekday
outgoing_call_count,next_week,evening,recent_history_only,is_weekend
outgoing_call_count,next_week,evening,recent_history_only,study_day
outgoing_call_count,next_week,evening,recent_history_only,outgoing_call_count__yesterday
outgoing_call_count,next_week,evening,recent_history_only,outgoing_call_count__roll7_mean
outgoing_call_count,next_week,evening,recent_history_only,outgoing_call_count__roll14_mean
outgoing_call_count,next_week,evening,fingerprint_42d_only,weekday
outgoing_call_count,next_week,evening,fingerprint_42d_only,is_weekend
outgoing_call_count,next_week,evening,fingerprint_42d_only,study_day
outgoing_call_count,next_week,evening,fingerprint_42d_only,outgoing_call_count__roll42_mean
outgoing_call_count,next_week,evening,fingerprint_42d_only,outgoing_call_count__roll42_std
outgoing_call_count,next_week,evening,today_partial_only,weekday
outgoing_call_count,next_week,evening,today_partial_only,is_weekend
outgoing_call_count,next_week,evening,today_partial_only,study_day
outgoing_call_count,next_week,evening,today_partial_only,f_call:phone_calls_rapids_outgoing_count:morning
outgoing_call_count,next_week,evening,today_partial_only,f_call:phone_calls_rapids_outgoing_count:afternoon
outgoing_call_count,next_week,evening,today_partial_only,f_call:phone_calls_rapids_outgoing_count:evening
outgoing_call_count,next_week,evening,history_plus_fingerprint,weekday
outgoing_call_count,next_week,evening,history_plus_fingerprint,is_weekend
outgoing_call_count,next_week,evening,history_plus_fingerprint,study_day
outgoing_call_count,next_week,evening,history_plus_fingerprint,outgoing_call_count__yesterday
outgoing_call_count,next_week,evening,history_plus_fingerprint,outgoing_call_count__roll7_mean
outgoing_call_count,next_week,evening,history_plus_fingerprint,outgoing_call_count__roll14_mean
outgoing_call_count,next_week,evening,history_plus_fingerprint,outgoing_call_count__roll42_mean
outgoing_call_count,next_week,evening,history_plus_fingerprint,outgoing_call_count__roll42_std
outgoing_call_count,next_week,evening,history_fingerprint_plus_today,weekday
outgoing_call_count,next_week,evening,history_fingerprint_plus_today,is_weekend
outgoing_call_count,next_week,evening,history_fingerprint_plus_today,study_day
outgoing_call_count,next_week,evening,history_fingerprint_plus_today,outgoing_call_count__yesterday
outgoing_call_count,next_week,evening,history_fingerprint_plus_today,outgoing_call_count__roll7_mean
outgoing_call_count,next_week,evening,history_fingerprint_plus_today,outgoing_call_count__roll14_mean
outgoing_call_count,next_week,evening,history_fingerprint_plus_today,outgoing_call_count__roll42_mean
outgoing_call_count,next_week,evening,history_fingerprint_plus_today,outgoing_call_count__roll42_std
outgoing_call_count,next_week,evening,history_fingerprint_plus_today,f_call:phone_calls_rapids_outgoing_count:morning
outgoing_call_count,next_week,evening,history_fingerprint_plus_today,f_call:phone_calls_rapids_outgoing_count:afternoon
outgoing_call_count,next_week,evening,history_fingerprint_plus_today,f_call:phone_calls_rapids_outgoing_count:evening
bluetooth_unique_devices,tomorrow,morning,calendar_only,weekday
bluetooth_unique_devices,tomorrow,morning,calendar_only,is_weekend
bluetooth_unique_devices,tomorrow,morning,calendar_only,study_day
bluetooth_unique_devices,tomorrow,morning,recent_history_only,weekday
bluetooth_unique_devices,tomorrow,morning,recent_history_only,is_weekend
bluetooth_unique_devices,tomorrow,morning,recent_history_only,study_day
bluetooth_unique_devices,tomorrow,morning,recent_history_only,bluetooth_unique_devices__yesterday
bluetooth_unique_devices,tomorrow,morning,recent_history_only,bluetooth_unique_devices__roll7_mean
bluetooth_unique_devices,tomorrow,morning,recent_history_only,bluetooth_unique_devices__roll14_mean
bluetooth_unique_devices,tomorrow,morning,fingerprint_42d_only,weekday
bluetooth_unique_devices,tomorrow,morning,fingerprint_42d_only,is_weekend
bluetooth_unique_devices,tomorrow,morning,fingerprint_42d_only,study_day
bluetooth_unique_devices,tomorrow,morning,fingerprint_42d_only,bluetooth_unique_devices__roll42_mean
bluetooth_unique_devices,tomorrow,morning,fingerprint_42d_only,bluetooth_unique_devices__roll42_std
bluetooth_unique_devices,tomorrow,morning,today_partial_only,weekday
bluetooth_unique_devices,tomorrow,morning,today_partial_only,is_weekend
bluetooth_unique_devices,tomorrow,morning,today_partial_only,study_day
bluetooth_unique_devices,tomorrow,morning,today_partial_only,f_blue:phone_bluetooth_rapids_uniquedevices:morning
bluetooth_unique_devices,tomorrow,morning,history_plus_fingerprint,weekday
bluetooth_unique_devices,tomorrow,morning,history_plus_fingerprint,is_weekend
bluetooth_unique_devices,tomorrow,morning,history_plus_fingerprint,study_day
bluetooth_unique_devices,tomorrow,morning,history_plus_fingerprint,bluetooth_unique_devices__yesterday
bluetooth_unique_devices,tomorrow,morning,history_plus_fingerprint,bluetooth_unique_devices__roll7_mean
bluetooth_unique_devices,tomorrow,morning,history_plus_fingerprint,bluetooth_unique_devices__roll14_mean
bluetooth_unique_devices,tomorrow,morning,history_plus_fingerprint,bluetooth_unique_devices__roll42_mean
bluetooth_unique_devices,tomorrow,morning,history_plus_fingerprint,bluetooth_unique_devices__roll42_std
bluetooth_unique_devices,tomorrow,morning,history_fingerprint_plus_today,weekday
bluetooth_unique_devices,tomorrow,morning,history_fingerprint_plus_today,is_weekend
bluetooth_unique_devices,tomorrow,morning,history_fingerprint_plus_today,study_day
bluetooth_unique_devices,tomorrow,morning,history_fingerprint_plus_today,bluetooth_unique_devices__yesterday
bluetooth_unique_devices,tomorrow,morning,history_fingerprint_plus_today,bluetooth_unique_devices__roll7_mean
bluetooth_unique_devices,tomorrow,morning,history_fingerprint_plus_today,bluetooth_unique_devices__roll14_mean
bluetooth_unique_devices,tomorrow,morning,history_fingerprint_plus_today,bluetooth_unique_devices__roll42_mean
bluetooth_unique_devices,tomorrow,morning,history_fingerprint_plus_today,bluetooth_unique_devices__roll42_std
bluetooth_unique_devices,tomorrow,morning,history_fingerprint_plus_today,f_blue:phone_bluetooth_rapids_uniquedevices:morning
bluetooth_unique_devices,tomorrow,afternoon,calendar_only,weekday
bluetooth_unique_devices,tomorrow,afternoon,calendar_only,is_weekend
bluetooth_unique_devices,tomorrow,afternoon,calendar_only,study_day
bluetooth_unique_devices,tomorrow,afternoon,recent_history_only,weekday
bluetooth_unique_devices,tomorrow,afternoon,recent_history_only,is_weekend
bluetooth_unique_devices,tomorrow,afternoon,recent_history_only,study_day
bluetooth_unique_devices,tomorrow,afternoon,recent_history_only,bluetooth_unique_devices__yesterday
bluetooth_unique_devices,tomorrow,afternoon,recent_history_only,bluetooth_unique_devices__roll7_mean
bluetooth_unique_devices,tomorrow,afternoon,recent_history_only,bluetooth_unique_devices__roll14_mean
bluetooth_unique_devices,tomorrow,afternoon,fingerprint_42d_only,weekday
bluetooth_unique_devices,tomorrow,afternoon,fingerprint_42d_only,is_weekend
bluetooth_unique_devices,tomorrow,afternoon,fingerprint_42d_only,study_day
bluetooth_unique_devices,tomorrow,afternoon,fingerprint_42d_only,bluetooth_unique_devices__roll42_mean
bluetooth_unique_devices,tomorrow,afternoon,fingerprint_42d_only,bluetooth_unique_devices__roll42_std
bluetooth_unique_devices,tomorrow,afternoon,today_partial_only,weekday
bluetooth_unique_devices,tomorrow,afternoon,today_partial_only,is_weekend
bluetooth_unique_devices,tomorrow,afternoon,today_partial_only,study_day
bluetooth_unique_devices,tomorrow,afternoon,today_partial_only,f_blue:phone_bluetooth_rapids_uniquedevices:morning
bluetooth_unique_devices,tomorrow,afternoon,today_partial_only,f_blue:phone_bluetooth_rapids_uniquedevices:afternoon
bluetooth_unique_devices,tomorrow,afternoon,history_plus_fingerprint,weekday
bluetooth_unique_devices,tomorrow,afternoon,history_plus_fingerprint,is_weekend
bluetooth_unique_devices,tomorrow,afternoon,history_plus_fingerprint,study_day
bluetooth_unique_devices,tomorrow,afternoon,history_plus_fingerprint,bluetooth_unique_devices__yesterday
bluetooth_unique_devices,tomorrow,afternoon,history_plus_fingerprint,bluetooth_unique_devices__roll7_mean
bluetooth_unique_devices,tomorrow,afternoon,history_plus_fingerprint,bluetooth_unique_devices__roll14_mean
bluetooth_unique_devices,tomorrow,afternoon,history_plus_fingerprint,bluetooth_unique_devices__roll42_mean
bluetooth_unique_devices,tomorrow,afternoon,history_plus_fingerprint,bluetooth_unique_devices__roll42_std
bluetooth_unique_devices,tomorrow,afternoon,history_fingerprint_plus_today,weekday
bluetooth_unique_devices,tomorrow,afternoon,history_fingerprint_plus_today,is_weekend
bluetooth_unique_devices,tomorrow,afternoon,history_fingerprint_plus_today,study_day
bluetooth_unique_devices,tomorrow,afternoon,history_fingerprint_plus_today,bluetooth_unique_devices__yesterday
bluetooth_unique_devices,tomorrow,afternoon,history_fingerprint_plus_today,bluetooth_unique_devices__roll7_mean
bluetooth_unique_devices,tomorrow,afternoon,history_fingerprint_plus_today,bluetooth_unique_devices__roll14_mean
bluetooth_unique_devices,tomorrow,afternoon,history_fingerprint_plus_today,bluetooth_unique_devices__roll42_mean
bluetooth_unique_devices,tomorrow,afternoon,history_fingerprint_plus_today,bluetooth_unique_devices__roll42_std
bluetooth_unique_devices,tomorrow,afternoon,history_fingerprint_plus_today,f_blue:phone_bluetooth_rapids_uniquedevices:morning
bluetooth_unique_devices,tomorrow,afternoon,history_fingerprint_plus_today,f_blue:phone_bluetooth_rapids_uniquedevices:afternoon
bluetooth_unique_devices,tomorrow,evening,calendar_only,weekday
bluetooth_unique_devices,tomorrow,evening,calendar_only,is_weekend
bluetooth_unique_devices,tomorrow,evening,calendar_only,study_day
bluetooth_unique_devices,tomorrow,evening,recent_history_only,weekday
bluetooth_unique_devices,tomorrow,evening,recent_history_only,is_weekend
bluetooth_unique_devices,tomorrow,evening,recent_history_only,study_day
bluetooth_unique_devices,tomorrow,evening,recent_history_only,bluetooth_unique_devices__yesterday
bluetooth_unique_devices,tomorrow,evening,recent_history_only,bluetooth_unique_devices__roll7_mean
bluetooth_unique_devices,tomorrow,evening,recent_history_only,bluetooth_unique_devices__roll14_mean
bluetooth_unique_devices,tomorrow,evening,fingerprint_42d_only,weekday
bluetooth_unique_devices,tomorrow,evening,fingerprint_42d_only,is_weekend
bluetooth_unique_devices,tomorrow,evening,fingerprint_42d_only,study_day
bluetooth_unique_devices,tomorrow,evening,fingerprint_42d_only,bluetooth_unique_devices__roll42_mean
bluetooth_unique_devices,tomorrow,evening,fingerprint_42d_only,bluetooth_unique_devices__roll42_std
bluetooth_unique_devices,tomorrow,evening,today_partial_only,weekday
bluetooth_unique_devices,tomorrow,evening,today_partial_only,is_weekend
bluetooth_unique_devices,tomorrow,evening,today_partial_only,study_day
bluetooth_unique_devices,tomorrow,evening,today_partial_only,f_blue:phone_bluetooth_rapids_uniquedevices:morning
bluetooth_unique_devices,tomorrow,evening,today_partial_only,f_blue:phone_bluetooth_rapids_uniquedevices:afternoon
bluetooth_unique_devices,tomorrow,evening,today_partial_only,f_blue:phone_bluetooth_rapids_uniquedevices:evening
bluetooth_unique_devices,tomorrow,evening,history_plus_fingerprint,weekday
bluetooth_unique_devices,tomorrow,evening,history_plus_fingerprint,is_weekend
bluetooth_unique_devices,tomorrow,evening,history_plus_fingerprint,study_day
bluetooth_unique_devices,tomorrow,evening,history_plus_fingerprint,bluetooth_unique_devices__yesterday
bluetooth_unique_devices,tomorrow,evening,history_plus_fingerprint,bluetooth_unique_devices__roll7_mean
bluetooth_unique_devices,tomorrow,evening,history_plus_fingerprint,bluetooth_unique_devices__roll14_mean
bluetooth_unique_devices,tomorrow,evening,history_plus_fingerprint,bluetooth_unique_devices__roll42_mean
bluetooth_unique_devices,tomorrow,evening,history_plus_fingerprint,bluetooth_unique_devices__roll42_std
bluetooth_unique_devices,tomorrow,evening,history_fingerprint_plus_today,weekday
bluetooth_unique_devices,tomorrow,evening,history_fingerprint_plus_today,is_weekend
bluetooth_unique_devices,tomorrow,evening,history_fingerprint_plus_today,study_day
bluetooth_unique_devices,tomorrow,evening,history_fingerprint_plus_today,bluetooth_unique_devices__yesterday
bluetooth_unique_devices,tomorrow,evening,history_fingerprint_plus_today,bluetooth_unique_devices__roll7_mean
bluetooth_unique_devices,tomorrow,evening,history_fingerprint_plus_today,bluetooth_unique_devices__roll14_mean
bluetooth_unique_devices,tomorrow,evening,history_fingerprint_plus_today,bluetooth_unique_devices__roll42_mean
bluetooth_unique_devices,tomorrow,evening,history_fingerprint_plus_today,bluetooth_unique_devices__roll42_std
bluetooth_unique_devices,tomorrow,evening,history_fingerprint_plus_today,f_blue:phone_bluetooth_rapids_uniquedevices:morning
bluetooth_unique_devices,tomorrow,evening,history_fingerprint_plus_today,f_blue:phone_bluetooth_rapids_uniquedevices:afternoon
bluetooth_unique_devices,tomorrow,evening,history_fingerprint_plus_today,f_blue:phone_bluetooth_rapids_uniquedevices:evening
bluetooth_unique_devices,next_week,morning,calendar_only,weekday
bluetooth_unique_devices,next_week,morning,calendar_only,is_weekend
bluetooth_unique_devices,next_week,morning,calendar_only,study_day
bluetooth_unique_devices,next_week,morning,recent_history_only,weekday
bluetooth_unique_devices,next_week,morning,recent_history_only,is_weekend
bluetooth_unique_devices,next_week,morning,recent_history_only,study_day
bluetooth_unique_devices,next_week,morning,recent_history_only,bluetooth_unique_devices__yesterday
bluetooth_unique_devices,next_week,morning,recent_history_only,bluetooth_unique_devices__roll7_mean
bluetooth_unique_devices,next_week,morning,recent_history_only,bluetooth_unique_devices__roll14_mean
bluetooth_unique_devices,next_week,morning,fingerprint_42d_only,weekday
bluetooth_unique_devices,next_week,morning,fingerprint_42d_only,is_weekend
bluetooth_unique_devices,next_week,morning,fingerprint_42d_only,study_day
bluetooth_unique_devices,next_week,morning,fingerprint_42d_only,bluetooth_unique_devices__roll42_mean
bluetooth_unique_devices,next_week,morning,fingerprint_42d_only,bluetooth_unique_devices__roll42_std
bluetooth_unique_devices,next_week,morning,today_partial_only,weekday
bluetooth_unique_devices,next_week,morning,today_partial_only,is_weekend
bluetooth_unique_devices,next_week,morning,today_partial_only,study_day
bluetooth_unique_devices,next_week,morning,today_partial_only,f_blue:phone_bluetooth_rapids_uniquedevices:morning
bluetooth_unique_devices,next_week,morning,history_plus_fingerprint,weekday
bluetooth_unique_devices,next_week,morning,history_plus_fingerprint,is_weekend
bluetooth_unique_devices,next_week,morning,history_plus_fingerprint,study_day
bluetooth_unique_devices,next_week,morning,history_plus_fingerprint,bluetooth_unique_devices__yesterday
bluetooth_unique_devices,next_week,morning,history_plus_fingerprint,bluetooth_unique_devices__roll7_mean
bluetooth_unique_devices,next_week,morning,history_plus_fingerprint,bluetooth_unique_devices__roll14_mean
bluetooth_unique_devices,next_week,morning,history_plus_fingerprint,bluetooth_unique_devices__roll42_mean
bluetooth_unique_devices,next_week,morning,history_plus_fingerprint,bluetooth_unique_devices__roll42_std
bluetooth_unique_devices,next_week,morning,history_fingerprint_plus_today,weekday
bluetooth_unique_devices,next_week,morning,history_fingerprint_plus_today,is_weekend
bluetooth_unique_devices,next_week,morning,history_fingerprint_plus_today,study_day
bluetooth_unique_devices,next_week,morning,history_fingerprint_plus_today,bluetooth_unique_devices__yesterday
bluetooth_unique_devices,next_week,morning,history_fingerprint_plus_today,bluetooth_unique_devices__roll7_mean
bluetooth_unique_devices,next_week,morning,history_fingerprint_plus_today,bluetooth_unique_devices__roll14_mean
bluetooth_unique_devices,next_week,morning,history_fingerprint_plus_today,bluetooth_unique_devices__roll42_mean
bluetooth_unique_devices,next_week,morning,history_fingerprint_plus_today,bluetooth_unique_devices__roll42_std
bluetooth_unique_devices,next_week,morning,history_fingerprint_plus_today,f_blue:phone_bluetooth_rapids_uniquedevices:morning
bluetooth_unique_devices,next_week,afternoon,calendar_only,weekday
bluetooth_unique_devices,next_week,afternoon,calendar_only,is_weekend
bluetooth_unique_devices,next_week,afternoon,calendar_only,study_day
bluetooth_unique_devices,next_week,afternoon,recent_history_only,weekday
bluetooth_unique_devices,next_week,afternoon,recent_history_only,is_weekend
bluetooth_unique_devices,next_week,afternoon,recent_history_only,study_day
bluetooth_unique_devices,next_week,afternoon,recent_history_only,bluetooth_unique_devices__yesterday
bluetooth_unique_devices,next_week,afternoon,recent_history_only,bluetooth_unique_devices__roll7_mean
bluetooth_unique_devices,next_week,afternoon,recent_history_only,bluetooth_unique_devices__roll14_mean
bluetooth_unique_devices,next_week,afternoon,fingerprint_42d_only,weekday
bluetooth_unique_devices,next_week,afternoon,fingerprint_42d_only,is_weekend
bluetooth_unique_devices,next_week,afternoon,fingerprint_42d_only,study_day
bluetooth_unique_devices,next_week,afternoon,fingerprint_42d_only,bluetooth_unique_devices__roll42_mean
bluetooth_unique_devices,next_week,afternoon,fingerprint_42d_only,bluetooth_unique_devices__roll42_std
bluetooth_unique_devices,next_week,afternoon,today_partial_only,weekday
bluetooth_unique_devices,next_week,afternoon,today_partial_only,is_weekend
bluetooth_unique_devices,next_week,afternoon,today_partial_only,study_day
bluetooth_unique_devices,next_week,afternoon,today_partial_only,f_blue:phone_bluetooth_rapids_uniquedevices:morning
bluetooth_unique_devices,next_week,afternoon,today_partial_only,f_blue:phone_bluetooth_rapids_uniquedevices:afternoon
bluetooth_unique_devices,next_week,afternoon,history_plus_fingerprint,weekday
bluetooth_unique_devices,next_week,afternoon,history_plus_fingerprint,is_weekend
bluetooth_unique_devices,next_week,afternoon,history_plus_fingerprint,study_day
bluetooth_unique_devices,next_week,afternoon,history_plus_fingerprint,bluetooth_unique_devices__yesterday
bluetooth_unique_devices,next_week,afternoon,history_plus_fingerprint,bluetooth_unique_devices__roll7_mean
bluetooth_unique_devices,next_week,afternoon,history_plus_fingerprint,bluetooth_unique_devices__roll14_mean
bluetooth_unique_devices,next_week,afternoon,history_plus_fingerprint,bluetooth_unique_devices__roll42_mean
bluetooth_unique_devices,next_week,afternoon,history_plus_fingerprint,bluetooth_unique_devices__roll42_std
bluetooth_unique_devices,next_week,afternoon,history_fingerprint_plus_today,weekday
bluetooth_unique_devices,next_week,afternoon,history_fingerprint_plus_today,is_weekend
bluetooth_unique_devices,next_week,afternoon,history_fingerprint_plus_today,study_day
bluetooth_unique_devices,next_week,afternoon,history_fingerprint_plus_today,bluetooth_unique_devices__yesterday
bluetooth_unique_devices,next_week,afternoon,history_fingerprint_plus_today,bluetooth_unique_devices__roll7_mean
bluetooth_unique_devices,next_week,afternoon,history_fingerprint_plus_today,bluetooth_unique_devices__roll14_mean
bluetooth_unique_devices,next_week,afternoon,history_fingerprint_plus_today,bluetooth_unique_devices__roll42_mean
bluetooth_unique_devices,next_week,afternoon,history_fingerprint_plus_today,bluetooth_unique_devices__roll42_std
bluetooth_unique_devices,next_week,afternoon,history_fingerprint_plus_today,f_blue:phone_bluetooth_rapids_uniquedevices:morning
bluetooth_unique_devices,next_week,afternoon,history_fingerprint_plus_today,f_blue:phone_bluetooth_rapids_uniquedevices:afternoon
bluetooth_unique_devices,next_week,evening,calendar_only,weekday
bluetooth_unique_devices,next_week,evening,calendar_only,is_weekend
bluetooth_unique_devices,next_week,evening,calendar_only,study_day
bluetooth_unique_devices,next_week,evening,recent_history_only,weekday
bluetooth_unique_devices,next_week,evening,recent_history_only,is_weekend
bluetooth_unique_devices,next_week,evening,recent_history_only,study_day
bluetooth_unique_devices,next_week,evening,recent_history_only,bluetooth_unique_devices__yesterday
bluetooth_unique_devices,next_week,evening,recent_history_only,bluetooth_unique_devices__roll7_mean
bluetooth_unique_devices,next_week,evening,recent_history_only,bluetooth_unique_devices__roll14_mean
bluetooth_unique_devices,next_week,evening,fingerprint_42d_only,weekday
bluetooth_unique_devices,next_week,evening,fingerprint_42d_only,is_weekend
bluetooth_unique_devices,next_week,evening,fingerprint_42d_only,study_day
bluetooth_unique_devices,next_week,evening,fingerprint_42d_only,bluetooth_unique_devices__roll42_mean
bluetooth_unique_devices,next_week,evening,fingerprint_42d_only,bluetooth_unique_devices__roll42_std
bluetooth_unique_devices,next_week,evening,today_partial_only,weekday
bluetooth_unique_devices,next_week,evening,today_partial_only,is_weekend
bluetooth_unique_devices,next_week,evening,today_partial_only,study_day
bluetooth_unique_devices,next_week,evening,today_partial_only,f_blue:phone_bluetooth_rapids_uniquedevices:morning
bluetooth_unique_devices,next_week,evening,today_partial_only,f_blue:phone_bluetooth_rapids_uniquedevices:afternoon
bluetooth_unique_devices,next_week,evening,today_partial_only,f_blue:phone_bluetooth_rapids_uniquedevices:evening
bluetooth_unique_devices,next_week,evening,history_plus_fingerprint,weekday
bluetooth_unique_devices,next_week,evening,history_plus_fingerprint,is_weekend
bluetooth_unique_devices,next_week,evening,history_plus_fingerprint,study_day
bluetooth_unique_devices,next_week,evening,history_plus_fingerprint,bluetooth_unique_devices__yesterday
bluetooth_unique_devices,next_week,evening,history_plus_fingerprint,bluetooth_unique_devices__roll7_mean
bluetooth_unique_devices,next_week,evening,history_plus_fingerprint,bluetooth_unique_devices__roll14_mean
bluetooth_unique_devices,next_week,evening,history_plus_fingerprint,bluetooth_unique_devices__roll42_mean
bluetooth_unique_devices,next_week,evening,history_plus_fingerprint,bluetooth_unique_devices__roll42_std
bluetooth_unique_devices,next_week,evening,history_fingerprint_plus_today,weekday
bluetooth_unique_devices,next_week,evening,history_fingerprint_plus_today,is_weekend
bluetooth_unique_devices,next_week,evening,history_fingerprint_plus_today,study_day
bluetooth_unique_devices,next_week,evening,history_fingerprint_plus_today,bluetooth_unique_devices__yesterday
bluetooth_unique_devices,next_week,evening,history_fingerprint_plus_today,bluetooth_unique_devices__roll7_mean
bluetooth_unique_devices,next_week,evening,history_fingerprint_plus_today,bluetooth_unique_devices__roll14_mean
bluetooth_unique_devices,next_week,evening,history_fingerprint_plus_today,bluetooth_unique_devices__roll42_mean
bluetooth_unique_devices,next_week,evening,history_fingerprint_plus_today,bluetooth_unique_devices__roll42_std
bluetooth_unique_devices,next_week,evening,history_fingerprint_plus_today,f_blue:phone_bluetooth_rapids_uniquedevices:morning
bluetooth_unique_devices,next_week,evening,history_fingerprint_plus_today,f_blue:phone_bluetooth_rapids_uniquedevices:afternoon
bluetooth_unique_devices,next_week,evening,history_fingerprint_plus_today,f_blue:phone_bluetooth_rapids_uniquedevices:evening
wifi_unique_devices,tomorrow,morning,calendar_only,weekday
wifi_unique_devices,tomorrow,morning,calendar_only,is_weekend
wifi_unique_devices,tomorrow,morning,calendar_only,study_day
wifi_unique_devices,tomorrow,morning,recent_history_only,weekday
wifi_unique_devices,tomorrow,morning,recent_history_only,is_weekend
wifi_unique_devices,tomorrow,morning,recent_history_only,study_day
wifi_unique_devices,tomorrow,morning,recent_history_only,wifi_unique_devices__yesterday
wifi_unique_devices,tomorrow,morning,recent_history_only,wifi_unique_devices__roll7_mean
wifi_unique_devices,tomorrow,morning,recent_history_only,wifi_unique_devices__roll14_mean
wifi_unique_devices,tomorrow,morning,fingerprint_42d_only,weekday
wifi_unique_devices,tomorrow,morning,fingerprint_42d_only,is_weekend
wifi_unique_devices,tomorrow,morning,fingerprint_42d_only,study_day
wifi_unique_devices,tomorrow,morning,fingerprint_42d_only,wifi_unique_devices__roll42_mean
wifi_unique_devices,tomorrow,morning,fingerprint_42d_only,wifi_unique_devices__roll42_std
wifi_unique_devices,tomorrow,morning,today_partial_only,weekday
wifi_unique_devices,tomorrow,morning,today_partial_only,is_weekend
wifi_unique_devices,tomorrow,morning,today_partial_only,study_day
wifi_unique_devices,tomorrow,morning,today_partial_only,f_wifi:phone_wifi_connected_rapids_uniquedevices:morning
wifi_unique_devices,tomorrow,morning,history_plus_fingerprint,weekday
wifi_unique_devices,tomorrow,morning,history_plus_fingerprint,is_weekend
wifi_unique_devices,tomorrow,morning,history_plus_fingerprint,study_day
wifi_unique_devices,tomorrow,morning,history_plus_fingerprint,wifi_unique_devices__yesterday
wifi_unique_devices,tomorrow,morning,history_plus_fingerprint,wifi_unique_devices__roll7_mean
wifi_unique_devices,tomorrow,morning,history_plus_fingerprint,wifi_unique_devices__roll14_mean
wifi_unique_devices,tomorrow,morning,history_plus_fingerprint,wifi_unique_devices__roll42_mean
wifi_unique_devices,tomorrow,morning,history_plus_fingerprint,wifi_unique_devices__roll42_std
wifi_unique_devices,tomorrow,morning,history_fingerprint_plus_today,weekday
wifi_unique_devices,tomorrow,morning,history_fingerprint_plus_today,is_weekend
wifi_unique_devices,tomorrow,morning,history_fingerprint_plus_today,study_day
wifi_unique_devices,tomorrow,morning,history_fingerprint_plus_today,wifi_unique_devices__yesterday
wifi_unique_devices,tomorrow,morning,history_fingerprint_plus_today,wifi_unique_devices__roll7_mean
wifi_unique_devices,tomorrow,morning,history_fingerprint_plus_today,wifi_unique_devices__roll14_mean
wifi_unique_devices,tomorrow,morning,history_fingerprint_plus_today,wifi_unique_devices__roll42_mean
wifi_unique_devices,tomorrow,morning,history_fingerprint_plus_today,wifi_unique_devices__roll42_std
wifi_unique_devices,tomorrow,morning,history_fingerprint_plus_today,f_wifi:phone_wifi_connected_rapids_uniquedevices:morning
wifi_unique_devices,tomorrow,afternoon,calendar_only,weekday
wifi_unique_devices,tomorrow,afternoon,calendar_only,is_weekend
wifi_unique_devices,tomorrow,afternoon,calendar_only,study_day
wifi_unique_devices,tomorrow,afternoon,recent_history_only,weekday
wifi_unique_devices,tomorrow,afternoon,recent_history_only,is_weekend
wifi_unique_devices,tomorrow,afternoon,recent_history_only,study_day
wifi_unique_devices,tomorrow,afternoon,recent_history_only,wifi_unique_devices__yesterday
wifi_unique_devices,tomorrow,afternoon,recent_history_only,wifi_unique_devices__roll7_mean
wifi_unique_devices,tomorrow,afternoon,recent_history_only,wifi_unique_devices__roll14_mean
wifi_unique_devices,tomorrow,afternoon,fingerprint_42d_only,weekday
wifi_unique_devices,tomorrow,afternoon,fingerprint_42d_only,is_weekend
wifi_unique_devices,tomorrow,afternoon,fingerprint_42d_only,study_day
wifi_unique_devices,tomorrow,afternoon,fingerprint_42d_only,wifi_unique_devices__roll42_mean
wifi_unique_devices,tomorrow,afternoon,fingerprint_42d_only,wifi_unique_devices__roll42_std
wifi_unique_devices,tomorrow,afternoon,today_partial_only,weekday
wifi_unique_devices,tomorrow,afternoon,today_partial_only,is_weekend
wifi_unique_devices,tomorrow,afternoon,today_partial_only,study_day
wifi_unique_devices,tomorrow,afternoon,today_partial_only,f_wifi:phone_wifi_connected_rapids_uniquedevices:morning
wifi_unique_devices,tomorrow,afternoon,today_partial_only,f_wifi:phone_wifi_connected_rapids_uniquedevices:afternoon
wifi_unique_devices,tomorrow,afternoon,history_plus_fingerprint,weekday
wifi_unique_devices,tomorrow,afternoon,history_plus_fingerprint,is_weekend
wifi_unique_devices,tomorrow,afternoon,history_plus_fingerprint,study_day
wifi_unique_devices,tomorrow,afternoon,history_plus_fingerprint,wifi_unique_devices__yesterday
wifi_unique_devices,tomorrow,afternoon,history_plus_fingerprint,wifi_unique_devices__roll7_mean
wifi_unique_devices,tomorrow,afternoon,history_plus_fingerprint,wifi_unique_devices__roll14_mean
wifi_unique_devices,tomorrow,afternoon,history_plus_fingerprint,wifi_unique_devices__roll42_mean
wifi_unique_devices,tomorrow,afternoon,history_plus_fingerprint,wifi_unique_devices__roll42_std
wifi_unique_devices,tomorrow,afternoon,history_fingerprint_plus_today,weekday
wifi_unique_devices,tomorrow,afternoon,history_fingerprint_plus_today,is_weekend
wifi_unique_devices,tomorrow,afternoon,history_fingerprint_plus_today,study_day
wifi_unique_devices,tomorrow,afternoon,history_fingerprint_plus_today,wifi_unique_devices__yesterday
wifi_unique_devices,tomorrow,afternoon,history_fingerprint_plus_today,wifi_unique_devices__roll7_mean
wifi_unique_devices,tomorrow,afternoon,history_fingerprint_plus_today,wifi_unique_devices__roll14_mean
wifi_unique_devices,tomorrow,afternoon,history_fingerprint_plus_today,wifi_unique_devices__roll42_mean
wifi_unique_devices,tomorrow,afternoon,history_fingerprint_plus_today,wifi_unique_devices__roll42_std
wifi_unique_devices,tomorrow,afternoon,history_fingerprint_plus_today,f_wifi:phone_wifi_connected_rapids_uniquedevices:morning
wifi_unique_devices,tomorrow,afternoon,history_fingerprint_plus_today,f_wifi:phone_wifi_connected_rapids_uniquedevices:afternoon
wifi_unique_devices,tomorrow,evening,calendar_only,weekday
wifi_unique_devices,tomorrow,evening,calendar_only,is_weekend
wifi_unique_devices,tomorrow,evening,calendar_only,study_day
wifi_unique_devices,tomorrow,evening,recent_history_only,weekday
wifi_unique_devices,tomorrow,evening,recent_history_only,is_weekend
wifi_unique_devices,tomorrow,evening,recent_history_only,study_day
wifi_unique_devices,tomorrow,evening,recent_history_only,wifi_unique_devices__yesterday
wifi_unique_devices,tomorrow,evening,recent_history_only,wifi_unique_devices__roll7_mean
wifi_unique_devices,tomorrow,evening,recent_history_only,wifi_unique_devices__roll14_mean
wifi_unique_devices,tomorrow,evening,fingerprint_42d_only,weekday
wifi_unique_devices,tomorrow,evening,fingerprint_42d_only,is_weekend
wifi_unique_devices,tomorrow,evening,fingerprint_42d_only,study_day
wifi_unique_devices,tomorrow,evening,fingerprint_42d_only,wifi_unique_devices__roll42_mean
wifi_unique_devices,tomorrow,evening,fingerprint_42d_only,wifi_unique_devices__roll42_std
wifi_unique_devices,tomorrow,evening,today_partial_only,weekday
wifi_unique_devices,tomorrow,evening,today_partial_only,is_weekend
wifi_unique_devices,tomorrow,evening,today_partial_only,study_day
wifi_unique_devices,tomorrow,evening,today_partial_only,f_wifi:phone_wifi_connected_rapids_uniquedevices:morning
wifi_unique_devices,tomorrow,evening,today_partial_only,f_wifi:phone_wifi_connected_rapids_uniquedevices:afternoon
wifi_unique_devices,tomorrow,evening,today_partial_only,f_wifi:phone_wifi_connected_rapids_uniquedevices:evening
wifi_unique_devices,tomorrow,evening,history_plus_fingerprint,weekday
wifi_unique_devices,tomorrow,evening,history_plus_fingerprint,is_weekend
wifi_unique_devices,tomorrow,evening,history_plus_fingerprint,study_day
wifi_unique_devices,tomorrow,evening,history_plus_fingerprint,wifi_unique_devices__yesterday
wifi_unique_devices,tomorrow,evening,history_plus_fingerprint,wifi_unique_devices__roll7_mean
wifi_unique_devices,tomorrow,evening,history_plus_fingerprint,wifi_unique_devices__roll14_mean
wifi_unique_devices,tomorrow,evening,history_plus_fingerprint,wifi_unique_devices__roll42_mean
wifi_unique_devices,tomorrow,evening,history_plus_fingerprint,wifi_unique_devices__roll42_std
wifi_unique_devices,tomorrow,evening,history_fingerprint_plus_today,weekday
wifi_unique_devices,tomorrow,evening,history_fingerprint_plus_today,is_weekend
wifi_unique_devices,tomorrow,evening,history_fingerprint_plus_today,study_day
wifi_unique_devices,tomorrow,evening,history_fingerprint_plus_today,wifi_unique_devices__yesterday
wifi_unique_devices,tomorrow,evening,history_fingerprint_plus_today,wifi_unique_devices__roll7_mean
wifi_unique_devices,tomorrow,evening,history_fingerprint_plus_today,wifi_unique_devices__roll14_mean
wifi_unique_devices,tomorrow,evening,history_fingerprint_plus_today,wifi_unique_devices__roll42_mean
wifi_unique_devices,tomorrow,evening,history_fingerprint_plus_today,wifi_unique_devices__roll42_std
wifi_unique_devices,tomorrow,evening,history_fingerprint_plus_today,f_wifi:phone_wifi_connected_rapids_uniquedevices:morning
wifi_unique_devices,tomorrow,evening,history_fingerprint_plus_today,f_wifi:phone_wifi_connected_rapids_uniquedevices:afternoon
wifi_unique_devices,tomorrow,evening,history_fingerprint_plus_today,f_wifi:phone_wifi_connected_rapids_uniquedevices:evening
wifi_unique_devices,next_week,morning,calendar_only,weekday
wifi_unique_devices,next_week,morning,calendar_only,is_weekend
wifi_unique_devices,next_week,morning,calendar_only,study_day
wifi_unique_devices,next_week,morning,recent_history_only,weekday
wifi_unique_devices,next_week,morning,recent_history_only,is_weekend
wifi_unique_devices,next_week,morning,recent_history_only,study_day
wifi_unique_devices,next_week,morning,recent_history_only,wifi_unique_devices__yesterday
wifi_unique_devices,next_week,morning,recent_history_only,wifi_unique_devices__roll7_mean
wifi_unique_devices,next_week,morning,recent_history_only,wifi_unique_devices__roll14_mean
wifi_unique_devices,next_week,morning,fingerprint_42d_only,weekday
wifi_unique_devices,next_week,morning,fingerprint_42d_only,is_weekend
wifi_unique_devices,next_week,morning,fingerprint_42d_only,study_day
wifi_unique_devices,next_week,morning,fingerprint_42d_only,wifi_unique_devices__roll42_mean
wifi_unique_devices,next_week,morning,fingerprint_42d_only,wifi_unique_devices__roll42_std
wifi_unique_devices,next_week,morning,today_partial_only,weekday
wifi_unique_devices,next_week,morning,today_partial_only,is_weekend
wifi_unique_devices,next_week,morning,today_partial_only,study_day
wifi_unique_devices,next_week,morning,today_partial_only,f_wifi:phone_wifi_connected_rapids_uniquedevices:morning
wifi_unique_devices,next_week,morning,history_plus_fingerprint,weekday
wifi_unique_devices,next_week,morning,history_plus_fingerprint,is_weekend
wifi_unique_devices,next_week,morning,history_plus_fingerprint,study_day
wifi_unique_devices,next_week,morning,history_plus_fingerprint,wifi_unique_devices__yesterday
wifi_unique_devices,next_week,morning,history_plus_fingerprint,wifi_unique_devices__roll7_mean
wifi_unique_devices,next_week,morning,history_plus_fingerprint,wifi_unique_devices__roll14_mean
wifi_unique_devices,next_week,morning,history_plus_fingerprint,wifi_unique_devices__roll42_mean
wifi_unique_devices,next_week,morning,history_plus_fingerprint,wifi_unique_devices__roll42_std
wifi_unique_devices,next_week,morning,history_fingerprint_plus_today,weekday
wifi_unique_devices,next_week,morning,history_fingerprint_plus_today,is_weekend
wifi_unique_devices,next_week,morning,history_fingerprint_plus_today,study_day
wifi_unique_devices,next_week,morning,history_fingerprint_plus_today,wifi_unique_devices__yesterday
wifi_unique_devices,next_week,morning,history_fingerprint_plus_today,wifi_unique_devices__roll7_mean
wifi_unique_devices,next_week,morning,history_fingerprint_plus_today,wifi_unique_devices__roll14_mean
wifi_unique_devices,next_week,morning,history_fingerprint_plus_today,wifi_unique_devices__roll42_mean
wifi_unique_devices,next_week,morning,history_fingerprint_plus_today,wifi_unique_devices__roll42_std
wifi_unique_devices,next_week,morning,history_fingerprint_plus_today,f_wifi:phone_wifi_connected_rapids_uniquedevices:morning
wifi_unique_devices,next_week,afternoon,calendar_only,weekday
wifi_unique_devices,next_week,afternoon,calendar_only,is_weekend
wifi_unique_devices,next_week,afternoon,calendar_only,study_day
wifi_unique_devices,next_week,afternoon,recent_history_only,weekday
wifi_unique_devices,next_week,afternoon,recent_history_only,is_weekend
wifi_unique_devices,next_week,afternoon,recent_history_only,study_day
wifi_unique_devices,next_week,afternoon,recent_history_only,wifi_unique_devices__yesterday
wifi_unique_devices,next_week,afternoon,recent_history_only,wifi_unique_devices__roll7_mean
wifi_unique_devices,next_week,afternoon,recent_history_only,wifi_unique_devices__roll14_mean
wifi_unique_devices,next_week,afternoon,fingerprint_42d_only,weekday
wifi_unique_devices,next_week,afternoon,fingerprint_42d_only,is_weekend
wifi_unique_devices,next_week,afternoon,fingerprint_42d_only,study_day
wifi_unique_devices,next_week,afternoon,fingerprint_42d_only,wifi_unique_devices__roll42_mean
wifi_unique_devices,next_week,afternoon,fingerprint_42d_only,wifi_unique_devices__roll42_std
wifi_unique_devices,next_week,afternoon,today_partial_only,weekday
wifi_unique_devices,next_week,afternoon,today_partial_only,is_weekend
wifi_unique_devices,next_week,afternoon,today_partial_only,study_day
wifi_unique_devices,next_week,afternoon,today_partial_only,f_wifi:phone_wifi_connected_rapids_uniquedevices:morning
wifi_unique_devices,next_week,afternoon,today_partial_only,f_wifi:phone_wifi_connected_rapids_uniquedevices:afternoon
wifi_unique_devices,next_week,afternoon,history_plus_fingerprint,weekday
wifi_unique_devices,next_week,afternoon,history_plus_fingerprint,is_weekend
wifi_unique_devices,next_week,afternoon,history_plus_fingerprint,study_day
wifi_unique_devices,next_week,afternoon,history_plus_fingerprint,wifi_unique_devices__yesterday
wifi_unique_devices,next_week,afternoon,history_plus_fingerprint,wifi_unique_devices__roll7_mean
wifi_unique_devices,next_week,afternoon,history_plus_fingerprint,wifi_unique_devices__roll14_mean
wifi_unique_devices,next_week,afternoon,history_plus_fingerprint,wifi_unique_devices__roll42_mean
wifi_unique_devices,next_week,afternoon,history_plus_fingerprint,wifi_unique_devices__roll42_std
wifi_unique_devices,next_week,afternoon,history_fingerprint_plus_today,weekday
wifi_unique_devices,next_week,afternoon,history_fingerprint_plus_today,is_weekend
wifi_unique_devices,next_week,afternoon,history_fingerprint_plus_today,study_day
wifi_unique_devices,next_week,afternoon,history_fingerprint_plus_today,wifi_unique_devices__yesterday
wifi_unique_devices,next_week,afternoon,history_fingerprint_plus_today,wifi_unique_devices__roll7_mean
wifi_unique_devices,next_week,afternoon,history_fingerprint_plus_today,wifi_unique_devices__roll14_mean
wifi_unique_devices,next_week,afternoon,history_fingerprint_plus_today,wifi_unique_devices__roll42_mean
wifi_unique_devices,next_week,afternoon,history_fingerprint_plus_today,wifi_unique_devices__roll42_std
wifi_unique_devices,next_week,afternoon,history_fingerprint_plus_today,f_wifi:phone_wifi_connected_rapids_uniquedevices:morning
wifi_unique_devices,next_week,afternoon,history_fingerprint_plus_today,f_wifi:phone_wifi_connected_rapids_uniquedevices:afternoon
wifi_unique_devices,next_week,evening,calendar_only,weekday
wifi_unique_devices,next_week,evening,calendar_only,is_weekend
wifi_unique_devices,next_week,evening,calendar_only,study_day
wifi_unique_devices,next_week,evening,recent_history_only,weekday
wifi_unique_devices,next_week,evening,recent_history_only,is_weekend
wifi_unique_devices,next_week,evening,recent_history_only,study_day
wifi_unique_devices,next_week,evening,recent_history_only,wifi_unique_devices__yesterday
wifi_unique_devices,next_week,evening,recent_history_only,wifi_unique_devices__roll7_mean
wifi_unique_devices,next_week,evening,recent_history_only,wifi_unique_devices__roll14_mean
wifi_unique_devices,next_week,evening,fingerprint_42d_only,weekday
wifi_unique_devices,next_week,evening,fingerprint_42d_only,is_weekend
wifi_unique_devices,next_week,evening,fingerprint_42d_only,study_day
wifi_unique_devices,next_week,evening,fingerprint_42d_only,wifi_unique_devices__roll42_mean
wifi_unique_devices,next_week,evening,fingerprint_42d_only,wifi_unique_devices__roll42_std
wifi_unique_devices,next_week,evening,today_partial_only,weekday
wifi_unique_devices,next_week,evening,today_partial_only,is_weekend
wifi_unique_devices,next_week,evening,today_partial_only,study_day
wifi_unique_devices,next_week,evening,today_partial_only,f_wifi:phone_wifi_connected_rapids_uniquedevices:morning
wifi_unique_devices,next_week,evening,today_partial_only,f_wifi:phone_wifi_connected_rapids_uniquedevices:afternoon
wifi_unique_devices,next_week,evening,today_partial_only,f_wifi:phone_wifi_connected_rapids_uniquedevices:evening
wifi_unique_devices,next_week,evening,history_plus_fingerprint,weekday
wifi_unique_devices,next_week,evening,history_plus_fingerprint,is_weekend
wifi_unique_devices,next_week,evening,history_plus_fingerprint,study_day
wifi_unique_devices,next_week,evening,history_plus_fingerprint,wifi_unique_devices__yesterday
wifi_unique_devices,next_week,evening,history_plus_fingerprint,wifi_unique_devices__roll7_mean
wifi_unique_devices,next_week,evening,history_plus_fingerprint,wifi_unique_devices__roll14_mean
wifi_unique_devices,next_week,evening,history_plus_fingerprint,wifi_unique_devices__roll42_mean
wifi_unique_devices,next_week,evening,history_plus_fingerprint,wifi_unique_devices__roll42_std
wifi_unique_devices,next_week,evening,history_fingerprint_plus_today,weekday
wifi_unique_devices,next_week,evening,history_fingerprint_plus_today,is_weekend
wifi_unique_devices,next_week,evening,history_fingerprint_plus_today,study_day
wifi_unique_devices,next_week,evening,history_fingerprint_plus_today,wifi_unique_devices__yesterday
wifi_unique_devices,next_week,evening,history_fingerprint_plus_today,wifi_unique_devices__roll7_mean
wifi_unique_devices,next_week,evening,history_fingerprint_plus_today,wifi_unique_devices__roll14_mean
wifi_unique_devices,next_week,evening,history_fingerprint_plus_today,wifi_unique_devices__roll42_mean
wifi_unique_devices,next_week,evening,history_fingerprint_plus_today,wifi_unique_devices__roll42_std
wifi_unique_devices,next_week,evening,history_fingerprint_plus_today,f_wifi:phone_wifi_connected_rapids_uniquedevices:morning
wifi_unique_devices,next_week,evening,history_fingerprint_plus_today,f_wifi:phone_wifi_connected_rapids_uniquedevices:afternoon
wifi_unique_devices,next_week,evening,history_fingerprint_plus_today,f_wifi:phone_wifi_connected_rapids_uniquedevices:evening
